29.329601287841797	100.63656616210938	1132.5035400390625	545.0197143554688	10.665175437927246	350.73260498046875	1044.8858642578125	308.9225158691406	21.69968032836914	405.4868469238281	1182.1806640625	340.07830810546875	38.820560455322266	526.732421875	1168.080322265625	129.03134155273438	0.0	576.6549682617188	394.6912536621094	197.2443389892578	9.791642189025879	536.580322265625	371.0973815917969	189.13796997070312	12.331562995910645	592.2971801757812	421.160888671875	167.21417236328125	119.71196746826172	481.4422302246094	321.53778076171875	126.6080551147461	0.0	0.0	164.40084838867188	73.25836944580078	37.820560455322266	52.31036376953125	211.46421813964844	39.60210037231445	7.797089099884033	10.845541954040527	177.1923065185547	46.56101989746094	0.0	103.17639923095703	184.66026306152344	12.599620819091797	40.022640228271484	113.10403442382812	4.731947422027588	0.0	87.06281280517578	103.18333435058594	0.0	0.0	60.45524978637695	102.19664764404297	0.0	0.0	102.78963470458984	148.9756317138672	52.30961608886719	0.0	0.0	0.0	46.818809509277344	86.74042510986328	0.0	0.0	62.33318328857422	62.47844696044922	0.0	0.0	102.41043090820312	32.409515380859375	0.0	0.0	74.59893798828125	15.201062202453613	4.562514305114746	0.0	0.0	0.2549856901168823	0.0	0.0	0.0	0.0	0.0	0.0	0.0	6.289637565612793	14.831005096435547	0.0	0.0	7.327489852905273	0.0	0.0	0.0	0.0	0.0	0.0	0.0	26.91652488708496	0.0	0.0	0.0	28.122629165649414	0.0	0.0	15.072224617004395	63.210636138916016	9.760034561157227	91.7493667602539	150.6343231201172	67.26565551757812	0.0	121.215576171875	168.51593017578125	85.70233154296875	0.0	147.87684631347656	162.79623413085938	102.0974349975586	23.456619262695312	202.6512451171875	257.5992126464844	139.68946838378906	0.8035799860954285	0.0	0.0	21.28653907775879	0.0	0.0	0.0	49.331417083740234	0.0	0.0	0.0	39.73516082763672	0.0	0.0	0.0	35.71382141113281	35.83835220336914	150.42637634277344	240.43417358398438	101.2032470703125	116.62744903564453	366.3613586425781	253.15309143066406	53.9118537902832	98.84889221191406	279.5273132324219	166.025146484375	9.210182189941406	120.35222625732422	283.7358093261719	276.37445068359375	33.409664154052734	130.57826232910156	275.9703674316406	203.70556640625	213.0326385498047	133.98587036132812	265.685546875	177.36178588867188	198.33981323242188	161.04922485351562	299.782470703125	174.08380126953125	246.6728515625	277.5958557128906	476.0414123535156	419.7089538574219	371.5592956542969	6.127049446105957	60.57645034790039	198.39065551757812	0.0	4.526086330413818	121.43907165527344	200.4121551513672	0.0	17.887020111083984	139.2938232421875	136.0511474609375	0.0	12.699193954467773	201.40008544921875	120.81383514404297	0.0	51.49683380126953	107.08220672607422	178.23606872558594	24.390270233154297	128.08956909179688	185.9547882080078	150.32888793945312	30.113283157348633	99.3720474243164	131.6387481689453	161.99765014648438	33.56864929199219	255.6954803466797	307.2304992675781	289.3802185058594	86.13945770263672	0.0	211.1531524658203	212.24192810058594	37.716392517089844	0.0	256.906494140625	202.9926300048828	56.460750579833984	0.0	262.5373840332031	169.55787658691406	20.93634796142578	0.0	288.45013427734375	84.3548355102539	40.376625061035156	44.17994689941406	256.6597900390625	224.6151123046875	28.721073150634766	37.74851608276367	184.19712829589844	276.9407043457031	20.17841148376465	46.01633834838867	235.2687225341797	261.92926025390625	0.0	38.793704986572266	127.2147445678711	88.2361068725586	0.0	0.0	0.0	169.78036499023438	169.76242065429688	0.0	0.0	194.4640655517578	171.0933380126953	1.0759267807006836	0.0	180.94149780273438	146.73165893554688	0.0	0.0	172.3218231201172	136.59413146972656
247.33889770507812	1150.042236328125	938.1995239257812	799.306396484375	539.6483154296875	902.6831665039062	1278.3807373046875	1231.2298583984375	85.98551940917969	1058.42529296875	1642.6378173828125	650.1895141601562	407.5848693847656	1593.6171875	1234.843017578125	464.892822265625	735.0989379882812	636.3619995117188	614.353759765625	351.28857421875	171.08619689941406	701.2880859375	703.8108520507812	420.6094665527344	553.5203857421875	740.6613159179688	471.77496337890625	179.15060424804688	646.4697875976562	559.1417846679688	772.9176025390625	719.7504272460938	58.49020004272461	403.4319152832031	105.72817993164062	195.55966186523438	331.6445617675781	366.8085632324219	304.6721496582031	210.32537841796875	85.2857437133789	181.0587615966797	333.8508605957031	144.7581024169922	0.0	224.22885131835938	86.9324951171875	0.0	186.63430786132812	192.1998748779297	213.5912322998047	15.343911170959473	93.98961639404297	82.90185546875	77.03069305419922	27.632349014282227	126.4893569946289	148.25709533691406	0.0	0.0	225.8140106201172	143.94297790527344	303.39361572265625	195.22967529296875	0.0	0.0	0.0	81.49105072021484	0.0	0.0	0.0	87.51828002929688	0.0	0.0	0.0	13.356283187866211	0.0	0.0	0.0	0.0	7.524532318115234	0.0	81.96842193603516	0.0	0.0	43.02608871459961	0.0	6.823310375213623	11.742441177368164	6.217060565948486	1.4926162958145142	49.636016845703125	13.986031532287598	101.85888671875	30.91411018371582	19.75674057006836	0.0	0.0	0.0	0.0	0.0	0.0	3.522563934326172	29.118492126464844	0.0	0.0	0.0	36.634029388427734	0.0	0.0	0.0	0.0	161.26901245117188	277.2104187011719	266.36749267578125	137.24154663085938	153.16062927246094	173.917236328125	233.5731964111328	177.1663055419922	150.53126525878906	148.70419311523438	194.859130859375	182.68373107910156	244.2047576904297	500.7522277832031	534.7754516601562	465.95849609375	0.0	0.0	0.0	0.0	0.0	0.0	0.0	0.0	0.0	0.0	0.0	17.52275276184082	0.0	0.0	0.0	0.0	276.9242248535156	1099.0472412109375	1008.5065307617188	411.70184326171875	833.26708984375	1003.3168334960938	350.402099609375	257.8374328613281	243.23822021484375	313.3168640136719	595.0827026367188	389.6290283203125	95.22688293457031	428.0619812011719	465.2037048339844	44.82267379760742	548.734375	774.5809936523438	835.3020629882812	392.7298278808594	350.29510498046875	593.9069213867188	599.03173828125	335.56524658203125	211.8628692626953	331.689208984375	303.4336853027344	344.8421630859375	730.3817138671875	1001.06396484375	1186.7386474609375	932.4365234375	54.23058319091797	20.896493911743164	39.05168914794922	13.285652160644531	49.86934280395508	68.89617919921875	0.0	0.0	38.26045608520508	29.95844268798828	0.0	0.0	89.27381896972656	165.9903106689453	33.2591438293457	76.9525146484375	589.86474609375	800.5806274414062	713.1622924804688	233.56333923339844	506.4090576171875	356.4471130371094	182.3396453857422	147.67074584960938	86.24330139160156	352.8229675292969	288.3917541503906	200.9185333251953	622.1312866210938	650.6714477539062	562.952880859375	550.76416015625	163.7836151123047	35.120323181152344	508.8279113769531	368.804931640625	199.5707550048828	172.9324951171875	401.14404296875	192.56063842773438	0.0	264.1109924316406	280.0882263183594	192.8399658203125	65.5240707397461	63.76506042480469	0.0	98.82360076904297	332.147216796875	184.66685485839844	247.11160278320312	243.19879150390625	0.0	518.6985473632812	505.72467041015625	36.9178466796875	460.397216796875	553.4754028320312	96.76583862304688	244.0519561767578	323.7375183105469	127.90172576904297	346.0624084472656	419.88037109375	0.0	253.50869750976562	162.8334503173828	163.94895935058594	302.84027099609375	251.55694580078125	209.8941192626953	230.3336639404297	169.68128967285156	64.90351104736328	315.1230773925781	191.3539276123047	0.0	183.00387573242188	186.83389282226562	16.17807388305664
441.6581115722656	765.6356811523438	1147.3753662109375	1005.0700073242188	611.8866577148438	764.1722412109375	966.6536865234375	184.8851318359375	238.77587890625	1063.1702880859375	560.3892211914062	331.0956115722656	573.9736938476562	1039.7861328125	13.533456802368164	851.3107299804688	479.9170227050781	797.3726806640625	704.379150390625	290.978515625	513.1060180664062	494.24371337890625	452.9429016113281	327.05419921875	597.6737060546875	399.2332458496094	321.866455078125	426.1327209472656	296.8905334472656	404.63299560546875	849.1388549804688	760.5762329101562	0.0	46.49661636352539	324.4347229003906	155.32485961914062	128.5675506591797	189.86585998535156	261.6239013671875	24.09832000732422	152.7952423095703	301.9927978515625	73.70386505126953	51.64083480834961	109.45770263671875	187.90667724609375	69.36600494384766	143.76051330566406	141.67965698242188	241.61346435546875	182.84376525878906	53.56658935546875	80.02889251708984	40.53048324584961	34.79566955566406	0.0	133.65138244628906	88.53382110595703	187.2748565673828	154.8368682861328	112.1491470336914	211.64544677734375	178.13946533203125	139.77027893066406	0.0	0.0	0.22922383248806	24.14916229248047	0.0	0.0	20.30608558654785	38.068782806396484	0.0	67.45840454101562	8.03523063659668	0.0	0.0	0.0	0.0	29.332834243774414	11.492646217346191	67.92686462402344	31.879135131835938	38.6079216003418	91.89319610595703	14.333904266357422	18.97106170654297	17.504974365234375	11.427898406982422	0.0	149.34906005859375	88.87897491455078	38.797847747802734	63.15239334106445	47.33525085449219	50.373817443847656	0.0	0.0	0.0	4.469329357147217	0.0	0.0	0.0	30.69833755493164	0.0	0.0	0.0	0.0	0.0	0.0	0.0	2.364454746246338	171.76226806640625	219.0758819580078	231.7972869873047	195.09837341308594	207.50083923339844	262.0346984863281	413.97808837890625	348.45611572265625	171.89988708496094	336.4311828613281	293.1807556152344	327.5390319824219	210.2799072265625	488.47259521484375	549.1184692382812	357.5617980957031	0.0	0.0	0.0	0.0	0.0	0.0	0.0	0.0	0.0	0.0	0.0	0.0	0.0	0.0	0.0	0.0	176.48809814453125	654.2908935546875	719.971435546875	500.9162902832031	710.0155639648438	781.202392578125	639.6166381835938	327.5708312988281	461.0820007324219	765.495849609375	789.375244140625	448.7657775878906	432.8007507324219	533.1092529296875	756.8214721679688	614.16064453125	554.8421020507812	687.175537109375	542.8131103515625	364.1113586425781	670.5972290039062	839.3190307617188	726.7101440429688	527.0184326171875	410.2992248535156	518.1997680664062	805.4916381835938	673.3966674804688	573.3768310546875	1004.174560546875	1214.6092529296875	778.4913330078125	110.3622817993164	18.540241241455078	0.0	0.0	125.58164978027344	45.15283966064453	57.685062408447266	0.0	60.7209358215332	50.101654052734375	0.0	54.80733108520508	199.378173828125	151.39817810058594	40.09507369995117	49.32447814941406	557.7449340820312	694.3110961914062	549.4823608398438	287.5259094238281	522.6443481445312	387.13665771484375	126.27847290039062	90.4419937133789	386.8538818359375	480.7738952636719	616.5221557617188	518.8313598632812	473.93939208984375	461.9197082519531	465.6687316894531	423.858642578125	0.0	156.42071533203125	190.16976928710938	41.346290588378906	118.9805679321289	256.6890563964844	294.33184814453125	160.3274383544922	145.61004638671875	228.33685302734375	273.3747863769531	219.94094848632812	135.00506591796875	0.0	242.23731994628906	434.2984313964844	383.97564697265625	443.3990783691406	304.3280944824219	0.0	159.88966369628906	256.81231689453125	125.03739166259766	216.3347625732422	174.60244750976562	103.14728546142578	223.4560089111328	398.6109619140625	0.0	201.9202117919922	292.9302673339844	256.0754699707031	0.0	0.0	219.9021759033203	213.44754028320312	82.55775451660156	175.5662841796875	322.00732421875	154.60609436035156	66.64585876464844	283.663330078125	67.90743255615234	0.0	54.74555587768555	186.48529052734375	168.40374755859375	88.23735046386719
403.10760498046875	567.1142578125	627.3944702148438	809.6495971679688	632.4993286132812	577.23095703125	355.4388122558594	977.3621826171875	0.0	0.0	1298.6998291015625	1425.1201171875	38.65690231323242	153.7059326171875	1497.8634033203125	1064.237548828125	867.5318603515625	819.7174072265625	859.6851196289062	625.7142944335938	404.0214538574219	123.40730285644531	736.8231201171875	548.8110961914062	66.66275024414062	613.65380859375	788.3858032226562	456.476806640625	11.47155475616455	615.0067749023438	536.366943359375	260.0240478515625	0.0	0.0	24.295923233032227	113.62853240966797	506.866455078125	462.8995361328125	249.0531768798828	217.9976806640625	272.0308532714844	99.58979797363281	238.8138885498047	268.5186462402344	0.0	0.0	339.7906188964844	224.41326904296875	294.16668701171875	437.2875061035156	370.489501953125	182.13304138183594	394.0191650390625	251.72601318359375	78.85868835449219	0.0	92.38414764404297	155.3470001220703	191.4629364013672	24.95626449584961	62.834712982177734	130.16339111328125	36.377437591552734	0.0	0.0	0.0	0.0	0.0	17.310638427734375	0.0	0.0	117.22048950195312	0.0	0.0	0.0	80.83495330810547	0.0	0.0	2.2335398197174072	46.1604118347168	63.317298889160156	60.89453125	119.32819366455078	83.784423828125	45.070796966552734	13.87169075012207	46.59066390991211	0.0	0.1917107254266739	9.484353065490723	0.0	0.0	4.587469577789307	3.9019038677215576	0.0	0.0	0.0	0.0	0.0	0.0	0.0	0.0	0.0	0.0	64.07679748535156	8.611770629882812	0.0	13.389206886291504	0.0	0.0	0.0	48.01130294799805	398.34735107421875	414.65380859375	408.8892822265625	391.6044921875	166.44627380371094	164.64239501953125	236.66444396972656	189.2054901123047	148.27151489257812	186.21511840820312	248.14395141601562	169.8173065185547	15.27992057800293	116.23957061767578	248.07925415039062	126.71417999267578	0.0	0.0	0.0	0.0	0.0	0.0	0.0	0.0	24.52803611755371	15.026597023010254	21.191112518310547	0.0	0.0	0.0	0.0	0.0	11.515273094177246	165.8471221923828	649.758544921875	512.72412109375	1487.0052490234375	1429.5548095703125	1521.8255615234375	784.5852661132812	693.1825561523438	325.2022399902344	345.5184020996094	387.481201171875	56.51171112060547	299.6484069824219	430.6111145019531	372.49224853515625	867.363037109375	830.2572631835938	747.7498168945312	490.3892517089844	755.1204223632812	826.9501953125	891.332763671875	495.0313720703125	397.78289794921875	368.1181335449219	394.6614685058594	300.7056579589844	134.86911010742188	415.9809265136719	424.4024353027344	335.1903381347656	121.54195404052734	85.02411651611328	34.86794662475586	69.61224365234375	0.0	0.0	35.4063720703125	58.891624450683594	0.0	0.0	79.9137954711914	0.0	4.768497467041016	76.98966979980469	200.81068420410156	0.0	653.7389526367188	1085.9970703125	1096.43408203125	603.1513061523438	1271.5958251953125	1152.918212890625	651.2330932617188	115.1590805053711	29.3668270111084	180.50413513183594	242.29376220703125	140.42184448242188	79.40748596191406	255.48025512695312	286.053466796875	78.16394805908203	0.0	0.0	0.0	12.746542930603027	267.3167419433594	232.9814910888672	513.5093383789062	424.2955322265625	109.90251159667969	0.0	278.3977966308594	160.5983123779297	0.0	167.724365234375	264.96051025390625	16.557857513427734	453.767578125	441.49322509765625	379.162109375	325.7897033691406	0.0	0.0	437.13623046875	304.6290283203125	148.10768127441406	360.45831298828125	500.0482177734375	156.62364196777344	63.507781982421875	203.31280517578125	162.34475708007812	0.0	0.0	0.0	0.0	78.98516845703125	379.8802490234375	457.14410400390625	178.5204620361328	199.74029541015625	448.5305480957031	248.00466918945312	157.9100341796875	251.0704345703125	18.692298889160156	0.0	259.9465637207031	290.39093017578125
97.2547607421875	973.02392578125	1335.6407470703125	1102.9796142578125	998.1032104492188	1497.073486328125	1059.6817626953125	507.15838623046875	1486.04150390625	1124.90478515625	1041.033203125	844.0299682617188	776.7507934570312	769.9661865234375	1086.7740478515625	799.1387329101562	720.9666137695312	834.0599365234375	738.7613525390625	245.1387176513672	679.9838256835938	458.802734375	699.4412231445312	815.88134765625	394.8478698730469	792.4190673828125	741.3338012695312	738.7449340820312	668.8034057617188	850.4169311523438	768.1244506835938	270.6724548339844	0.0	233.3461456298828	530.1138305664062	400.6267395019531	297.680419921875	467.3273620605469	393.71942138671875	0.0	366.60491943359375	210.23143005371094	50.70874786376953	296.0495300292969	0.0	229.7150115966797	420.1062316894531	367.3363037109375	133.65731811523438	152.25311279296875	193.16677856445312	73.46870422363281	131.1451873779297	22.356576919555664	78.60394287109375	194.9014129638672	0.0	70.01972961425781	215.6171112060547	243.92259216308594	377.5393371582031	408.39019775390625	163.98597717285156	35.955413818359375	0.0	0.0	0.0	0.0	0.0	0.0	0.0	0.0	0.0	0.0	0.0	0.0	36.72037124633789	31.132835388183594	0.0	64.4288330078125	0.0	0.0	0.0	69.99005889892578	0.0	0.0	0.0	0.7740074396133423	0.0	31.282562255859375	0.0	15.933721542358398	87.01722717285156	40.73276901245117	11.780421257019043	72.73809051513672	0.0	0.0	0.0	0.0	0.0	0.0	0.0	0.0	0.0	0.0	0.0	0.0	0.0	0.0	21.883174896240234	41.226436614990234	139.29678344726562	183.21804809570312	297.1865234375	263.1544494628906	116.34700775146484	298.66119384765625	318.1898498535156	366.5426940917969	349.3620300292969	410.4960021972656	394.6412658691406	322.26416015625	416.2831726074219	446.0895080566406	405.00634765625	319.1185607910156	19.769306182861328	0.0	0.0	0.0	0.0	0.0	0.0	0.0	0.0	0.0	0.0	0.0	0.0	0.0	0.0	0.0	94.89935302734375	371.93768310546875	1296.984619140625	1215.4903564453125	480.84844970703125	939.3057250976562	1068.4249267578125	315.8734436035156	649.7284545898438	633.913818359375	457.0977478027344	789.952392578125	535.2822265625	893.931396484375	1095.8719482421875	909.5320434570312	389.51556396484375	533.6106567382812	641.5363159179688	665.5081176757812	390.1607971191406	518.4934692382812	660.7915649414062	589.5548095703125	607.9548950195312	882.067626953125	943.9593505859375	902.6004028320312	1022.3825073242188	1217.9393310546875	988.677001953125	782.631591796875	77.29939270019531	82.17605590820312	0.0	0.0	61.41460037231445	0.0	0.0	0.0	238.40481567382812	9.460357666015625	37.83417892456055	0.0	199.1158905029297	14.928866386413574	0.0	0.0	155.20327758789062	643.4159545898438	936.5073852539062	821.1062622070312	418.7036437988281	549.10009765625	190.90570068359375	310.9116516113281	333.1871032714844	193.76173400878906	545.43798828125	639.7741088867188	1076.421630859375	1199.3466796875	950.5370483398438	635.3419189453125	15.623738288879395	159.80398559570312	138.77964782714844	257.51513671875	175.17041015625	181.0914306640625	30.959924697875977	183.0563201904297	171.9763641357422	32.49326705932617	202.66455078125	166.95040893554688	77.61493682861328	167.0665283203125	66.94434356689453	115.33403778076172	552.85595703125	606.7525634765625	61.09835433959961	247.38421630859375	427.43707275390625	38.68190383911133	620.606689453125	593.1582641601562	228.8251495361328	450.7203063964844	550.0769653320312	269.4267578125	336.51898193359375	365.63641357421875	0.0	0.0	0.0	2.1046674251556396	413.16302490234375	441.8741455078125	95.48719024658203	371.3296203613281	390.5438232421875	197.331298828125	315.649658203125	291.4692077636719	24.730228424072266	215.66929626464844	0.0	13.917247772216797	319.98431396484375	381.86248779296875
98.95904541015625	1126.8775634765625	727.023681640625	695.8992309570312	764.4158935546875	1232.7276611328125	853.58447265625	1346.15380859375	594.9523315429688	531.4978637695312	1358.7149658203125	1215.411376953125	204.64932250976562	156.05133056640625	936.3240966796875	454.4728698730469	562.5126342773438	587.9354858398438	508.2679138183594	297.009765625	467.3839416503906	644.9320068359375	817.4815063476562	462.5085754394531	318.4922180175781	778.3966674804688	732.6957397460938	313.6494445800781	115.08980560302734	626.3924560546875	459.9613952636719	217.77301025390625	0.0	345.46575927734375	97.39093780517578	112.46190643310547	152.5708465576172	335.4808654785156	179.1349639892578	203.8707275390625	38.0076904296875	47.991024017333984	278.8305358886719	178.75474548339844	266.06414794921875	228.00794982910156	257.8159484863281	83.62353515625	141.53562927246094	152.8920135498047	212.9613037109375	61.61707305908203	43.06049728393555	61.993309020996094	41.291934967041016	8.862747192382812	212.1967010498047	274.3783874511719	110.28278350830078	0.0	25.65827751159668	70.3694839477539	3.502865791320801	4.619406700134277	0.0	0.0	0.0	48.95957565307617	0.0	0.0	0.0	87.33580017089844	0.0	13.208168029785156	0.0	50.24691390991211	0.0	0.0	88.1788558959961	92.3587875366211	0.0	0.0	107.63916015625	3.102003574371338	0.0	0.0	0.0	2.725724458694458	44.00750732421875	17.706947326660156	28.829465866088867	0.0	44.657203674316406	44.53409194946289	3.172884702682495	1.1839863061904907	0.0	0.0	0.0	0.0	0.0	0.0	0.0	2.2632508277893066	0.0	0.0	0.0	44.70339584350586	0.0	0.0	42.74752426147461	38.331180572509766	99.8916015625	109.23176574707031	231.4298858642578	211.92784118652344	195.13168334960938	283.5906066894531	305.5716247558594	147.9072723388672	262.8983154296875	304.96160888671875	307.7866516113281	151.2298126220703	142.86785888671875	263.25152587890625	296.17242431640625	129.2720489501953	0.0	0.0	0.0	0.0	0.0	0.0	0.0	0.0	0.0	0.0	0.0	0.0	0.0	0.0	0.0	12.65740966796875	82.25926208496094	811.0935668945312	933.4119873046875	382.31585693359375	233.5261688232422	614.3807373046875	490.1181335449219	253.69158935546875	457.3465576171875	640.138671875	646.6253662109375	352.86865234375	800.5670166015625	1094.1983642578125	811.85986328125	208.41336059570312	253.23590087890625	443.96728515625	645.3991088867188	372.2093200683594	415.0489196777344	627.4490966796875	624.0988159179688	234.32359313964844	644.0899658203125	827.7068481445312	772.1871948242188	295.3426818847656	418.8370666503906	699.9906005859375	575.9093627929688	327.1679992675781	60.673614501953125	0.0	28.2116641998291	13.587140083312988	249.9795379638672	99.85977935791016	42.616615295410156	0.0	170.2351837158203	40.85225296020508	72.154541015625	0.0	12.279104232788086	10.669708251953125	102.90101623535156	0.0	246.46221923828125	561.1432495117188	588.0535278320312	250.9794464111328	177.14981079101562	115.440673828125	127.05268859863281	45.36572265625	680.8224487304688	835.3945922851562	592.3427734375	134.1735076904297	480.7988586425781	525.736572265625	189.77854919433594	76.08478546142578	129.41033935546875	65.42241668701172	358.13824462890625	275.7517395019531	165.03756713867188	0.0	494.5518798828125	326.0135803222656	111.02259063720703	68.39805603027344	270.7021484375	0.0	56.965484619140625	336.8580627441406	448.51129150390625	37.3197021484375	366.7238464355469	343.9003601074219	268.0205383300781	349.4929504394531	103.5041275024414	398.02191162109375	374.23406982421875	168.24575805664062	66.626953125	313.3362121582031	159.4846649169922	47.21044158935547	0.0	185.31114196777344	125.97701263427734	22.91170883178711	0.0	225.1012420654297	124.12102508544922	110.72174835205078	0.8761938214302063	324.6268310546875	107.61732482910156	225.88296508789062	26.10256576538086	0.0	170.1816864013672	229.7103271484375	260.3595275878906	161.96600341796875	235.70852661132812	219.7720947265625
74.6785659790039	504.1226501464844	664.9835815429688	858.2792358398438	142.57020568847656	801.3365478515625	981.614990234375	760.5064697265625	244.50668334960938	593.0075073242188	34.227500915527344	526.4669189453125	426.24609375	532.8443603515625	682.899169921875	1055.2789306640625	331.3175354003906	712.8632202148438	921.3776245117188	397.9687805175781	535.5474853515625	720.2703857421875	631.9736938476562	316.2363586425781	175.91163635253906	286.67352294921875	507.1607360839844	341.7008361816406	332.2661437988281	697.0514526367188	772.1170654296875	537.9823608398438	33.342185974121094	87.94317626953125	139.73690795898438	176.5078125	0.0	286.40484619140625	289.2962951660156	70.29277801513672	343.11431884765625	522.4458618164062	238.76864624023438	88.37914276123047	0.0	0.0	89.09935760498047	176.50401306152344	42.694236755371094	73.43740844726562	68.77678680419922	41.97408676147461	244.8076171875	254.23204040527344	255.5421905517578	49.52220916748047	9.103987693786621	0.0	76.45903015136719	0.0	138.28765869140625	262.8847351074219	155.57296752929688	124.81478118896484	0.0	0.0	0.0	103.49458312988281	3.2794318199157715	0.0	31.40988540649414	102.0042724609375	0.0	0.0	0.0	68.76333618164062	0.0	7.406630039215088	0.0	84.3965835571289	0.0	0.0	23.5074520111084	21.52825927734375	19.39617156982422	56.33212661743164	65.0009536743164	15.183906555175781	0.0	25.29708480834961	29.865400314331055	0.0	32.80705642700195	13.010719299316406	18.643884658813477	60.32625198364258	0.0	0.0	0.0	6.079999923706055	0.0	0.0	0.0	0.0	0.0	0.0	17.44979476928711	30.859289169311523	0.0	0.0	0.0	0.0	221.29653930664062	410.50372314453125	365.609375	196.78408813476562	111.91793823242188	301.56939697265625	417.6656799316406	241.42198181152344	202.31370544433594	184.65826416015625	225.48345947265625	139.4749298095703	312.25537109375	433.1308898925781	435.0386657714844	241.59841918945312	0.0	0.0	0.0	0.0	0.0	0.0	0.0	0.0	0.0	0.0	0.0	0.0	0.0	0.0	0.0	0.0	276.6288146972656	780.8702392578125	876.28857421875	374.2849426269531	471.51226806640625	1052.2490234375	1112.0853271484375	295.85382080078125	855.2374877929688	1292.6617431640625	1068.8023681640625	200.38514709472656	157.076904296875	16.3876895904541	35.379398345947266	162.04566955566406	438.7614440917969	932.2428588867188	801.9583740234375	377.07855224609375	567.3746337890625	760.0120239257812	724.0756225585938	430.2246398925781	365.8791809082031	539.4376220703125	554.23828125	305.89154052734375	592.4846801757812	960.8556518554688	847.04541015625	366.6977844238281	99.49392700195312	168.74586486816406	80.25498962402344	0.0	20.83319091796875	80.48223876953125	80.82962036132812	13.452628135681152	98.15735626220703	0.0	34.10207748413086	43.29863357543945	176.27259826660156	105.44869232177734	38.73878860473633	22.507225036621094	196.91162109375	509.1089172363281	422.0173645019531	154.85403442382812	773.1866455078125	1057.291748046875	626.71142578125	177.2362060546875	411.6377258300781	431.4207763671875	161.1224365234375	117.94108581542969	374.82708740234375	469.1832275390625	553.8991088867188	420.8472900390625	0.0	122.80384826660156	318.3268127441406	151.90911865234375	148.87522888183594	180.71731567382812	158.75772094726562	57.20285415649414	141.94175720214844	272.03875732421875	455.19378662109375	286.9228515625	29.63868522644043	0.0	193.90879821777344	103.96680450439453	229.8385772705078	315.4295349121094	320.9286193847656	97.584716796875	181.32220458984375	210.50460815429688	116.73554229736328	158.60166931152344	23.841453552246094	208.98394775390625	415.5794372558594	292.84503173828125	230.321044921875	443.2552490234375	461.3403015136719	93.18655395507812	0.0	128.6516876220703	145.67189025878906	188.64576721191406	0.0	7.113587379455566	130.4573516845703	152.55177307128906	296.1855773925781	443.055908203125	275.1683654785156	85.05712127685547	0.0	6.301761627197266	0.0	138.9425048828125
162.5895538330078	1263.869873046875	953.6927490234375	28.50975227355957	819.4657592773438	1378.3392333984375	160.1331329345703	168.50875854492188	596.6136474609375	680.4993286132812	540.4432983398438	299.3959045410156	301.45965576171875	546.37841796875	150.4634552001953	676.3917846679688	601.1790161132812	499.41424560546875	122.2815170288086	103.00678253173828	481.2861022949219	342.0544128417969	372.5592956542969	317.5539245605469	466.3048095703125	563.3251953125	461.3419189453125	423.7266540527344	217.81646728515625	351.4444580078125	699.8444213867188	784.97705078125	0.0	355.08929443359375	420.40789794921875	308.1186218261719	127.6375961303711	260.52978515625	4.953301906585693	11.696386337280273	4.827321529388428	44.33203887939453	0.0	0.0	136.49615478515625	216.60382080078125	31.879560470581055	160.66946411132812	94.33048248291016	0.0	0.0	29.26742935180664	59.699066162109375	0.0	5.739832878112793	28.396387100219727	140.87489318847656	291.73187255859375	208.76956176757812	178.98915100097656	114.43186950683594	221.62127685546875	340.0569152832031	288.19061279296875	0.0	0.0	0.0	7.188979148864746	0.0	0.0	0.0	6.092614650726318	0.0	0.0	0.0	0.0	0.0	0.0	0.0	45.53865432739258	0.0	0.0	14.517013549804688	21.419803619384766	0.0	24.758129119873047	0.0	9.01708984375	60.322784423828125	0.0	94.72164916992188	110.35264587402344	63.55260467529297	44.79090881347656	78.29267883300781	79.64854431152344	0.0	0.0	34.158870697021484	70.9529037475586	0.0	0.0	42.69963455200195	0.0	0.0	0.0	0.0	0.0	0.0	0.0	0.0	0.0	79.78276062011719	120.06533813476562	161.3373565673828	110.5499038696289	216.3922119140625	309.27655029296875	318.1484375	181.21348571777344	280.1961364746094	274.4019470214844	301.7315979003906	329.48077392578125	125.50093841552734	442.3441162109375	524.1002807617188	358.0487060546875	0.0	0.0	0.0	1.0912163257598877	0.0	0.0	20.09898567199707	28.868335723876953	0.0	0.0	0.0	0.0	0.0	0.0	0.0	0.0	98.55561828613281	589.3272705078125	1071.639404296875	1041.474609375	308.72442626953125	427.926513671875	175.97769165039062	59.520851135253906	389.9799499511719	562.1790161132812	689.0198974609375	480.10394287109375	611.0354614257812	849.0620727539062	852.904541015625	570.6605834960938	232.19354248046875	370.15582275390625	670.0128173828125	603.783447265625	400.1016845703125	495.1122131347656	599.2550048828125	235.26812744140625	538.5789794921875	661.619384765625	656.1891479492188	550.14892578125	591.5485229492188	1171.1700439453125	1293.5467529296875	1020.6718139648438	76.2308120727539	79.5909423828125	0.0	0.0	248.5070343017578	113.83660125732422	38.73331832885742	50.982887268066406	198.32789611816406	94.8698959350586	0.0	99.1916732788086	0.0	122.77426147460938	15.186086654663086	25.01289176940918	178.55255126953125	425.3985595703125	432.41900634765625	99.04903411865234	186.85336303710938	121.87657165527344	115.1478271484375	99.56178283691406	496.5557556152344	813.713134765625	834.8042602539062	508.1278381347656	428.8624267578125	631.7879638671875	839.0531005859375	823.2308959960938	177.45669555664062	133.63197326660156	92.5447998046875	274.8769836425781	200.8956756591797	28.05596351623535	105.39912414550781	69.92488098144531	131.4083709716797	0.0	0.0	52.97556686401367	136.32322692871094	111.18399810791016	152.0955810546875	353.9585266113281	321.4573059082031	179.0269775390625	0.0	77.50173950195312	112.39115142822266	386.23162841796875	232.7270965576172	151.16490173339844	147.52102661132812	302.90509033203125	286.6027526855469	405.22174072265625	0.0	145.49122619628906	256.7156066894531	239.3201904296875	0.0	432.20587158203125	422.9176330566406	329.337646484375	0.0	311.7061767578125	210.20645141601562	43.2210807800293	1.5188958644866943	0.0	0.0	0.0	178.3885040283203	134.10890197753906	121.6588363647461	26.685720443725586
292.25665283203125	363.54339599609375	943.4564208984375	451.3487854003906	102.56462097167969	697.6275634765625	1078.6226806640625	293.7657165527344	99.97984313964844	278.0137939453125	452.9000244140625	933.27734375	152.6026153564453	397.7080993652344	1155.528564453125	1036.7928466796875	256.2071838378906	663.378173828125	451.60333251953125	203.10272216796875	352.5918884277344	414.20794677734375	367.0469665527344	274.5559387207031	70.64879608154297	511.88433837890625	749.35009765625	339.7224426269531	418.5441589355469	832.6810302734375	783.8114013671875	268.8804626464844	196.18310546875	38.930694580078125	165.22096252441406	95.96649932861328	63.87059020996094	248.9268341064453	203.08358764648438	45.58955764770508	205.50428771972656	269.9440002441406	39.355377197265625	143.17723083496094	0.0	8.978790283203125	309.16351318359375	185.21371459960938	31.054344177246094	62.84014892578125	33.27168655395508	41.88505554199219	128.1066436767578	168.89608764648438	79.85922241210938	0.0	2.1418516635894775	90.84458923339844	129.91639709472656	41.275550842285156	202.07347106933594	228.25765991210938	89.30756378173828	15.763558387756348	0.0	0.0	45.74685287475586	64.86559295654297	0.0	0.0	62.41064453125	17.3947811126709	0.0	0.0	0.0	56.484798431396484	0.0	0.0	18.871347427368164	95.11175537109375	18.671674728393555	15.252720832824707	0.0	48.066532135009766	65.64451599121094	18.087827682495117	76.49452209472656	1.3854334354400635	0.0	29.9522705078125	15.808951377868652	16.518033981323242	36.62671661376953	16.816408157348633	59.930179595947266	71.56687927246094	0.0	0.0	0.0	0.0	0.0	0.0	0.0	0.0	0.0	0.0	0.0	0.0	0.0	0.0	0.0	67.1637191772461	164.82943725585938	270.17578125	254.511474609375	96.91999816894531	63.26398468017578	242.0687255859375	292.0750427246094	208.4888153076172	99.08480834960938	179.3031005859375	165.527099609375	162.65455627441406	255.05294799804688	389.7236328125	288.90924072265625	203.4858856201172	0.0	0.0	0.0	0.0	0.0	0.0	0.0	0.0	0.0	0.0	0.0	0.0	0.0	0.0	0.0	0.0	786.1170043945312	922.6603393554688	408.3450927734375	200.17832946777344	343.0542297363281	797.9042358398438	635.23779296875	213.4615936279297	452.6484069824219	760.3170776367188	542.8165283203125	134.04954528808594	33.796573638916016	85.11368560791016	547.0695190429688	463.0316162109375	518.875244140625	634.8787231445312	477.341552734375	287.2375793457031	326.19329833984375	562.3062133789062	563.2586059570312	380.1214599609375	190.95132446289062	445.3317565917969	503.13580322265625	297.2926330566406	585.527099609375	715.6647338867188	588.0833740234375	383.6355895996094	25.69913673400879	33.923648834228516	0.0	0.0	12.598033905029297	58.18003845214844	37.389278411865234	0.0	62.937217712402344	0.0	31.584619522094727	0.0	155.67977905273438	142.48094177246094	2.422126054763794	0.0	438.95916748046875	381.63421630859375	256.35406494140625	144.1057891845703	427.4986267089844	486.0163879394531	279.9366455078125	47.74241256713867	235.252685546875	246.17919921875	266.1446228027344	170.5646514892578	359.2542419433594	650.1980590820312	569.3238525390625	238.46380615234375	23.923690795898438	290.7155456542969	271.77447509765625	72.3449478149414	13.57882308959961	213.5677490234375	69.08881378173828	162.62612915039062	0.0	96.88908386230469	359.8487548828125	131.02099609375	0.0	0.0	138.90895080566406	44.227439880371094	56.593624114990234	336.35198974609375	265.0274963378906	9.011144638061523	65.87016296386719	70.23970794677734	399.517578125	328.371826171875	53.62434005737305	441.0431823730469	476.3204650878906	250.25572204589844	278.4193420410156	440.1033630371094	132.9764862060547	27.393600463867188	155.78684997558594	0.0	131.9025421142578	112.71168518066406	42.1650390625	200.3546142578125	122.06061553955078	106.48605346679688	122.5768051147461	258.8773498535156	0.0	133.97726440429688	0.0	0.0	272.670166015625	197.26296997070312
56.76220703125	666.6574096679688	761.7496337890625	1007.7294311523438	116.01683807373047	176.54910278320312	985.538818359375	1150.2955322265625	342.7665100097656	249.24424743652344	710.4312133789062	950.2451171875	432.9316711425781	593.791015625	1289.3238525390625	1137.01416015625	353.1711730957031	370.31842041015625	647.210693359375	406.3894348144531	115.35737609863281	600.687255859375	720.9004516601562	363.94183349609375	194.72879028320312	639.0045166015625	861.2168579101562	464.6229248046875	682.3015747070312	1044.47998046875	1008.1500854492188	378.48309326171875	119.79704284667969	252.22225952148438	127.1124267578125	205.03436279296875	124.12046813964844	146.6417236328125	267.71380615234375	237.53536987304688	170.62123107910156	207.58912658691406	163.09841918945312	110.57276916503906	0.0	0.0	350.3680419921875	174.18377685546875	273.2722473144531	254.65463256835938	233.08470153808594	34.57866287231445	111.52851104736328	218.43031311035156	136.60525512695312	0.030712734907865524	6.9317803382873535	65.61475372314453	35.54738998413086	8.623127937316895	387.6710510253906	382.9043884277344	188.82208251953125	44.94365692138672	0.0	0.0	0.0	74.80720520019531	0.0	0.0	0.0	136.98851013183594	0.0	0.0	0.0	98.50565338134766	0.0	0.0	24.4924259185791	86.4540786743164	0.0	1.0454460382461548	53.103736877441406	0.0	0.0	48.27122116088867	22.854324340820312	0.0	0.0	49.81556701660156	30.444124221801758	0.0	105.79484558105469	52.924442291259766	46.56504821777344	55.18311309814453	0.0	0.0	0.0	0.0	0.0	0.0	0.0	4.046730041503906	0.0	0.0	0.0	0.5211048126220703	0.0	0.0	0.0	44.390281677246094	57.4047737121582	262.22869873046875	281.2918395996094	173.58656311035156	124.31058502197266	170.05307006835938	375.77386474609375	259.7158203125	139.865234375	260.46435546875	247.4134063720703	212.81837463378906	495.5940856933594	506.3310546875	412.56719970703125	277.1175231933594	0.0	0.0	0.0	0.0	0.0	0.0	0.0	0.0	0.0	0.0	0.0	0.0	0.0	0.0	0.0	0.0	668.5958862304688	1113.2169189453125	924.05908203125	468.80230712890625	482.0090637207031	582.9669799804688	658.3524780273438	444.9648132324219	359.40625	973.33251953125	926.6754760742188	142.94390869140625	227.94447326660156	218.98829650878906	673.416259765625	578.8453369140625	415.4706726074219	909.6937866210938	890.26171875	537.7620849609375	430.16436767578125	759.5256958007812	783.2819213867188	375.9625549316406	159.7324981689453	528.3182983398438	544.3370971679688	358.2292175292969	1053.874755859375	1053.7835693359375	744.3622436523438	482.0802917480469	0.0	79.74176788330078	19.63553237915039	0.0	26.22564125061035	0.0	131.62022399902344	0.0	75.38169860839844	0.0	150.61807250976562	0.0	139.57347106933594	101.91392517089844	4.930347919464111	0.0	536.3218383789062	969.0057983398438	776.3079223632812	267.8709716796875	306.6816101074219	625.17138671875	526.1976318359375	179.44537353515625	292.3152770996094	461.33038330078125	258.3835754394531	94.09947204589844	735.1380615234375	987.0447998046875	880.5250854492188	305.58837890625	0.0	98.25631713867188	452.7662048339844	322.7458801269531	0.0	80.85009002685547	278.8133544921875	136.23654174804688	23.951499938964844	159.97047424316406	440.041259765625	180.45762634277344	0.0	0.0	155.75596618652344	33.36562728881836	97.57735443115234	157.15745544433594	325.63330078125	180.26242065429688	3.880291700363159	110.26815032958984	256.5137939453125	313.1872253417969	130.42941284179688	425.2811584472656	470.5315246582031	317.83135986328125	397.8297119140625	452.11083984375	236.46136474609375	0.0	0.0	75.55994415283203	137.6263427734375	172.21278381347656	173.9703369140625	215.117431640625	117.14852142333984	224.71395874023438	115.5035171508789	121.51131439208984	49.93959045410156	162.63087463378906	0.0	0.0	227.83792114257812	207.4244384765625
23.458248138427734	1083.5347900390625	1263.659423828125	212.6275634765625	358.0382385253906	1177.0213623046875	698.5521240234375	579.1516723632812	458.80389404296875	1061.9866943359375	998.4652099609375	692.0096435546875	480.3575134277344	793.8474731445312	565.180419921875	697.8297729492188	418.45794677734375	534.9237060546875	333.0206604003906	281.54595947265625	399.67340087890625	794.045166015625	700.9440307617188	568.6192626953125	530.798583984375	665.7815551757812	774.1625366210938	619.3718872070312	316.96343994140625	716.7603759765625	736.3511352539062	229.99227905273438	0.0	230.53411865234375	246.60411071777344	50.1397705078125	0.0	100.30098724365234	0.0	22.350452423095703	12.440313339233398	222.6926727294922	216.17141723632812	203.49009704589844	112.71926879882812	185.46592712402344	364.4781188964844	296.0984802246094	92.98345184326172	102.71026611328125	0.0	0.0	94.67093658447266	103.66719818115234	275.0220947265625	247.48919677734375	126.99954223632812	77.66822814941406	117.40403747558594	58.671783447265625	215.8749237060547	178.21487426757812	236.41888427734375	155.40220642089844	0.0	0.0	0.0	31.873273849487305	0.0	0.0	0.0	0.0	0.0	0.0	0.0	0.6259543895721436	0.0	11.513883590698242	48.618629455566406	90.20891571044922	0.0	0.0	0.0	0.0	1.2796093225479126	0.0	63.122657775878906	110.17817687988281	0.0	0.0	12.771088600158691	48.05414962768555	21.55202865600586	11.085111618041992	48.41749572753906	104.01448059082031	0.0	0.0	0.0	0.0	0.0	0.0	0.0	0.0	0.0	0.0	0.0	19.742115020751953	0.0	87.2071533203125	48.12405014038086	5.350346565246582	51.061859130859375	145.85328674316406	263.99078369140625	176.32717895507812	113.76992797851562	361.7543029785156	429.146240234375	399.2181091308594	204.63511657714844	454.1456298828125	412.13629150390625	300.3497619628906	271.19256591796875	422.962158203125	293.58538818359375	298.48565673828125	11.448598861694336	0.0	0.0	0.0	3.2701592445373535	0.0	0.0	0.0	0.0	0.0	0.0	0.0	0.0	0.0	0.0	0.0	79.4553451538086	483.71063232421875	549.8638305664062	287.9639892578125	167.5487518310547	404.4365234375	221.6510467529297	214.6580810546875	285.4052734375	832.5149536132812	1028.3941650390625	787.1136474609375	666.4828491210938	720.4378662109375	1005.0689086914062	868.6165771484375	159.93746948242188	262.18170166015625	370.6209411621094	353.40380859375	320.4800109863281	604.4268188476562	720.0343017578125	581.2619018554688	536.5386352539062	998.5972900390625	1163.855224609375	788.989501953125	753.6402587890625	1039.4866943359375	962.46728515625	562.5184936523438	54.911441802978516	34.19129180908203	25.957252502441406	0.0	101.0059814453125	172.02906799316406	0.0	26.64615821838379	146.2045135498047	143.61729431152344	0.0	0.0	125.20877838134766	201.8968963623047	0.0	0.0	114.57752227783203	247.59927368164062	278.6130065917969	141.30531311035156	172.56004333496094	255.0301513671875	720.0555419921875	615.1865844726562	365.7889709472656	718.6697998046875	804.126220703125	316.9736633300781	710.8732299804688	955.6809692382812	842.1018676757812	603.3246459960938	0.0	291.135986328125	177.89556884765625	176.1310272216797	67.06082916259766	78.82444763183594	53.39962387084961	55.07260513305664	86.46796417236328	54.15625	267.14642333984375	355.5678405761719	198.27142333984375	122.25930786132812	87.18529510498047	118.21566772460938	244.1055908203125	294.7145690917969	264.4342346191406	217.86712646484375	179.4142608642578	408.8786315917969	356.5780029296875	298.0893249511719	205.3303680419922	191.37684631347656	184.8931427001953	174.5406494140625	0.0	134.9500732421875	41.980712890625	0.0	0.0	71.98487091064453	159.75645446777344	110.1669921875	0.0	143.69508361816406	81.16736602783203	22.387882232666016	0.0	190.27468872070312	291.0230712890625	149.10464477539062	25.622529983520508	168.69680786132812	244.47720336914062	299.26422119140625
205.40380859375	1035.7904052734375	686.9459228515625	697.310302734375	373.9930419921875	825.53564453125	768.3895263671875	1145.252685546875	83.60054016113281	976.4175415039062	1185.9964599609375	841.5610961914062	358.9645690917969	1051.662109375	831.8064575195312	436.9982604980469	588.155029296875	602.9508666992188	667.2459716796875	701.9329833984375	242.48516845703125	612.5924682617188	779.1116943359375	645.6689453125	552.0145263671875	618.8951416015625	457.7402038574219	275.69091796875	421.08660888671875	805.0726318359375	647.67724609375	271.4875183105469	0.0	114.81427764892578	13.637179374694824	28.52814483642578	218.95054626464844	253.51568603515625	250.63607788085938	444.7041931152344	115.98609924316406	189.90382385253906	445.329345703125	321.2769775390625	10.946300506591797	142.28221130371094	79.05510711669922	55.55964279174805	162.4734649658203	179.36231994628906	240.6902618408203	161.03855895996094	107.55526733398438	206.62191772460938	128.72006225585938	89.60652160644531	132.5916748046875	82.59912872314453	42.1829948425293	21.333599090576172	100.5201644897461	36.557472229003906	9.786870956420898	35.45341873168945	0.0	0.0	0.0	0.0	0.0	0.0	0.0	81.1487808227539	0.0	0.0	0.0	38.880462646484375	0.0	0.0	56.84138107299805	68.1241226196289	10.220532417297363	58.64698028564453	74.2826156616211	44.45820999145508	0.0	52.232906341552734	0.0	87.47621154785156	40.31214904785156	2.0214951038360596	0.0	43.962890625	11.766654968261719	0.0	0.0	12.977151870727539	0.0	0.0	0.0	0.0	0.0	0.0	0.0	0.0	0.0	0.0	0.0	52.210723876953125	0.0	0.0	13.468644142150879	5.231542587280273	116.48497772216797	203.21383666992188	349.06976318359375	342.5602111816406	78.70808410644531	360.1568298339844	350.66192626953125	254.41204833984375	185.42433166503906	161.9685516357422	296.6666564941406	157.38705444335938	193.87811279296875	420.7252197265625	333.33038330078125	177.53671264648438	0.0	0.0	0.0	0.0	0.0	0.0	0.0	0.0	0.0	0.0	0.0	3.914548873901367	0.0	0.0	0.0	16.57349967956543	197.3454132080078	740.1981811523438	684.9163208007812	205.3960418701172	677.1279296875	709.0550537109375	633.72607421875	786.729248046875	528.2271118164062	602.1280517578125	772.2897338867188	786.3916015625	347.9212646484375	622.25830078125	411.60223388671875	39.747100830078125	512.5415649414062	603.4368286132812	779.0634765625	692.0140991210938	506.3359680175781	803.9700317382812	911.4739990234375	716.9572143554688	410.6058654785156	610.5431518554688	616.7138061523438	480.3768615722656	592.8842163085938	848.7796020507812	638.7460327148438	336.0376281738281	77.69977569580078	77.84159851074219	0.0	67.08162689208984	64.03348541259766	124.74068450927734	0.0	0.0	51.87125015258789	22.35151481628418	77.7159194946289	0.0	75.01667785644531	225.47630310058594	37.8218879699707	0.0	460.75494384765625	570.7066650390625	494.9854431152344	390.6959533691406	379.831298828125	400.4766845703125	590.969970703125	534.5045166015625	245.7327423095703	395.44830322265625	496.07958984375	73.1917953491211	283.10040283203125	350.2008972167969	142.38845825195312	125.4515380859375	47.81718826293945	0.0	22.511167526245117	203.96966552734375	122.42337799072266	8.667587280273438	432.62518310546875	393.0705871582031	0.0	303.9371643066406	236.96665954589844	98.16220092773438	24.9761905670166	197.45555114746094	222.846923828125	49.4478874206543	396.9389953613281	416.4871520996094	506.0688171386719	523.5020751953125	0.0	488.8047180175781	382.5271301269531	0.0	247.01698303222656	300.34979248046875	68.56935119628906	89.82720947265625	98.09590911865234	325.6360778808594	218.32992553710938	15.019091606140137	0.0	34.54192352294922	0.0	0.0	98.49811553955078	110.9726791381836	105.84217834472656	256.3204040527344	93.3636703491211	123.94239044189453	414.5926513671875	501.64654541015625	0.0	167.5750274658203	187.65869140625	156.44810485839844
235.92138671875	429.1106262207031	661.6168823242188	662.9547119140625	67.71885681152344	56.78786849975586	1346.756103515625	787.39892578125	90.5081787109375	602.5674438476562	1165.4378662109375	445.68218994140625	326.9880065917969	1243.9852294921875	1277.855712890625	277.5576477050781	127.45409393310547	472.21112060546875	511.4983825683594	234.5897216796875	0.0	551.8117065429688	545.9500122070312	273.7359313964844	441.21368408203125	776.319091796875	764.2979736328125	602.3824462890625	770.76123046875	827.1321411132812	447.3703308105469	44.65256118774414	296.801025390625	248.53366088867188	134.08462524414062	76.52193450927734	49.92249298095703	33.308528900146484	136.14779663085938	41.35324478149414	0.0	0.0	27.19114875793457	0.0	0.0	519.5718994140625	443.114501953125	303.1153564453125	83.3116683959961	123.49060821533203	58.58615493774414	0.0	25.30366325378418	132.8491668701172	65.62127685546875	0.0	38.60226821899414	90.29682159423828	224.7499542236328	347.6815185546875	256.07696533203125	208.36416625976562	172.7426300048828	111.58489227294922	0.0	0.0	0.0	95.82023620605469	0.0	0.0	0.0	81.44293212890625	0.0	0.0	0.0	19.292619705200195	0.0	0.0	0.0	21.870630264282227	0.0	19.20920753479004	38.097869873046875	14.110238075256348	0.0	6.098901271820068	0.0	0.0	0.0	0.4517265558242798	29.339885711669922	37.60651779174805	5.014276504516602	0.0	59.977195739746094	16.101154327392578	0.0	0.0	21.089183807373047	0.0	0.2502289414405823	0.0	0.0	0.0	0.0	0.0	0.0	0.0	0.0	0.0	0.0	53.6016960144043	62.25521469116211	177.531982421875	155.272705078125	49.233741760253906	38.35737228393555	154.9095458984375	142.48350524902344	216.05718994140625	178.29005432128906	219.7949981689453	379.6858825683594	468.69512939453125	279.90777587890625	336.2079162597656	214.6313018798828	114.52999877929688	0.0	0.0	0.0	0.0	0.0	13.659199714660645	0.0	30.97500991821289	1.275312900543213	0.0	0.0	0.0	0.0	0.0	0.0	0.0	723.70166015625	1058.5675048828125	672.6474609375	142.80067443847656	84.7650146484375	198.94122314453125	228.33444213867188	171.38427734375	124.75753021240234	212.94679260253906	129.7839813232422	132.64967346191406	142.19056701660156	1025.9786376953125	1162.1702880859375	1038.34033203125	389.68731689453125	596.2118530273438	484.5363464355469	166.81150817871094	88.75308227539062	253.39170837402344	203.44020080566406	382.0922546386719	289.5095520019531	565.2363891601562	690.2820434570312	813.4544677734375	702.460205078125	781.3892822265625	781.1420288085938	727.644287109375	10.585843086242676	0.0	103.79547882080078	0.0	34.48744583129883	23.651460647583008	141.5272216796875	0.0	109.6995620727539	67.02758026123047	220.88658142089844	0.0	98.69894409179688	0.8508392572402954	0.0	0.0	601.5196533203125	638.9907836914062	321.61553955078125	0.0	33.01081085205078	102.16279602050781	65.57608795166016	62.00795364379883	32.329551696777344	184.81491088867188	634.500732421875	812.1753540039062	739.3099975585938	833.6898193359375	965.5399780273438	832.6220703125	88.5827865600586	228.66775512695312	493.37451171875	72.94911193847656	0.0	67.57308197021484	330.5189514160156	48.583251953125	0.0	279.91241455078125	193.34812927246094	0.0	82.52387237548828	71.29708862304688	174.767333984375	289.6827697753906	0.0	153.69113159179688	271.2905578613281	202.10940551757812	35.438594818115234	353.2210998535156	333.7676086425781	264.444580078125	459.9373779296875	502.54925537109375	316.8070068359375	232.6265106201172	474.0565185546875	311.16595458984375	0.0	0.0	312.2726135253906	262.0340881347656	19.116390228271484	139.00173950195312	164.96266174316406	83.16557312011719	76.32613372802734	129.6748046875	0.0	0.0	57.01176071166992	19.65389633178711	0.0	370.6097106933594	441.702392578125	374.1396179199219
641.1497192382812	1193.54052734375	402.12701416015625	674.226806640625	902.2886962890625	975.4012451171875	1159.4027099609375	920.3209838867188	304.762451171875	148.22268676757812	1096.77685546875	701.9674072265625	76.9899673461914	36.845951080322266	857.6231079101562	700.3772583007812	669.9729614257812	504.3978576660156	501.0625915527344	276.6409606933594	309.4288024902344	722.0995483398438	777.0781860351562	300.7442932128906	225.52886962890625	384.14324951171875	397.9475402832031	208.23060607910156	0.0	506.3619689941406	560.1378173828125	321.55145263671875	138.384521484375	294.5126037597656	91.98269653320312	108.88776397705078	252.76983642578125	237.63079833984375	158.7355194091797	95.61628723144531	270.41168212890625	236.4615478515625	208.96902465820312	68.50800323486328	162.2945098876953	149.57473754882812	141.361083984375	43.46242141723633	183.77333068847656	248.54653930664062	242.92823791503906	6.0306477546691895	83.4116439819336	176.15782165527344	83.62784576416016	0.0	176.80357360839844	247.99610900878906	112.03328704833984	4.234619140625	0.0	134.3573760986328	73.44642639160156	0.0	0.0	0.0	0.0	36.83164978027344	0.0	0.0	0.0	118.39418029785156	0.0	26.99078369140625	0.0	68.989013671875	0.0	0.0	16.724822998046875	128.09332275390625	0.0	44.49112319946289	134.00218200683594	17.006074905395508	44.123260498046875	0.0	0.0	0.0	48.018428802490234	17.01165199279785	53.692840576171875	0.0	12.397319793701172	29.4951229095459	0.0	0.0	0.0	0.0	0.0	0.0	0.0	0.0	37.09465789794922	33.73887252807617	0.0	0.0	0.0	44.01087951660156	16.713058471679688	0.0	0.0	10.338153839111328	175.3367919921875	197.8130340576172	254.4444580078125	85.0961685180664	268.6260681152344	383.1801452636719	353.5329284667969	135.90977478027344	127.00199890136719	127.26695251464844	194.65379333496094	91.50578308105469	102.25813293457031	193.755126953125	284.88250732421875	183.2415771484375	0.0	0.0	0.0	0.0	0.0	0.0	0.0	0.0	0.0	0.0	0.0	0.0	0.0	0.0	0.0	0.0	344.2977294921875	1053.489501953125	775.7359008789062	160.02589416503906	524.2337646484375	627.8069458007812	259.6454162597656	109.7177505493164	675.2772827148438	1055.6431884765625	757.0645141601562	215.8645782470703	274.8642272949219	526.5947875976562	284.0648193359375	81.25196838378906	468.49072265625	621.3603515625	549.108154296875	152.6113739013672	634.412109375	885.4920654296875	729.3629150390625	223.07330322265625	402.0809631347656	644.2442016601562	567.4286499023438	238.6277618408203	220.82676696777344	425.5064392089844	490.01324462890625	282.7131042480469	117.78024291992188	0.0	55.51757049560547	0.0	251.08026123046875	56.22919845581055	87.42302703857422	0.0	0.0	0.0	90.76351928710938	0.0	48.00112533569336	0.0	173.6038055419922	0.0	551.77587890625	632.59130859375	552.1519165039062	22.69175910949707	353.9798278808594	356.44207763671875	238.5863800048828	0.0	609.9398193359375	771.1528930664062	504.6637878417969	10.388239860534668	59.26765060424805	159.65760803222656	75.94977569580078	0.0	103.78577423095703	60.08026123046875	307.62799072265625	50.82270431518555	151.0635986328125	0.0	399.5252685546875	89.13263702392578	140.35162353515625	346.08056640625	474.9447937011719	44.27275848388672	0.0	163.3714599609375	383.0357666015625	54.87342834472656	425.1907653808594	377.18206787109375	322.4567565917969	280.4921875	0.0	332.1512145996094	208.36582946777344	159.01193237304688	0.0	140.11349487304688	171.4557647705078	209.37713623046875	0.0	240.256103515625	264.44281005859375	235.36097717285156	0.0	185.32225036621094	11.480745315551758	155.41098022460938	111.68388366699219	230.62002563476562	114.32086944580078	182.45358276367188	220.72035217285156	109.16072845458984	70.00334930419922	189.66952514648438	256.60845947265625	205.01614379882812	0.0	146.4755096435547
8.958627700805664	1.4774707555770874	908.157958984375	822.8904418945312	6.837462902069092	198.46286010742188	1110.11279296875	611.2669677734375	43.16585159301758	837.13330078125	1315.0216064453125	129.86451721191406	24.56889533996582	1201.470947265625	1228.8533935546875	0.0	0.0	400.0129089355469	418.67669677734375	281.0875549316406	35.183990478515625	546.642822265625	401.6902160644531	206.3572235107422	386.6788330078125	613.69580078125	395.6684875488281	119.10508728027344	550.2535400390625	583.4208984375	270.3222961425781	29.452831268310547	0.2567283809185028	0.0	178.55892944335938	173.35049438476562	0.0	0.0	194.1246795654297	81.6349105834961	0.0	83.72494506835938	233.3662567138672	37.29378128051758	0.0	314.58892822265625	200.5820770263672	14.125849723815918	22.98641586303711	61.69712448120117	16.353321075439453	35.075889587402344	36.77049255371094	93.1910629272461	0.0	12.557281494140625	107.607666015625	99.72479248046875	55.69316482543945	3.2924821376800537	152.1576690673828	69.93804931640625	9.925077438354492	0.0	0.0	0.0	0.0	47.74380874633789	0.0	0.0	56.94330596923828	44.954158782958984	0.0	0.0	27.131132125854492	26.184478759765625	0.0	30.56925392150879	76.12136840820312	4.7459001541137695	0.0	0.0	0.0	33.696109771728516	0.0	0.9075156450271606	0.0	5.52705717086792	0.0	0.0	11.211706161499023	6.018862724304199	14.712993621826172	22.21434211730957	44.7514533996582	0.0	0.0	0.0	0.0	34.622867584228516	0.0	0.0	0.0	9.657316207885742	0.0	0.0	0.0	43.986717224121094	0.0	0.0	56.28662109375	17.951053619384766	0.0	50.03340530395508	178.1790313720703	133.3170623779297	0.0	65.1482162475586	123.14634704589844	96.9146499633789	69.59729766845703	165.9178009033203	180.8517608642578	144.18043518066406	100.58037567138672	274.5716552734375	194.34146118164062	48.315711975097656	1.0662890672683716	0.0	0.0	0.0	0.0	11.503450393676758	0.0	12.777453422546387	0.0	0.0	0.0	41.230712890625	0.0	0.0	0.0	37.9282112121582	20.040189743041992	137.2480010986328	326.27667236328125	369.2718200683594	75.16374206542969	175.1108856201172	258.3923645019531	132.25164794921875	115.47090911865234	198.1325225830078	259.96630859375	96.23592376708984	178.11697387695312	527.5018920898438	460.5143127441406	88.50679779052734	27.25008773803711	214.8436279296875	213.97743225097656	202.0545196533203	78.52534484863281	198.61863708496094	188.60305786132812	254.5341339111328	286.880126953125	354.6094970703125	251.7379150390625	310.4773254394531	474.2019958496094	515.5711669921875	374.9924011230469	298.3963317871094	0.0	60.50981521606445	121.53690338134766	0.0	0.0	67.3419418334961	118.71576690673828	0.0	9.177361488342285	112.15287017822266	48.61012268066406	0.0	27.949649810791016	72.07209014892578	0.0	0.0	0.0	63.26839065551758	106.58296203613281	43.061241149902344	34.317501068115234	145.1858673095703	149.4615020751953	74.73617553710938	104.16468811035156	177.3743438720703	134.59640502929688	94.91929626464844	437.2029724121094	505.0034484863281	227.61204528808594	52.2540168762207	2.0475730895996094	0.0	174.26602172851562	116.40217590332031	0.0	193.7396240234375	237.85104370117188	16.87139892578125	0.0	267.6738586425781	168.6980438232422	40.87126159667969	98.64791870117188	221.9910430908203	17.57794189453125	90.92322540283203	33.093780517578125	229.98080444335938	240.79151916503906	78.41548919677734	95.13048553466797	290.07147216796875	219.3602752685547	10.064399719238281	301.2016906738281	319.8871154785156	145.65286254882812	0.0	218.4215850830078	84.45426940917969	0.0	0.0	0.0	0.0	168.3582000732422	216.3037567138672	0.0	0.0	175.2978515625	189.28160095214844	0.0	22.018423080444336	230.72402954101562	155.70114135742188	0.0	190.39431762695312	201.45468139648438	87.14759063720703
954.3839721679688	516.8936157226562	772.7157592773438	965.0067138671875	1124.70458984375	425.28643798828125	776.8023071289062	827.2230834960938	665.9228515625	442.8388671875	810.1862182617188	1002.9169921875	197.2615203857422	0.0	326.4929504394531	623.242431640625	363.509521484375	268.80670166015625	523.6195068359375	215.8340606689453	596.6626586914062	680.3800659179688	853.0014038085938	491.2057800292969	607.8486328125	493.5539245605469	623.3988647460938	211.111083984375	90.54596710205078	188.76907348632812	564.9993896484375	420.8788757324219	132.03692626953125	81.94791412353516	200.87220764160156	184.91439819335938	132.40365600585938	9.290764808654785	103.46366119384766	92.77745819091797	264.8564453125	307.9496154785156	265.62664794921875	215.42201232910156	420.0713195800781	320.2490539550781	105.73590087890625	79.77685546875	18.97715950012207	114.25791931152344	138.94203186035156	27.41605567932129	17.5617618560791	42.42071533203125	83.2710189819336	28.92301368713379	336.60662841796875	361.5931396484375	281.0601806640625	100.26190948486328	22.757619857788086	137.8361053466797	197.57986450195312	66.99883270263672	0.0	0.0	0.0	43.33729934692383	0.0	0.0	0.0	48.363033294677734	28.903762817382812	0.0	0.0	74.1510238647461	0.0	0.0	0.0	91.87769317626953	0.0	0.0	2.5771877765655518	26.347801208496094	0.0	0.0	10.314352989196777	0.0	58.89320755004883	38.47488021850586	109.62674713134766	0.0	37.434234619140625	16.92020034790039	19.26295280456543	0.0	0.0	0.0	0.0	0.0	0.0	0.0	0.0	8.48233413696289	20.04308319091797	0.0	0.0	0.0	75.90142059326172	44.62953186035156	0.0	4.441293716430664	122.9552993774414	74.67574310302734	93.1546630859375	124.47295379638672	470.68505859375	472.3999938964844	408.3591613769531	255.12750244140625	248.66595458984375	238.43641662597656	271.0205383300781	178.21971130371094	118.0981674194336	168.13609313964844	288.1950988769531	301.15460205078125	0.0	0.0	0.0	0.0	0.0	0.0	0.0	0.0	0.0	0.0	0.0	0.0	0.0	0.0	0.0	0.0	143.55227661132812	244.4345703125	424.07159423828125	491.3055419921875	366.02288818359375	337.03271484375	371.3753356933594	183.4898681640625	1045.191650390625	1247.264404296875	1205.0982666015625	622.082275390625	1108.278076171875	1008.6406860351562	707.109375	170.5252685546875	124.61868286132812	283.0211486816406	261.28704833984375	245.65625	759.1647338867188	877.6951293945312	695.960205078125	330.5288391113281	759.86376953125	819.4234008789062	682.78466796875	357.7619934082031	549.5587158203125	655.6246337890625	644.8846435546875	453.922607421875	97.53633117675781	0.0	163.3173828125	17.423458099365234	234.95602416992188	2.9099929332733154	241.95877075195312	27.88707160949707	22.607873916625977	0.0	142.0509033203125	39.54702377319336	25.47580909729004	0.0	211.39625549316406	71.77835083007812	221.50184631347656	229.90760803222656	335.33795166015625	291.49163818359375	152.7049560546875	72.9659423828125	208.25572204589844	181.13194274902344	1029.4427490234375	957.3192749023438	783.6729736328125	381.6249084472656	211.4818878173828	226.01712036132812	240.9152374267578	223.08226013183594	142.20535278320312	0.0	251.88092041015625	125.49978637695312	102.95867156982422	0.0	198.2806854248047	86.59523010253906	122.0339584350586	16.920391082763672	330.7749938964844	157.5759735107422	285.17303466796875	189.65206909179688	353.31048583984375	157.28961181640625	322.8349914550781	80.75946807861328	173.98281860351562	196.45509338378906	378.8731689453125	282.9073791503906	260.1379089355469	275.3422546386719	255.5308837890625	166.38076782226562	122.79032135009766	168.73353576660156	50.42814254760742	122.83049774169922	248.77964782714844	319.1560363769531	110.77919006347656	84.89226531982422	46.799278259277344	177.9276885986328	103.14733123779297	12.57349967956543	76.67243194580078	158.81814575195312	0.0	55.16645431518555	120.62264251708984	200.83473205566406	398.41400146484375	360.94061279296875	196.2759246826172	123.42449951171875
102.84848022460938	320.81353759765625	706.0709228515625	790.251708984375	478.6285400390625	720.8289184570312	875.9921875	685.0725708007812	498.20892333984375	400.3227844238281	203.94219970703125	787.2974853515625	284.977783203125	351.4092712402344	1041.876708984375	1129.7015380859375	460.2794494628906	812.4456176757812	860.7062377929688	853.376708984375	677.6917724609375	766.7568969726562	506.2476501464844	376.8735046386719	174.11721801757812	546.2819213867188	854.8368530273438	481.5962829589844	543.6087036132812	929.0678100585938	916.9775390625	349.4792785644531	9.192709922790527	0.0	0.0	202.09410095214844	54.71027374267578	293.86553955078125	356.1408996582031	423.03143310546875	495.62261962890625	519.6766967773438	93.93270111083984	119.89246368408203	0.0	11.85440444946289	386.3913269042969	182.4524383544922	1.8586061000823975	171.87713623046875	300.2684020996094	310.1606750488281	355.1214294433594	269.97528076171875	164.70521545410156	0.0	30.4904842376709	10.992206573486328	68.12448120117188	92.70594024658203	338.6769104003906	340.37744140625	214.72250366210938	95.38749694824219	0.0	0.0	0.0	0.0	9.073054313659668	0.0	0.0	22.87073516845703	0.0	0.0	0.0	63.97139358520508	0.0	0.0	20.226285934448242	120.32476043701172	0.0	0.0	3.0314173698425293	69.98104095458984	14.178936958312988	57.55403518676758	62.23306655883789	71.15945434570312	0.0	17.817930221557617	28.477397918701172	0.0	87.12034606933594	63.11678695678711	61.662601470947266	99.66860961914062	0.0	0.0	0.0	0.0	0.0	0.0	0.0	2.918346643447876	0.0	0.0	0.0	0.0	0.0	0.0	0.0	44.39651870727539	284.566162109375	297.7628479003906	295.2113952636719	332.9764404296875	324.34515380859375	319.3083801269531	420.45135498046875	295.37640380859375	172.46066284179688	332.1946716308594	340.32208251953125	256.5015563964844	468.75341796875	495.0163879394531	373.04815673828125	244.24876403808594	17.41574478149414	6.867350101470947	0.0	0.0	0.0	0.0	0.0	0.0	0.0	0.0	0.0	0.0	0.0	0.0	0.0	0.0	116.44819641113281	123.78529357910156	135.1134796142578	760.4779663085938	575.9841918945312	1120.453857421875	1193.76318359375	1317.3817138671875	1375.310302734375	1541.632080078125	1084.624755859375	83.21853637695312	48.55298614501953	302.1887512207031	802.6369018554688	697.3037109375	415.9621276855469	606.0411376953125	562.0137329101562	661.3189697265625	784.4710693359375	906.8761596679688	967.0833129882812	865.2425537109375	568.2177124023438	774.0791015625	816.0440063476562	409.9927978515625	615.0252685546875	805.1757202148438	680.5409545898438	406.43682861328125	123.71041107177734	126.53370666503906	53.87199401855469	0.0	30.319129943847656	0.0	114.38825988769531	0.0	95.02433776855469	0.0	63.25458526611328	0.0	89.11712646484375	44.656822204589844	1.4573241472244263	0.0	0.0	183.81552124023438	932.578125	1114.369873046875	1128.2584228515625	1133.29541015625	861.21435546875	487.9604797363281	731.1336059570312	623.7577514648438	270.3342590332031	172.7218475341797	704.7279052734375	964.1683959960938	855.7252197265625	368.6405944824219	0.0	0.0	37.72211456298828	36.552734375	46.186309814453125	89.02383422851562	64.90998840332031	325.5315246582031	232.45738220214844	242.5893096923828	512.7678833007812	228.94334411621094	0.0	0.0	111.93982696533203	45.57606887817383	463.57257080078125	526.7667236328125	501.60174560546875	332.0992736816406	329.2018737792969	258.1250915527344	74.36939239501953	250.9071502685547	27.7845401763916	443.6497802734375	480.40869140625	380.4136047363281	356.2824401855469	414.9189147949219	264.79840087890625	0.0	0.0	0.0	0.0	0.0	0.0	101.51495361328125	288.9975891113281	437.0141906738281	431.1532287597656	359.5115661621094	87.04808044433594	159.1571807861328	122.42015838623047	61.37712860107422	198.90927124023438	166.3316650390625
11.42627239227295	25.17540168762207	622.1572265625	1257.5576171875	19.75008773803711	146.16404724121094	1377.015380859375	1253.1920166015625	47.27741622924805	1255.067138671875	1350.805908203125	142.82696533203125	760.9147338867188	1351.5906982421875	547.9082641601562	0.0	0.0	288.3071594238281	593.7151489257812	347.9270935058594	167.08151245117188	641.516845703125	590.4391479492188	295.6142578125	647.3372192382812	644.1226806640625	300.1927795410156	55.31963348388672	640.7691040039062	419.7358703613281	114.39445495605469	14.305879592895508	0.9304365515708923	0.0	101.23352813720703	252.77462768554688	0.0	0.0	275.8813171386719	239.43943786621094	0.0	343.72210693359375	320.5008850097656	30.765609741210938	219.2920379638672	336.2774963378906	117.12605285644531	12.002487182617188	16.361616134643555	88.16792297363281	72.45488739013672	0.0	39.88725280761719	111.01480102539062	0.0	8.406108856201172	94.19588470458984	52.45486068725586	0.0	0.48053765296936035	121.83448791503906	0.0	9.276305198669434	3.5783607959747314	0.0	0.0	0.0	28.39505958557129	0.0	0.0	0.0	36.36872100830078	0.0	0.0	11.899962425231934	35.69733810424805	0.0	22.316402435302734	14.080879211425781	4.721070766448975	0.0	0.0	0.0	0.0	0.0	0.0	0.0	56.706600189208984	0.0	0.0	51.993160247802734	12.893625259399414	0.0	80.12975311279297	58.05854415893555	0.0	0.0	0.0	0.0	0.0	0.0	0.0	0.0	45.43981170654297	0.0	0.0	3.9513542652130127	57.02107238769531	0.0	0.0	55.10464859008789	38.876407623291016	0.0	48.38023376464844	86.76886749267578	142.8671417236328	53.673091888427734	113.58162689208984	188.8321533203125	169.23599243164062	111.89744567871094	172.13487243652344	178.15821838378906	131.48191833496094	203.35470581054688	229.1624298095703	178.3571014404297	40.10013198852539	0.0	24.88077735900879	28.54576301574707	0.0	1.978042483329773	13.371665000915527	0.0	0.0	26.47623062133789	0.0	0.0	30.64682388305664	0.0	0.0	21.327594757080078	37.46147537231445	23.55988121032715	111.97391510009766	181.891845703125	248.43556213378906	74.2278060913086	100.54927062988281	294.1315002441406	294.50274658203125	99.2424545288086	369.4542236328125	477.6411437988281	288.73663330078125	306.005615234375	546.4967651367188	391.9234313964844	55.57139587402344	0.327236145734787	188.56814575195312	280.1758728027344	220.30238342285156	101.21479034423828	305.3497619628906	298.6663818359375	334.20562744140625	339.8703918457031	340.7607116699219	394.0858154296875	337.373779296875	474.53466796875	425.48992919921875	395.8962707519531	180.26185607910156	0.0	31.0467472076416	42.66595458984375	32.76930618286133	0.0	78.6349868774414	37.69182586669922	0.0	63.11869430541992	29.972951889038086	0.0	0.0	97.88148498535156	23.605655670166016	0.0	0.0	0.0	72.28490447998047	127.30990600585938	155.4429168701172	8.890616416931152	182.2778778076172	227.6390380859375	163.4431915283203	102.3001480102539	292.1575927734375	229.33309936523438	108.3865966796875	521.9027099609375	372.1009826660156	154.06622314453125	31.541067123413086	6.892513275146484	0.0	269.5174865722656	164.49127197265625	0.0	146.7281494140625	227.6243438720703	0.0	81.30632781982422	226.2181396484375	144.92315673828125	81.86725616455078	132.02764892578125	118.30667877197266	96.424560546875	92.86254119873047	16.86447525024414	298.78369140625	373.51220703125	169.48348999023438	220.97698974609375	404.97607421875	295.7729797363281	0.0	393.97259521484375	374.7567443847656	0.0	17.145566940307617	361.4251708984375	0.0	17.185916900634766	0.4728100895881653	0.0	0.0	0.0	207.1823272705078	0.0	0.0	271.89361572265625	276.20404052734375	0.0	213.6735076904297	340.37017822265625	165.79957580566406	0.0	352.9569396972656	258.4910583496094	50.49991226196289
266.8517150878906	1125.011962890625	1200.760009765625	452.1385192871094	1182.760009765625	1479.4666748046875	863.9223022460938	1111.1483154296875	1564.679443359375	1268.559326171875	1163.6253662109375	1424.857666015625	1033.9281005859375	978.9437255859375	1379.5606689453125	1002.4069213867188	708.4853515625	769.404541015625	605.3060913085938	597.1666259765625	696.8504028320312	512.780517578125	787.6017456054688	833.3233032226562	486.888671875	856.704345703125	881.8984985351562	707.510498046875	719.4995727539062	947.3882446289062	690.7006225585938	115.31532287597656	0.0	214.6140594482422	295.6278381347656	3.5738027095794678	277.36260986328125	497.6798095703125	428.2938537597656	208.20297241210938	408.0277404785156	286.20159912109375	209.72496032714844	396.1806335449219	56.08331298828125	314.851806640625	478.7308654785156	365.5595703125	125.39852142333984	183.22000122070312	210.41439819335938	213.42556762695312	169.17398071289062	32.57011032104492	70.48075866699219	96.32096099853516	37.639923095703125	115.65200805664062	193.671875	68.62840270996094	337.2390441894531	315.6570129394531	135.93980407714844	0.0	0.0	0.0	0.0	0.0	0.0	0.0	0.0	7.557164192199707	0.0	0.0	0.0	0.0	38.74007034301758	0.0	1.4210623502731323	52.207603454589844	5.490723133087158	0.0	40.83490753173828	76.2931137084961	0.0	0.0	30.636241912841797	0.0	0.0	0.6999908685684204	0.0	9.449039459228516	93.79145050048828	0.0	61.4361686706543	58.70928955078125	0.0	0.0	0.0	0.0	0.0	0.0	0.0	0.0	0.0	0.0	0.0	0.0	0.0	0.0	0.0	75.80557250976562	140.7037353515625	204.794921875	285.41357421875	282.9967346191406	121.89697265625	288.60986328125	318.789794921875	320.3515319824219	298.67742919921875	315.97216796875	341.9607849121094	343.11651611328125	453.0668029785156	419.72857666015625	326.4759826660156	276.0981750488281	0.0	0.0	0.0	0.0	0.0	0.0	0.0	0.0	0.0	0.0	0.0	0.0	0.0	0.0	0.0	0.0	87.5174789428711	449.15228271484375	1021.5790405273438	894.6580810546875	523.6223754882812	940.655029296875	1155.6402587890625	634.253662109375	658.8361206054688	718.1102905273438	367.06243896484375	715.4635009765625	389.75750732421875	795.54931640625	1107.4906005859375	849.6842041015625	417.4142761230469	655.14501953125	773.6644287109375	762.2387084960938	457.5404357910156	572.4520874023438	825.857177734375	814.2694091796875	477.30352783203125	846.6627807617188	886.422119140625	649.83154296875	1006.9330444335938	1113.6746826171875	857.5765991210938	631.6504516601562	73.90303802490234	47.992576599121094	0.0	59.735198974609375	74.86880493164062	0.0	0.0	69.4323959350586	203.65521240234375	0.0	0.0	0.0	261.6372985839844	0.0	0.0	0.0	225.61785888671875	696.6239624023438	869.6136474609375	559.6692504882812	461.8877258300781	590.5902099609375	459.12725830078125	265.0378112792969	364.439697265625	154.41796875	616.8853759765625	545.8348999023438	853.6770629882812	1060.36474609375	849.8632202148438	405.3680419921875	13.652759552001953	179.46084594726562	77.0964126586914	333.3525390625	226.5331573486328	231.72515869140625	187.29135131835938	578.0874633789062	201.40231323242188	12.316388130187988	325.503173828125	250.73526000976562	115.1298599243164	136.863037109375	163.2593536376953	138.0560760498047	542.6859130859375	567.046875	153.14015197753906	409.2107238769531	445.06842041015625	0.0	571.6824951171875	432.1251220703125	220.72901916503906	510.8128356933594	583.0451049804688	60.848472595214844	425.19012451171875	445.2164001464844	0.0	41.62639617919922	0.0	44.10306167602539	98.28302764892578	0.0	145.3905487060547	387.2431640625	292.55316162109375	106.86648559570312	335.6729736328125	362.83837890625	104.36880493164062	348.9163818359375	0.0	87.39138793945312	409.7480163574219	387.6884460449219
689.9370727539062	632.0462036132812	582.3720703125	883.243408203125	428.705078125	444.2237243652344	903.1915893554688	979.77490234375	388.7992858886719	691.1361083984375	604.6837158203125	349.9571228027344	318.2409973144531	191.56826782226562	243.430908203125	1240.8499755859375	711.6842651367188	688.44677734375	727.97119140625	701.0471801757812	708.5255126953125	862.7486572265625	819.0099487304688	475.2573547363281	423.9886474609375	286.5947570800781	356.1811828613281	464.01397705078125	430.3039245605469	735.8781127929688	1014.595947265625	856.37744140625	218.2003173828125	239.1516876220703	0.0	190.16079711914062	358.4461364746094	192.05911254882812	234.3070068359375	288.6211242675781	465.9665832519531	544.7869873046875	331.1747741699219	52.29726791381836	288.1502380371094	234.1062774658203	76.33789825439453	205.34400939941406	335.50048828125	337.11962890625	318.77197265625	184.29261779785156	173.15243530273438	258.70074462890625	213.7128143310547	45.23588180541992	362.6053161621094	382.0027770996094	167.18939208984375	127.2818374633789	0.0	136.5594024658203	251.47119140625	172.04766845703125	0.0	0.0	0.0	0.0	0.0	0.0	50.95271301269531	58.750267028808594	20.97097396850586	41.730255126953125	0.0	0.0	0.0	0.0	0.0	82.47377014160156	23.87555503845215	92.00409698486328	128.73081970214844	61.3663330078125	47.77192687988281	107.87837219238281	0.0	71.33845520019531	1.1979243755340576	29.987895965576172	87.44831085205078	50.8774528503418	4.670417308807373	0.0	4.360109329223633	54.13407897949219	0.0	0.0	0.0	0.0	0.0	0.0	0.0	18.94968605041504	0.0	0.0	0.0	0.0	0.0	0.0	0.0	0.0	269.7803649902344	339.2164611816406	351.0948486328125	331.028076171875	408.5389099121094	443.80352783203125	558.5655517578125	436.0652770996094	135.28187561035156	174.86227416992188	195.9475555419922	279.6151123046875	428.7868957519531	469.71527099609375	408.0373229980469	328.5103759765625	0.0	0.0	0.0	0.0	0.0	0.0	0.0	0.0	0.0	0.0	0.0	0.0	0.0	0.0	0.0	0.0	1095.531005859375	1244.128173828125	962.8837890625	484.22296142578125	1338.8707275390625	1178.7374267578125	743.853515625	809.2548217773438	1187.3729248046875	1543.5787353515625	1384.326171875	604.254638671875	671.4713745117188	669.6264038085938	504.5718994140625	242.08360290527344	768.425537109375	874.4662475585938	868.9923095703125	616.6304321289062	1001.251220703125	1218.4150390625	1118.9398193359375	889.7230834960938	520.09033203125	740.966064453125	750.9973754882812	638.8888549804688	566.1038208007812	772.6663208007812	837.1159057617188	644.3466796875	0.0	0.0	0.0	26.216487884521484	91.9234619140625	67.38921356201172	12.249284744262695	23.29741668701172	0.0	0.0	0.0	58.064273834228516	166.63427734375	111.92388153076172	0.0	12.032602310180664	1177.8681640625	1041.9200439453125	697.4149169921875	598.2958374023438	332.58111572265625	657.591552734375	669.3665161132812	496.0138854980469	1048.89111328125	1197.9456787109375	841.3961181640625	396.31671142578125	60.64448928833008	0.7528755068778992	411.1670227050781	523.5194091796875	70.9842300415039	0.0	301.7613830566406	189.51730346679688	136.54022216796875	275.2725524902344	378.1938171386719	318.9526672363281	204.2710723876953	272.5409851074219	371.8004150390625	457.580078125	0.0	0.0	307.5596008300781	502.8763732910156	306.8939514160156	337.9068603515625	619.5840454101562	467.365966796875	294.759033203125	274.977294921875	79.18284606933594	165.6819305419922	92.87358093261719	0.0	358.8147277832031	501.8856506347656	403.7966613769531	464.2910461425781	528.7139892578125	276.16168212890625	0.0	0.0	0.0	65.33952331542969	203.0752410888672	190.0636749267578	227.01321411132812	238.7757568359375	282.73321533203125	391.5530090332031	270.8004150390625	0.0	400.0408935546875	383.3423767089844	141.59872436523438	142.89413452148438
86.78898620605469	295.8240051269531	436.20416259765625	184.08482360839844	228.126953125	778.7986450195312	731.7992553710938	340.3462829589844	448.1967468261719	631.2870483398438	513.9708862304688	500.7182312011719	282.2842712402344	355.8829345703125	712.010498046875	263.8450622558594	336.9137878417969	645.1572875976562	650.0444946289062	667.3319091796875	569.6775512695312	671.7289428710938	524.130859375	290.03765869140625	500.8201904296875	891.6826171875	742.9358520507812	384.7004089355469	462.8023986816406	576.029052734375	352.1297607421875	32.48524475097656	2.3013322353363037	0.0	0.0	0.0	9.253074645996094	332.8140563964844	331.8248291015625	421.90997314453125	218.39181518554688	261.3592834472656	175.7957763671875	187.70217895507812	264.90924072265625	407.403076171875	388.0658264160156	42.297142028808594	37.98512268066406	38.54597091674805	152.6664276123047	192.47848510742188	207.0314483642578	291.95819091796875	380.99261474609375	373.2547302246094	13.459722518920898	123.79438018798828	53.3856201171875	120.54733276367188	338.4408264160156	459.8099060058594	257.7614440917969	56.944854736328125	0.0	0.0	0.0	0.0	0.0	0.0	8.832758903503418	29.744220733642578	0.0	0.0	0.0	9.165773391723633	0.0	5.526645183563232	93.17372131347656	90.25421905517578	0.0	8.642508506774902	27.569904327392578	39.39332962036133	8.730209350585938	31.62779998779297	108.57772064208984	87.97151947021484	8.77346134185791	50.345184326171875	0.0	45.944862365722656	38.32344436645508	89.76589965820312	89.5719223022461	32.309173583984375	0.0	0.0	0.0	0.0	0.0	0.0	0.0	0.0	0.0	0.0	0.0	47.57949447631836	0.0	0.0	2.5330584049224854	18.057910919189453	200.97230529785156	320.1745910644531	395.88226318359375	429.7203674316406	182.46446228027344	310.69342041015625	242.91058349609375	101.26842498779297	526.1761474609375	617.5424194335938	373.2320556640625	232.19102478027344	171.2206268310547	272.77301025390625	232.2391357421875	108.95086669921875	11.258541107177734	18.68842887878418	0.0	0.0	0.0	0.0	0.0	0.0	0.0	0.0	0.0	0.0	0.0	0.0	0.0	24.58671760559082	107.15800476074219	152.1920623779297	80.66209411621094	47.638511657714844	418.978271484375	1030.055419921875	1255.9384765625	1285.0860595703125	997.7467651367188	1216.2698974609375	665.1012573242188	285.4901123046875	1054.2357177734375	1305.769287109375	1086.6856689453125	356.8355407714844	342.9725341796875	452.6990966796875	664.8338623046875	757.9630126953125	552.43701171875	765.9158935546875	876.3941650390625	697.1641235351562	905.966552734375	1038.7607421875	786.360595703125	432.7572326660156	616.6854248046875	701.23779296875	565.2354736328125	343.4859924316406	96.47554016113281	93.45368194580078	97.78878784179688	116.41947937011719	21.721467971801758	36.0009880065918	23.400066375732422	0.0	92.70588684082031	79.83216094970703	104.12738800048828	0.0	0.0	0.0	0.0	0.0	5.383498191833496	128.7163543701172	263.85760498046875	436.29681396484375	811.0718994140625	876.1109008789062	1091.9423828125	1122.419677734375	459.86163330078125	341.0666809082031	318.12493896484375	186.79940795898438	852.7149047851562	1000.2604370117188	761.60107421875	227.52542114257812	0.0	0.0	0.0	0.0	97.11744689941406	145.9478302001953	216.27984619140625	321.9586181640625	61.355796813964844	173.13809204101562	191.73995971679688	57.00577163696289	216.27171325683594	213.923583984375	207.1453857421875	138.4002685546875	370.79681396484375	431.405517578125	357.2015686035156	282.1533508300781	284.2110290527344	291.7626647949219	172.1864471435547	74.42133331298828	195.92933654785156	336.57879638671875	260.017578125	39.605140686035156	146.23562622070312	220.70948791503906	0.0	2.317511558532715	0.0	0.0	0.0	0.0	0.0	55.76726531982422	321.0033264160156	389.1600646972656	134.04898071289062	242.99990844726562	334.13909912109375	404.435791015625	50.64386749267578	227.31781005859375	270.0737609863281	84.4348373413086
571.4874267578125	517.7472534179688	432.8327941894531	779.8931274414062	289.00067138671875	18.11779022216797	1051.54541015625	1270.4420166015625	0.0	1411.658203125	1542.433349609375	696.2318115234375	273.9403991699219	1366.547119140625	733.2071533203125	322.2219543457031	682.432373046875	658.3279418945312	637.6840209960938	585.3854370117188	304.7938232421875	924.6029663085938	913.956787109375	617.8477172851562	605.7330932617188	764.989501953125	378.518310546875	229.3118896484375	429.1502685546875	518.4528198242188	669.9757690429688	734.6900024414062	270.88214111328125	257.5117492675781	38.181312561035156	117.97796630859375	504.31005859375	369.0206298828125	291.52593994140625	386.5457458496094	0.0	352.7853088378906	484.570556640625	273.0972900390625	0.0	191.64756774902344	0.0	0.0	358.581298828125	394.07916259765625	291.3267517089844	161.58485412597656	34.51337432861328	201.22653198242188	187.2349853515625	85.61688232421875	170.44915771484375	195.0415802001953	19.417009353637695	0.0	159.1513671875	228.4982452392578	360.5738525390625	351.13116455078125	0.0	0.0	0.0	0.0	0.0	0.0	0.0	132.22772216796875	0.0	0.0	0.0	12.610994338989258	0.0	0.0	0.0	0.0	71.64420318603516	99.61048126220703	124.51766967773438	61.35886764526367	25.425310134887695	0.0	0.0	69.17539978027344	0.0	0.0	0.0	51.37192153930664	32.90910339355469	95.1041488647461	46.024845123291016	77.81776428222656	0.0	0.0	0.0	0.0	0.0	0.0	0.0	11.12964916229248	0.0	0.0	0.0	18.366374969482422	0.0	0.0	0.0	0.0	292.697021484375	309.3747863769531	325.3894958496094	338.442138671875	216.6141815185547	305.15948486328125	316.13177490234375	320.32720947265625	124.23684692382812	203.3052215576172	257.3429870605469	131.87876892089844	119.63816833496094	508.9380187988281	598.7197265625	571.1021118164062	0.0	0.0	0.0	0.0	0.0	0.0	0.0	0.0	19.240699768066406	0.0	0.0	0.0	0.0	0.0	0.0	0.0	1159.19384765625	1321.855224609375	1201.8433837890625	432.5655822753906	1420.6597900390625	1375.584228515625	840.389404296875	585.2539672851562	85.14785766601562	676.1875610351562	973.64794921875	877.3099975585938	430.6602783203125	587.9097900390625	408.1565246582031	0.0	789.138671875	773.9432373046875	886.189697265625	647.9319458007812	617.7538452148438	973.0255126953125	1034.7093505859375	702.4677124023438	345.92572021484375	425.7996826171875	466.8873596191406	488.80078125	539.6474609375	960.8621215820312	1083.6055908203125	956.9804077148438	0.0	0.0	0.0	52.267398834228516	0.0	38.88988494873047	0.0	0.0	39.86870574951172	95.44786834716797	0.0	0.0	20.563560485839844	241.8809356689453	16.05229377746582	40.740535736083984	1195.4573974609375	1123.159912109375	775.6654052734375	369.6283264160156	315.4787292480469	209.57757568359375	613.2648315429688	494.9762878417969	200.50299072265625	533.4435424804688	595.5926513671875	215.60157775878906	562.0595703125	622.6921997070312	743.8452758789062	755.1388549804688	135.64566040039062	0.0	219.1006317138672	234.0030059814453	237.47914123535156	291.422119140625	591.514892578125	438.5699768066406	0.0	138.95713806152344	153.47238159179688	213.81161499023438	129.1259307861328	92.49622344970703	0.0	0.0	287.49334716796875	244.93258666992188	517.0438842773438	554.2545776367188	270.052734375	612.0675048828125	358.52276611328125	0.0	393.20135498046875	465.3115539550781	12.226296424865723	300.5049133300781	51.755062103271484	172.6379852294922	401.74066162109375	414.9562072753906	0.0	0.0	0.0	40.97199249267578	363.26019287109375	292.2949523925781	170.6400604248047	246.7073211669922	10.608556747436523	170.6877899169922	444.0326843261719	370.7123107910156	0.0	223.32391357421875	212.33616638183594	13.477134704589844
571.0199584960938	1117.8319091796875	529.0107421875	38.858306884765625	587.197021484375	1062.3153076171875	134.5674591064453	202.87857055664062	485.4466552734375	673.2542114257812	167.38519287109375	1197.9083251953125	132.6485595703125	122.67658996582031	243.84617614746094	1227.3985595703125	605.4310302734375	527.46923828125	275.2045593261719	39.79661178588867	420.66253662109375	338.0064697265625	257.5092468261719	456.86370849609375	289.7662353515625	305.7404479980469	879.8484497070312	851.0457153320312	214.7804718017578	303.89227294921875	513.7359008789062	442.94122314453125	34.87880325317383	200.3223114013672	65.3565902709961	1.1131374835968018	208.4849090576172	337.60003662109375	58.105770111083984	0.0	62.28868865966797	40.42653274536133	0.0	106.64313507080078	215.5077362060547	253.59103393554688	215.58685302734375	307.3024597167969	184.88671875	116.86775207519531	40.56001281738281	0.06812165677547455	83.52103424072266	5.353063106536865	0.016513124108314514	0.0	82.01484680175781	146.36029052734375	150.74713134765625	210.35220336914062	139.18336486816406	251.61727905273438	310.7304382324219	157.4930877685547	0.0	47.574275970458984	29.04250144958496	0.0	0.0	62.36579513549805	15.881582260131836	0.0	0.0	51.7869987487793	0.0	0.0	0.0	81.32316589355469	8.000921249389648	0.0	0.0	0.0	24.5048828125	27.626188278198242	0.0	0.0	0.0	0.0	93.54610443115234	67.15162658691406	0.0	0.0	39.86202621459961	58.15303039550781	86.45349884033203	20.705018997192383	0.0	0.0	6.065582275390625	0.0	0.0	0.0	6.697292327880859	0.0	0.0	0.0	0.0	0.0	0.0	0.0	0.0	0.0	159.27622985839844	213.5421600341797	203.6820068359375	36.05997848510742	242.7496795654297	296.75897216796875	144.57919311523438	160.93960571289062	169.0598602294922	320.87408447265625	350.6005859375	319.0022888183594	133.6684112548828	130.58790588378906	206.2448272705078	322.380126953125	0.0	0.0	0.0	20.815610885620117	0.0	0.0	71.08348083496094	70.21701049804688	0.0	0.0	0.0	0.0	0.0	0.0	0.0	0.0	351.2555236816406	545.8916015625	287.65472412109375	63.526241302490234	530.6874389648438	673.4168090820312	318.00115966796875	127.34358978271484	549.15478515625	429.6852111816406	36.120880126953125	186.2855987548828	566.2793579101562	982.8058471679688	1176.3673095703125	939.3280639648438	474.56158447265625	469.3096008300781	341.19915771484375	117.49304962158203	473.7977600097656	434.1346130371094	299.18707275390625	209.8537139892578	475.5301818847656	865.4505004882812	1004.0645141601562	663.2404174804688	363.08795166015625	646.102294921875	945.4352416992188	839.6790161132812	137.15792846679688	71.36768341064453	0.0	25.75847625732422	177.1985626220703	126.39442443847656	0.0	87.2370376586914	75.59221649169922	163.36463928222656	25.187789916992188	69.72737121582031	0.0	0.0	0.0	98.08727264404297	463.58154296875	496.2803955078125	183.15541076660156	43.56740951538086	339.39129638671875	246.18502807617188	21.39680290222168	17.2598934173584	392.59130859375	360.6561279296875	336.69342041015625	497.3782958984375	445.95941162109375	829.1389770507812	939.8422241210938	675.1170043945312	280.5965270996094	216.15147399902344	43.24810791015625	40.90652084350586	268.55780029296875	183.61819458007812	159.97088623046875	106.22425842285156	184.85316467285156	119.09281158447266	0.0	93.01982116699219	69.47898864746094	170.7818145751953	425.93804931640625	331.0857238769531	291.2452392578125	283.40460205078125	0.0	72.05728912353516	44.6373291015625	222.9730224609375	207.67820739746094	516.0980224609375	0.0	307.8457946777344	391.9123229980469	501.20892333984375	0.0	106.7437515258789	137.76333618164062	11.922211647033691	0.0	127.82914733886719	122.33824157714844	43.83925247192383	118.59193420410156	266.7719421386719	134.73556518554688	0.0	87.30721282958984	0.0	0.0	22.184303283691406	211.9541473388672	189.10684204101562	38.776214599609375	226.62171936035156
12.093433380126953	19.75899887084961	866.2988891601562	1476.224365234375	0.13719689846038818	365.2327575683594	1436.2001953125	1243.1636962890625	15.465027809143066	1300.0755615234375	1481.335693359375	73.48238372802734	358.4098205566406	1458.093994140625	846.6149291992188	0.0	0.0	500.6790771484375	702.5877685546875	470.5740661621094	173.80825805664062	666.2696533203125	548.7522583007812	260.7321472167969	597.9797973632812	640.5269165039062	316.1596374511719	105.04804992675781	633.6913452148438	509.1383361816406	209.9564971923828	6.634366989135742	1.2737456560134888	0.0	152.11192321777344	324.833740234375	0.0	0.0	350.25732421875	287.1783142089844	0.0	283.8985595703125	341.13177490234375	29.62664222717285	50.69038391113281	302.5264892578125	171.8468780517578	9.596529006958008	29.49098014831543	101.64380645751953	90.50885772705078	3.9886558055877686	53.28659439086914	104.93938446044922	5.727259159088135	0.0	100.77535247802734	80.35015869140625	0.0	0.0	179.7926025390625	0.5949651598930359	3.2111692428588867	0.0	0.0	0.0	0.0	13.425358772277832	0.0	0.0	8.086523056030273	19.08709144592285	0.0	0.0	27.83334732055664	16.8814640045166	0.0	1.8611222505569458	38.848899841308594	1.468976616859436	0.0	0.0	0.0	29.421913146972656	0.0	0.0	0.0	29.901960372924805	0.0	0.0	11.471847534179688	0.0	9.078859329223633	21.999351501464844	32.4195442199707	0.0	0.0	0.0	0.0	0.0	0.0	0.0	0.0	56.265159606933594	0.0	0.0	22.734649658203125	49.63396453857422	0.0	0.0	63.375911712646484	30.972448348999023	0.0	84.02165222167969	105.27639770507812	176.1158905029297	27.02130889892578	77.66260528564453	176.67031860351562	180.00772094726562	92.56893920898438	191.3941192626953	180.7333526611328	138.45181274414062	132.955322265625	280.4399719238281	197.53712463378906	64.57565307617188	6.661299228668213	19.775115966796875	4.9037184715271	0.0	0.0	8.118082046508789	0.0	0.0	25.762163162231445	0.0	0.0	46.40066146850586	0.0	0.0	0.0	41.71690368652344	33.2562370300293	92.34207153320312	242.55084228515625	379.70458984375	100.82600402832031	119.81437683105469	469.8376159667969	447.7639465332031	141.9108428955078	327.1849670410156	427.6446228027344	203.5986328125	221.50949096679688	496.0282897949219	310.81378173828125	42.605403900146484	14.440160751342773	225.53334045410156	318.4522705078125	323.2773132324219	125.55884552001953	304.543701171875	322.50958251953125	366.6726989746094	309.9410095214844	338.3908996582031	340.3430480957031	351.5410461425781	510.0282897949219	520.4751586914062	389.49017333984375	225.43492126464844	0.0	68.05469512939453	56.563926696777344	0.0	0.0	74.70733642578125	36.174800872802734	0.0	62.57316207885742	64.32896423339844	0.0	0.0	100.61813354492188	81.76553344726562	0.0	0.0	0.0	90.81378936767578	247.89361572265625	224.2512969970703	44.73481369018555	235.52166748046875	262.7942810058594	154.67982482910156	127.69464111328125	223.51287841796875	127.17129516601562	89.35569763183594	474.1607971191406	406.604248046875	152.4390869140625	28.973812103271484	7.480088710784912	0.0	244.45578002929688	223.9210662841797	0.0	236.52052307128906	224.23094177246094	0.0	0.0	279.9635009765625	177.72584533691406	76.6440200805664	188.85678100585938	171.7340545654297	47.240516662597656	74.46100616455078	45.19026565551758	384.5846862792969	447.8416748046875	159.3197784423828	192.09759521484375	385.0567321777344	212.927001953125	0.0	334.2353820800781	360.9347229003906	0.0	0.0	273.4344177246094	67.84501647949219	0.0	0.0	0.0	0.0	2.8071579933166504	231.9014434814453	0.0	0.0	354.2577819824219	318.3089904785156	0.0	229.6328582763672	311.1838073730469	196.79275512695312	0.0	279.47857666015625	250.4905242919922	50.440975189208984
529.7250366210938	627.1458129882812	461.56927490234375	531.2713012695312	331.6607971191406	96.62860870361328	863.0951538085938	960.2899780273438	405.12701416015625	774.3168334960938	1057.4727783203125	842.3447265625	615.864501953125	901.73876953125	916.4097290039062	149.68536376953125	581.8378295898438	438.37103271484375	401.45758056640625	248.1826629638672	234.3473663330078	542.1436157226562	713.7890014648438	414.66021728515625	635.4685668945312	780.0975341796875	730.5364990234375	630.1707763671875	679.7064208984375	709.7258911132812	346.1795349121094	264.0496520996094	361.0799255371094	364.30364990234375	116.77323150634766	81.56568145751953	425.4639892578125	401.14288330078125	133.4044647216797	93.01058197021484	0.0	0.0	2.476529836654663	0.0	177.1106414794922	491.5018005371094	472.348388671875	335.8388671875	390.5257873535156	364.6991271972656	215.6637420654297	18.476524353027344	5.359604358673096	51.5995979309082	67.38385009765625	0.0	93.18794250488281	305.7799377441406	233.4627227783203	284.0599670410156	289.39190673828125	252.3287353515625	191.90138244628906	223.65513610839844	0.0	0.0	0.0	16.280120849609375	0.0	0.0	0.0	73.19210815429688	0.0	0.0	0.0	25.758657455444336	0.0	0.0	14.024335861206055	48.14616394042969	15.587748527526855	90.29290008544922	113.04994201660156	6.340270519256592	18.128429412841797	0.0	48.959903717041016	0.0	0.0	18.247926712036133	104.4327621459961	121.47888946533203	21.875747680664062	0.0	44.796138763427734	88.15023040771484	0.0	0.0	0.0	0.0	3.620433807373047	0.0	0.0	0.0	0.0	0.0	0.0	0.0	0.0	16.538726806640625	11.934988021850586	28.51738739013672	207.3568878173828	287.1334533691406	293.3559875488281	115.6540298461914	151.97930908203125	249.7878875732422	209.53125	273.5854797363281	305.66278076171875	332.7909851074219	453.5793151855469	495.07012939453125	334.4241638183594	339.97723388671875	321.4327392578125	170.21865844726562	0.0	0.0	0.0	0.0	0.0	0.0	0.0	0.0	0.0	0.0	0.0	0.0	0.0	0.0	0.0	0.0	1238.767822265625	1420.8944091796875	1039.0135498046875	201.55499267578125	1155.1112060546875	1106.7579345703125	662.7715454101562	163.6549835205078	9.619658470153809	185.08370971679688	400.7871398925781	397.0606994628906	795.2731323242188	1194.113037109375	1225.8660888671875	1148.1807861328125	743.5923461914062	784.613037109375	657.14306640625	239.5974884033203	438.29302978515625	554.4799194335938	437.53326416015625	251.38165283203125	602.4588012695312	841.4561157226562	838.6365356445312	1065.05078125	970.4117431640625	1049.4423828125	939.779541015625	930.1615600585938	0.0	0.0	89.32465362548828	0.0	26.706445693969727	0.0	102.37421417236328	23.939708709716797	121.47916412353516	57.645896911621094	55.11479187011719	44.45356750488281	95.81702423095703	17.330476760864258	0.0	0.0	1002.636474609375	1061.0908203125	620.2255859375	48.66496276855469	212.5504150390625	186.39285278320312	78.43651580810547	39.99748229980469	188.48883056640625	685.5853271484375	848.0701904296875	757.6477661132812	1054.6697998046875	1004.271240234375	1007.001708984375	950.834716796875	119.88410186767578	253.16294860839844	373.7413024902344	61.10002517700195	151.65753173828125	252.54417419433594	502.45947265625	156.30740356445312	0.0	0.0	35.63603973388672	0.0	186.6729736328125	124.57624053955078	55.08832931518555	464.7968444824219	139.68896484375	89.86959838867188	278.7248840332031	293.10321044921875	259.9249572753906	546.9625244140625	426.1856689453125	217.30880737304688	486.7474365234375	566.0284423828125	353.7563781738281	241.6812744140625	182.2175750732422	43.98642349243164	0.0	0.0	100.5394058227539	159.75677490234375	0.0	138.12478637695312	428.61224365234375	409.8398132324219	100.18084716796875	113.0973892211914	0.0	0.0	36.41179656982422	0.0	0.0	296.9846496582031	417.47125244140625	348.91033935546875
6.656994342803955	1357.8868408203125	1349.863525390625	29.710180282592773	223.06521606445312	1090.9346923828125	473.7065124511719	329.4294128417969	149.25628662109375	242.4084930419922	445.8807373046875	683.427001953125	101.17631530761719	144.06768798828125	1238.172119140625	906.52490234375	543.701904296875	692.9310913085938	270.4502258300781	81.3223876953125	299.6980895996094	325.9573669433594	418.08978271484375	306.1630859375	101.35958862304688	417.5001525878906	550.7725219726562	337.27215576171875	319.0873718261719	812.1184692382812	884.24658203125	362.4267272949219	0.0	332.4496154785156	295.3404541015625	40.96474838256836	30.300796508789062	160.31710815429688	0.0	30.886646270751953	192.2391815185547	254.0058135986328	79.2191162109375	119.6344223022461	0.0	0.0	238.05410766601562	99.2988052368164	121.64652252197266	42.68242263793945	16.722576141357422	0.0	97.72179412841797	116.46849060058594	161.08824157714844	0.8877015113830566	105.69796752929688	186.72442626953125	174.1494598388672	12.0999174118042	127.66806030273438	223.1846923828125	181.34909057617188	55.76254653930664	0.0	0.0	45.82559585571289	25.292552947998047	0.0	0.0	13.911650657653809	20.081314086914062	0.0	0.0	0.0	7.7917680740356445	0.0	0.0	53.23592758178711	129.92373657226562	3.672492742538452	0.0	29.19784927368164	11.786206245422363	14.466245651245117	53.17155838012695	0.0	13.174042701721191	0.0	19.75454330444336	49.58112716674805	24.72549057006836	30.642671585083008	31.5330867767334	51.56605529785156	9.408903121948242	0.0	0.0	4.418388366699219	49.08750915527344	0.0	0.0	51.41793441772461	22.834379196166992	0.0	0.0	0.0	0.0	0.0	0.0	0.0	30.807283401489258	68.922607421875	268.05865478515625	131.2664337158203	72.71930694580078	91.80059814453125	312.4058837890625	379.1953125	154.49630737304688	125.65755462646484	155.92405700683594	175.09934997558594	103.04940795898438	207.2427520751953	365.51153564453125	315.9609680175781	226.15086364746094	0.0	0.0	0.0	41.18678665161133	0.0	0.0	0.0	0.0	0.0	0.0	0.0	0.0	0.0	0.0	0.0	0.0	98.16673278808594	502.2503967285156	585.8681640625	314.4566955566406	436.67425537109375	487.6717224121094	231.7559051513672	35.49628448486328	571.2645874023438	929.707275390625	777.6072998046875	157.84414672851562	155.30955505371094	254.5060577392578	300.7777099609375	309.296875	326.00653076171875	397.39715576171875	329.2937927246094	319.5844421386719	388.162109375	720.2385864257812	717.328369140625	226.2396240234375	295.4520568847656	542.6517333984375	592.0751953125	281.4396057128906	487.1693420410156	778.0114135742188	663.4228515625	386.1427917480469	0.0	106.29499053955078	0.0	0.0	0.0	183.35919189453125	39.65809631347656	0.0	0.0	0.0	77.05030059814453	0.0	110.11783599853516	73.53691101074219	29.5929012298584	0.0	177.75360107421875	383.1269226074219	304.1796875	67.93350219726562	388.2077331542969	394.9463195800781	262.8562927246094	58.44198226928711	430.66961669921875	614.5806274414062	564.1661987304688	67.90487670898438	164.9613800048828	523.1700439453125	594.5977783203125	246.83641052246094	5.744555950164795	185.52467346191406	95.69999694824219	175.4250030517578	82.70133972167969	138.83753967285156	3.431722640991211	97.14387512207031	25.341693878173828	206.75881958007812	486.46234130859375	114.87736511230469	0.0	7.122896671295166	362.45623779296875	32.43833923339844	287.4025573730469	253.22166442871094	15.887476921081543	42.850948333740234	1.077688455581665	142.87554931640625	319.41815185546875	204.4221954345703	0.0	302.3886413574219	422.1380920410156	283.2594299316406	157.0833740234375	458.53741455078125	270.8569030761719	0.0	0.0	230.91903686523438	331.7313232421875	140.33392333984375	24.892019271850586	151.73944091796875	154.52943420410156	98.10818481445312	198.4846649169922	175.29222106933594	0.0	145.8550262451172	30.696182250976562	70.93518829345703	171.75979614257812	152.2950439453125
14.575041770935059	1117.2647705078125	946.0752563476562	393.5786437988281	224.82269287109375	992.8148803710938	520.995361328125	714.787353515625	545.640380859375	923.5653686523438	952.3688354492188	695.0897216796875	1314.958984375	1040.193115234375	865.4116821289062	346.1876525878906	502.1086730957031	648.7953491210938	517.2844848632812	597.31201171875	276.5087890625	674.6973266601562	766.5828247070312	824.1312866210938	606.9783325195312	757.0882568359375	395.88525390625	256.4277038574219	595.8138427734375	898.4061889648438	613.4286499023438	250.8143310546875	0.0	305.9241027832031	259.8607482910156	0.0	67.39586639404297	294.0607604980469	110.49044799804688	404.32537841796875	44.65859603881836	240.58116149902344	383.6907958984375	344.6055908203125	322.4557800292969	226.1822509765625	131.80587768554688	58.19402313232422	152.3817901611328	281.47027587890625	345.695068359375	317.44879150390625	86.88905334472656	76.66123962402344	193.99708557128906	186.47183227539062	129.79246520996094	131.5881805419922	72.64778900146484	18.836950302124023	0.0	98.51846313476562	96.13727569580078	44.687896728515625	0.0	0.0	0.0	0.0	0.0	0.0	0.0	46.641971588134766	0.0	0.0	0.0	6.776122093200684	0.0	0.0	62.680992126464844	78.2680892944336	8.125263214111328	0.0	90.58104705810547	174.17518615722656	0.0	0.0	0.0	69.17568969726562	0.0	54.751556396484375	0.0	41.20904541015625	0.0	27.91790008544922	0.0	19.453702926635742	0.0	0.0	0.0	0.0	0.0	0.0	0.0	5.945698261260986	0.0	0.0	0.0	51.91218185424805	0.0	0.0	19.67110824584961	12.147621154785156	92.73625946044922	256.0560607910156	307.97601318359375	301.9732971191406	156.35874938964844	310.6206359863281	339.0498352050781	288.0894775390625	271.9051818847656	206.44937133789062	284.4930419921875	153.93910217285156	450.37359619140625	508.0523681640625	299.2085266113281	172.02435302734375	0.0	0.0	0.0	0.0	0.0	0.0	0.0	0.0	0.0	0.0	0.0	0.0	0.0	0.0	0.0	2.3294849395751953	137.99212646484375	819.7266845703125	1231.641357421875	1014.9686889648438	558.6151733398438	703.973876953125	621.9985961914062	834.7106323242188	237.23886108398438	797.8228149414062	816.5469360351562	894.3883666992188	729.8936767578125	982.33349609375	408.0408935546875	70.44390869140625	333.2549133300781	540.3369140625	1001.691162109375	1035.1461181640625	406.5480651855469	637.7640380859375	892.7117309570312	814.0237426757812	506.49700927734375	586.8159790039062	669.5603637695312	518.9662475585938	976.4400024414062	1078.32470703125	578.53759765625	312.5149230957031	24.58721160888672	116.25981140136719	0.0	42.343955993652344	81.43687438964844	179.2733612060547	0.0	0.0	96.96428680419922	14.431814193725586	132.7771453857422	0.0	283.6622314453125	58.638275146484375	119.0250473022461	0.0	253.0127410888672	677.6953125	974.03857421875	779.4940795898438	280.3105773925781	284.1847839355469	639.8751220703125	668.6956176757812	534.304443359375	644.8020629882812	656.4058227539062	68.73470306396484	402.62652587890625	266.05938720703125	357.9585876464844	172.7118682861328	30.56241798400879	95.68865203857422	74.3912124633789	428.9825744628906	122.70616149902344	198.41094970703125	142.09771728515625	354.8102722167969	99.80491638183594	189.6699981689453	153.92425537109375	91.00714874267578	72.90987396240234	275.26959228515625	381.2374572753906	0.0	312.03729248046875	389.95098876953125	282.12237548828125	504.8125915527344	211.47914123535156	325.9595947265625	290.683349609375	6.5977654457092285	376.5953063964844	249.24327087402344	130.920654296875	26.589696884155273	186.17822265625	286.8916320800781	184.3388671875	0.0	0.0	91.13397979736328	203.3654022216797	0.0	0.0	234.27865600585938	302.2751159667969	306.8304138183594	7.424816131591797	73.93413543701172	350.3892517089844	506.8367614746094	229.36756896972656	261.35992431640625	142.52566528320312	160.1991424560547
274.7622375488281	1346.412353515625	998.3289184570312	302.2024841308594	834.0325317382812	1430.980712890625	35.735923767089844	963.5444946289062	802.1524658203125	1125.605224609375	298.1227722167969	1373.8489990234375	778.878173828125	917.56494140625	1260.4046630859375	1494.8453369140625	709.9481811523438	665.0856323242188	308.02313232421875	393.5029602050781	515.0693969726562	262.9079895019531	572.9304809570312	630.4183959960938	523.4898681640625	379.78948974609375	695.9437255859375	565.2548217773438	378.9500427246094	777.714111328125	873.8743286132812	465.7832336425781	14.903039932250977	481.5770263671875	306.274169921875	78.24386596679688	168.5221710205078	376.71142578125	162.37779235839844	90.87408447265625	105.67535400390625	170.28759765625	0.0	232.66348266601562	46.933536529541016	0.0	296.2904052734375	274.35833740234375	155.3900146484375	179.69508361816406	210.68626403808594	111.4000473022461	90.50176239013672	0.0	102.64310455322266	90.12619018554688	87.28296661376953	5.764669895172119	45.34819793701172	0.0	123.26188659667969	267.2004089355469	161.22901916503906	20.03265380859375	0.0	0.0	0.0	0.0	0.0	0.0	0.0	0.0	0.0	19.479143142700195	0.0	18.700162887573242	0.0	79.62647247314453	0.0	52.47659683227539	0.0	0.0	100.32978057861328	68.90082550048828	0.0	0.0	30.330963134765625	5.520446300506592	0.0	0.0	0.0	0.629566490650177	48.373714447021484	26.231779098510742	0.0	41.730201721191406	0.0	0.0	0.0	0.0	0.0	0.0	5.969160079956055	0.0	0.0	0.0	0.0	0.0	0.0	0.0	0.0	7.681026458740234	87.85649871826172	158.4298553466797	195.75918579101562	165.30093383789062	160.26443481445312	196.03115844726562	238.35372924804688	190.43844604492188	180.6879425048828	174.37716674804688	174.47686767578125	185.84878540039062	302.7691650390625	391.7228698730469	334.2276306152344	287.5685729980469	0.0	0.0	0.0	0.0	0.0	0.0	93.2999038696289	0.0	0.0	0.0	37.27753829956055	0.0	0.0	0.0	0.0	0.0	153.27587890625	969.1079711914062	1075.606689453125	648.4896240234375	337.5014343261719	568.1912841796875	426.25628662109375	255.50120544433594	270.30340576171875	222.14108276367188	148.63478088378906	239.54234313964844	431.19207763671875	247.8169403076172	431.5285339355469	524.7042846679688	344.2126159667969	508.2127685546875	742.8155517578125	564.7545166015625	279.8001403808594	301.3119201660156	532.8759155273438	340.4154968261719	338.1648254394531	313.6324157714844	497.0184631347656	279.6814270019531	693.8370361328125	1106.31689453125	1002.7111206054688	500.87347412109375	93.50967407226562	50.520477294921875	0.0	81.31495666503906	227.70523071289062	114.95314025878906	0.0	99.23130798339844	216.26853942871094	34.02289962768555	5.162076950073242	63.34109115600586	230.37564086914062	145.1163787841797	0.0	0.0	284.70330810546875	787.0928344726562	799.193115234375	443.38006591796875	252.29220581054688	164.41012573242188	105.27706146240234	39.38677215576172	184.90296936035156	104.84583282470703	111.75518035888672	127.51387023925781	390.0863952636719	613.296142578125	744.9815063476562	404.0367736816406	183.7626953125	155.9317626953125	291.9326477050781	422.74853515625	296.28131103515625	93.31340026855469	120.96854400634766	371.482177734375	263.1296081542969	19.26473617553711	245.4451446533203	319.6841735839844	182.4715576171875	5.590414524078369	223.58901977539062	87.08709716796875	371.3831481933594	285.76959228515625	0.0	303.16552734375	136.1278839111328	140.18319702148438	291.56072998046875	405.5010986328125	155.3794403076172	362.5622253417969	323.7284851074219	320.4098815917969	100.10692596435547	494.0073547363281	258.52886962890625	0.0	0.0	397.4996643066406	363.4821472167969	0.0	96.39115905761719	487.8460388183594	361.4814758300781	42.303897857666016	47.110416412353516	142.61654663085938	0.0	205.0714569091797	26.571603775024414	0.0	160.88963317871094	254.72251892089844
29.774944305419922	934.280517578125	1275.8504638671875	323.2693176269531	276.24102783203125	1372.04052734375	811.175537109375	432.21527099609375	480.1349182128906	891.532958984375	777.1754760742188	598.34716796875	251.17489624023438	699.6013793945312	574.0187377929688	594.4358520507812	458.712890625	537.6296997070312	288.00836181640625	127.86708068847656	498.7826232910156	536.0570068359375	556.1919555664062	535.6235961914062	423.2032470703125	610.6358032226562	671.5684204101562	457.0268249511719	414.4117126464844	513.7835693359375	602.5178833007812	153.142822265625	0.0	212.9845733642578	268.06298828125	46.294795989990234	44.9676628112793	215.6344757080078	69.29066467285156	42.574031829833984	46.25716018676758	0.0	57.967105865478516	161.1365203857422	171.87066650390625	320.80712890625	367.4969482421875	280.0884094238281	92.91439819335938	74.52591705322266	0.0	0.0	95.66512298583984	10.676387786865234	101.94829559326172	125.26089477539062	105.51441955566406	69.15359497070312	160.5644073486328	130.0680389404297	168.00408935546875	182.81857299804688	136.86891174316406	88.84353637695312	0.0	0.0	0.0	10.313253402709961	0.0	0.0	0.0	0.0	0.0	0.0	0.0	0.0	0.0	17.260801315307617	89.70702362060547	136.0884552001953	0.0	0.0	22.437196731567383	23.398929595947266	3.1380555629730225	0.0	25.923093795776367	24.964479446411133	24.94038963317871	24.267471313476562	2.939342975616455	83.22667694091797	47.83677673339844	22.179607391357422	4.812366485595703	75.28337860107422	0.0	0.0	0.0	40.84109115600586	0.0	0.0	0.0	0.0	0.0	0.0	0.0	0.0	0.0	99.21033477783203	26.913158416748047	17.427507400512695	73.7247085571289	91.1113510131836	167.44204711914062	137.1763916015625	18.38095474243164	252.72378540039062	304.87860107421875	293.61865234375	256.1766052246094	455.3076477050781	418.6743469238281	243.9311065673828	149.7096710205078	286.8686828613281	257.7986755371094	232.25352478027344	23.024887084960938	0.0	0.0	0.0	0.0	0.0	0.0	0.0	0.0	0.0	0.0	0.0	0.0	0.0	0.0	0.0	63.484832763671875	313.1864318847656	469.6090087890625	320.6456604003906	134.09300231933594	453.58197021484375	396.84375	0.0	252.587890625	303.660400390625	512.3513793945312	539.4063110351562	703.81396484375	969.569580078125	1009.3284301757812	692.5823974609375	222.39866638183594	226.8783416748047	299.245849609375	298.90325927734375	189.5620880126953	435.8404846191406	566.416748046875	432.25244140625	559.2347412109375	957.8150634765625	1192.020263671875	774.47900390625	631.7606201171875	933.1337890625	907.383544921875	576.1244506835938	64.59883880615234	49.46257400512695	0.0	0.0	74.49064636230469	164.74313354492188	0.0	59.90681838989258	170.23455810546875	131.06829833984375	0.0	0.0	17.14530372619629	84.45319366455078	0.0	0.0	111.81056213378906	206.4993438720703	201.4029083251953	150.43458557128906	170.40408325195312	211.8350067138672	240.9840850830078	305.874267578125	242.14476013183594	379.4718322753906	540.075439453125	500.40325927734375	694.391845703125	832.476318359375	686.0885009765625	492.6650390625	0.0	197.28050231933594	137.462158203125	162.28318786621094	101.07713317871094	80.7524642944336	66.86478424072266	145.87782287597656	57.718055725097656	0.0	212.24307250976562	209.19541931152344	149.51303100585938	274.3540954589844	135.14321899414062	147.80078125	306.7170104980469	357.1994934082031	37.5321159362793	204.0323486328125	171.6824951171875	338.01715087890625	353.17578125	259.7911376953125	147.88137817382812	392.2916564941406	380.3106384277344	141.2393798828125	0.0	0.0	0.0	28.645679473876953	0.0	71.57201385498047	255.4210968017578	141.87741088867188	0.0	182.750732421875	160.40814208984375	35.20499801635742	0.0	37.08843994140625	100.65689086914062	182.2566375732422	70.50189208984375	52.58231735229492	297.25445556640625	259.3709716796875
331.4517517089844	666.1629028320312	419.42474365234375	894.4650268554688	211.79824829101562	96.10138702392578	1376.510009765625	1238.382080078125	186.84983825683594	889.6830444335938	1539.7713623046875	897.0635986328125	472.0323181152344	1153.4244384765625	1097.032958984375	434.19610595703125	436.0197448730469	272.9068908691406	563.2176513671875	374.6852111816406	72.49707794189453	722.4029541015625	800.5528564453125	417.8403015136719	508.61474609375	615.009033203125	550.1638793945312	491.9468688964844	678.25439453125	715.8507080078125	770.8154296875	722.9816284179688	371.4060974121094	491.31182861328125	116.84335327148438	206.32041931152344	320.70391845703125	262.5736389160156	270.5401916503906	228.5775909423828	0.0	29.868057250976562	277.0266418457031	108.54818725585938	0.0	184.8814697265625	108.11367797851562	156.97206115722656	333.4435729980469	363.04058837890625	255.0826873779297	41.64936828613281	24.659589767456055	134.30322265625	86.90987396240234	0.0	43.08698654174805	77.62571716308594	3.978853464126587	0.0	351.2643737792969	322.36944580078125	329.996337890625	291.0346374511719	0.0	0.0	0.0	55.510562896728516	0.0	0.0	0.0	121.28912353515625	0.0	0.0	0.0	7.727912425994873	0.0	0.0	54.84315872192383	63.00044631958008	0.0	7.642237186431885	121.9808349609375	0.0	0.0	21.84967803955078	0.0	0.0	0.0	0.0	0.0	0.0	23.704910278320312	41.2774772644043	66.36384582519531	56.154563903808594	0.0	0.0	0.0	0.0	0.0	0.0	0.0	40.59004592895508	0.0	0.0	0.0	44.540584564208984	0.0	0.0	4.76064920425415	13.126422882080078	60.17815017700195	209.60369873046875	218.63848876953125	155.35629272460938	102.90838623046875	179.96951293945312	250.11805725097656	181.35394287109375	163.92257690429688	259.8492126464844	490.80010986328125	461.79339599609375	359.7545166015625	510.6514587402344	555.3580322265625	443.54180908203125	0.0	0.0	0.0	0.0	0.0	11.451576232910156	0.0	0.0	13.77922248840332	0.0	0.0	0.0	0.0	0.0	0.0	0.0	1082.1016845703125	1493.0552978515625	1169.2691650390625	413.7178039550781	724.3619384765625	772.3779296875	301.9256286621094	265.1294860839844	107.50850677490234	263.81396484375	421.5369873046875	315.24371337890625	353.0525817871094	805.2368774414062	850.6218872070312	743.1011962890625	548.3934936523438	743.52099609375	763.7378540039062	412.37213134765625	328.4539794921875	493.105224609375	500.0554504394531	320.39276123046875	307.96435546875	532.4312133789062	759.4314575195312	789.8428955078125	887.3370361328125	979.4144287109375	1159.4149169921875	1069.9456787109375	0.0	0.0	79.94861602783203	0.0	12.364051818847656	0.0	56.36808395385742	0.0	82.92870330810547	54.69374465942383	129.66122436523438	5.443493366241455	108.79280090332031	40.22068786621094	10.731925010681152	0.0	933.7075805664062	1171.4464111328125	843.6903686523438	243.40911865234375	98.73179626464844	153.75738525390625	168.2542266845703	58.68132781982422	33.97634506225586	191.92259216308594	240.1138458251953	169.4254913330078	962.7334594726562	1105.381591796875	1167.795166015625	1050.142578125	147.08770751953125	107.27790069580078	603.0926513671875	346.1829528808594	4.0568366050720215	0.0	465.1321105957031	248.1129913330078	0.0	184.4047088623047	293.5845031738281	37.33893966674805	49.06983947753906	83.25856018066406	41.72410583496094	91.28722381591797	86.39682006835938	42.48025131225586	369.66351318359375	337.8282775878906	132.5560760498047	520.9591674804688	512.190185546875	143.83985900878906	440.2138977050781	403.40643310546875	128.89706420898438	312.8119812011719	403.15631103515625	208.24423217773438	162.1545867919922	243.7751922607422	164.3258819580078	249.6172637939453	81.93403625488281	167.7848358154297	422.3521728515625	360.7279357910156	227.56346130371094	249.01805114746094	0.0	0.0	210.80889892578125	182.78128051757812	0.0	78.65660095214844	83.73848724365234	0.0
44.4769401550293	809.71044921875	804.0053100585938	740.8985595703125	243.5159454345703	493.80120849609375	626.2224731445312	1194.913330078125	673.5211181640625	586.6588745117188	801.4517822265625	911.0474853515625	608.2985229492188	447.140625	876.2980346679688	999.8344116210938	519.7469482421875	659.5236206054688	615.3988037109375	630.223388671875	374.1972961425781	737.9398803710938	902.9033203125	697.7214965820312	551.1859741210938	484.0367431640625	727.0420532226562	555.6544799804688	531.6456298828125	1033.1661376953125	1029.5625	399.49432373046875	0.0	346.5729675292969	286.8937683105469	221.60377502441406	223.15835571289062	316.21783447265625	117.67633056640625	368.26251220703125	156.08460998535156	212.68284606933594	182.42575073242188	182.54429626464844	0.0	97.7469482421875	376.96527099609375	217.6151885986328	242.55419921875	335.6675109863281	340.7084655761719	296.24407958984375	9.26455307006836	180.54246520996094	224.41896057128906	52.086090087890625	198.9582061767578	311.34844970703125	223.4486541748047	61.517642974853516	381.71533203125	420.5845031738281	307.2895202636719	113.0220947265625	0.0	0.0	0.0	0.0	0.0	0.0	0.0	68.33671569824219	0.0	0.0	0.0	36.25133514404297	0.0	0.0	47.487342834472656	131.41600036621094	15.91168212890625	0.0	80.85979461669922	117.91048431396484	0.0	38.7279167175293	36.01542282104492	43.390933990478516	0.0	18.7781925201416	53.66233825683594	2.1457252502441406	50.37969970703125	70.46663665771484	72.5521011352539	85.93997192382812	0.0	0.0	0.0	0.0	0.0	0.0	0.0	0.0	0.0	0.0	0.0	12.761242866516113	0.0	0.0	3.916372060775757	29.11118507385254	129.95008850097656	244.54852294921875	307.7032165527344	277.1805419921875	215.06781005859375	360.5374450683594	452.9527282714844	451.65087890625	334.8121032714844	416.73590087890625	383.50201416015625	279.2416687011719	558.5115356445312	618.3370971679688	510.7303466796875	307.59552001953125	0.0	0.0	0.0	0.0	0.0	0.0	0.0	0.0	0.0	0.0	0.0	0.0	0.0	0.0	0.0	0.0	392.34063720703125	1173.1865234375	1378.89306640625	921.7507934570312	861.2697143554688	1166.1568603515625	855.9309692382812	534.0845336914062	646.6160888671875	1204.8114013671875	1088.6700439453125	569.9877319335938	640.5769653320312	584.421142578125	946.560302734375	799.2230834960938	506.26904296875	706.01220703125	966.7716674804688	846.6343383789062	575.04443359375	961.8228149414062	996.320556640625	613.0069580078125	620.3443603515625	1022.4599609375	999.5114135742188	607.0599365234375	1155.2589111328125	1292.81787109375	1028.63525390625	555.5187377929688	0.0	0.0	0.0	0.0	23.292003631591797	120.86579895019531	0.0	6.430601119995117	98.13014221191406	70.69642639160156	84.53347778320312	48.01900863647461	159.32806396484375	0.0	0.0	0.0	704.0320434570312	1007.2608642578125	1010.6202392578125	736.4581909179688	312.6947021484375	310.6051025390625	625.1466064453125	383.21331787109375	490.76605224609375	1038.626708984375	783.8370361328125	159.00003051757812	1050.697509765625	1253.55419921875	1078.5673828125	464.3388671875	37.3795051574707	102.90831756591797	208.9012451171875	498.6231689453125	5.2598958015441895	141.69757080078125	339.1026916503906	424.1224365234375	0.0	98.3494873046875	516.0003662109375	227.3852081298828	63.32648849487305	0.0	263.0605773925781	76.38916015625	233.46324157714844	260.4715270996094	378.8175964355469	490.04443359375	168.28390502929688	260.5240478515625	292.553955078125	180.16946411132812	212.30096435546875	195.87156677246094	262.68206787109375	173.05567932128906	219.43527221679688	250.06246948242188	201.771484375	0.0	0.0	0.0	47.30345153808594	138.85971069335938	200.52784729003906	287.7052307128906	266.9652099609375	333.4344787597656	68.12518310546875	114.25350189208984	136.8909149169922	284.0739440917969	72.79521179199219	220.2501220703125	214.55303955078125	176.7281494140625
469.6307678222656	542.1715698242188	285.7192077636719	594.4694213867188	348.3262634277344	101.80025482177734	541.6658325195312	1151.4228515625	35.08948516845703	184.53262329101562	1495.811767578125	1243.5137939453125	9.46808910369873	1335.7562255859375	1488.09521484375	147.3262481689453	479.20892333984375	460.0888671875	529.86181640625	385.62786865234375	3.6875126361846924	428.0267639160156	774.9244995117188	460.0851135253906	168.9567413330078	677.5975341796875	673.0121459960938	348.5547790527344	624.440185546875	681.8173217773438	309.9880065917969	78.10277557373047	196.0391387939453	222.35218811035156	29.167238235473633	95.76853942871094	384.8789978027344	383.2590026855469	116.17285919189453	205.6579132080078	0.0	0.0	320.6409912109375	201.9578857421875	0.0	288.98846435546875	355.9078063964844	45.113670349121094	245.97010803222656	323.7349548339844	280.0985412597656	74.9046630859375	0.0	104.52125549316406	107.6802978515625	16.879501342773438	34.126220703125	114.64534759521484	48.43920135498047	16.994245529174805	96.49137878417969	70.88778686523438	2.7779839038848877	0.7832374572753906	0.0	0.0	0.0	14.422107696533203	0.0	0.0	0.0	85.41720581054688	0.0	0.0	0.0	76.9283447265625	0.0	0.0	12.737683296203613	24.497648239135742	11.571932792663574	120.61492919921875	112.55803680419922	26.97065544128418	4.438848972320557	0.0	0.0	0.0	0.0	0.0	0.0	45.37960433959961	0.0	0.0	32.59722137451172	3.5207414627075195	0.0	0.0	0.0	0.0	6.742161750793457	0.0	0.0	0.0	0.0	0.0	0.0	51.923927307128906	0.0	0.0	14.777979850769043	58.896358489990234	107.69766235351562	253.8756866455078	366.0143737792969	295.2809143066406	80.56075286865234	195.2635498046875	248.12496948242188	171.4380645751953	51.186344146728516	112.21284484863281	200.13717651367188	177.1985626220703	150.62545776367188	241.99462890625	194.1711883544922	145.5089111328125	0.0	0.0	0.0	0.0	0.0	0.0	0.0	0.0	0.0	12.319724082946777	0.0	0.0	12.908140182495117	0.0	0.0	42.97649383544922	753.28466796875	1153.0020751953125	1079.438720703125	346.1513671875	818.0400390625	1101.634521484375	993.1076049804688	406.4267578125	87.32262420654297	82.42057800292969	372.6319274902344	353.1567687988281	74.59449005126953	376.9066162109375	476.2919921875	303.4854431152344	477.0315856933594	697.5433349609375	687.1744384765625	347.4537658691406	379.58172607421875	649.8662109375	702.9631958007812	318.12200927734375	106.3253173828125	330.5561218261719	300.2845153808594	331.2950744628906	440.3782653808594	488.7877502441406	377.16619873046875	372.1944274902344	0.0	0.0	94.5507583618164	25.5336856842041	28.828941345214844	0.0	63.802024841308594	0.0	0.9446614384651184	67.32682037353516	0.0	0.0	69.91507720947266	116.78115844726562	0.0	0.0	806.9028930664062	915.195556640625	710.420654296875	304.38104248046875	184.48768615722656	255.65272521972656	178.291015625	51.85076141357422	20.38450050354004	194.5208740234375	256.94122314453125	162.723388671875	104.46121215820312	296.51885986328125	201.25267028808594	100.83104705810547	95.54776000976562	49.73439407348633	223.7589874267578	52.9526252746582	91.66539764404297	113.55876922607422	609.9680786132812	346.1676025390625	0.0	169.1166534423828	234.39617919921875	0.9409582614898682	0.0	228.63380432128906	169.46221923828125	81.2989273071289	204.4434051513672	210.49424743652344	346.76385498046875	354.1622009277344	0.0	383.92303466796875	538.079345703125	202.50247192382812	210.11697387695312	445.707275390625	381.5162658691406	0.0	323.0544738769531	338.9742736816406	0.0	8.948351860046387	0.0	14.042903900146484	0.0	107.85317993164062	322.999755859375	336.0013122558594	89.77189636230469	162.27603149414062	41.01498794555664	0.0	281.13092041015625	231.78921508789062	0.0	201.3856964111328	348.2525329589844	199.5057373046875
0.0	880.5999755859375	900.4737548828125	726.6181640625	124.52555084228516	909.4127807617188	948.1611328125	621.4505615234375	289.47918701171875	1081.8624267578125	914.04736328125	356.69610595703125	970.4722900390625	1315.471435546875	850.2343139648438	478.5740966796875	398.0564270019531	634.3578491210938	707.0189208984375	626.6990966796875	330.4826965332031	575.9255981445312	527.32666015625	349.8267822265625	584.5723266601562	644.9720458984375	556.9937133789062	272.6184997558594	535.9694213867188	896.8800659179688	776.1759033203125	308.5146484375	0.0	54.5550651550293	196.8251953125	267.2245788574219	32.834129333496094	153.4972381591797	327.27587890625	429.8128662109375	0.0	185.1662139892578	235.63526916503906	24.756258010864258	78.18048858642578	155.8402862548828	94.50251770019531	43.056610107421875	125.55704498291016	159.84918212890625	328.6333312988281	323.9248962402344	88.68124389648438	53.09360122680664	29.86685562133789	0.0	121.6868667602539	64.65959930419922	20.875225067138672	3.9264113903045654	91.11213684082031	119.52603149414062	38.182098388671875	66.35990905761719	0.0	0.0	0.0	0.0	0.0	0.0	0.0	10.531810760498047	0.0	0.0	26.53875732421875	60.59638214111328	0.0	0.0	74.7883529663086	73.55501556396484	5.9092698097229	0.0	19.839344024658203	115.83216857910156	0.0	0.0	0.0	42.95713424682617	0.0	8.847221374511719	0.0	0.0	0.0	28.8966007232666	8.925625801086426	11.061713218688965	0.0	0.0	0.0	0.0	0.0	0.0	17.596529006958008	30.275060653686523	0.0	0.0	0.0	29.03854751586914	0.0	0.0	0.0	2.3923935890197754	42.99272537231445	217.88284301757812	260.0098571777344	248.5787353515625	43.17808151245117	202.0163116455078	222.9180450439453	261.8380126953125	162.20013427734375	231.912109375	301.2308654785156	124.5615005493164	465.50732421875	537.9255981445312	367.0878601074219	237.06129455566406	0.0	0.0	0.0	0.0	0.0	0.0	0.0	0.0	0.0	0.0	0.0	42.5750732421875	0.0	0.0	0.0	0.0	100.09820556640625	469.11297607421875	902.6183471679688	1112.787353515625	415.69073486328125	608.5142211914062	664.671630859375	791.8340454101562	318.7821960449219	499.7896423339844	390.8466796875	240.9678955078125	452.9002990722656	691.9020385742188	384.1922302246094	19.84833526611328	248.42173767089844	543.265380859375	802.3054809570312	818.4080200195312	283.5331115722656	642.906005859375	657.2117309570312	660.1629638671875	370.2989807128906	589.6617431640625	561.6694946289062	345.2798767089844	1031.9796142578125	1197.3709716796875	933.5028076171875	434.3850402832031	0.0	72.60186767578125	0.0	0.0	7.477421283721924	139.42227172851562	60.5289192199707	0.0	57.52723693847656	21.174358367919922	109.65747833251953	0.0	202.31964111328125	45.78571701049805	102.73755645751953	0.0	208.49928283691406	523.6722412109375	840.4705200195312	895.2169799804688	254.88446044921875	338.9234619140625	299.23095703125	281.88238525390625	309.2908630371094	446.83203125	283.142822265625	0.6933401823043823	444.7998962402344	392.51751708984375	292.983642578125	183.21714782714844	0.0	8.779595375061035	87.38050079345703	329.4891357421875	6.110111713409424	240.5184783935547	216.48814392089844	221.4720916748047	54.10972595214844	329.6666259765625	266.1299133300781	72.02063751220703	74.35812377929688	128.3120574951172	287.14349365234375	46.9964714050293	240.95018005371094	427.3263244628906	416.7665710449219	216.71026611328125	148.1708526611328	278.2100524902344	146.42698669433594	0.0	327.8507995605469	287.415283203125	257.7178039550781	141.7138214111328	208.4064483642578	254.20169067382812	217.9420166015625	0.0	0.0	0.0	92.52359008789062	238.51380920410156	0.0	102.80760192871094	385.6747741699219	494.19158935546875	0.0	153.70252990722656	220.75074768066406	247.4988555908203	1.6780660152435303	98.80520629882812	116.5291748046875	129.67677307128906
23.983060836791992	552.1201782226562	672.8743896484375	474.59783935546875	151.2069854736328	705.0408325195312	530.36279296875	732.7771606445312	143.1130828857422	231.3466033935547	961.1978759765625	831.9622802734375	52.58174133300781	961.6083374023438	1265.14599609375	250.56317138671875	438.17120361328125	544.77783203125	533.55029296875	405.8885192871094	315.3691711425781	271.1371765136719	519.06005859375	369.0077819824219	26.989660263061523	641.1637573242188	498.76666259765625	258.03326416015625	469.2127685546875	572.2308349609375	323.0870361328125	87.71617889404297	0.0	0.0	29.59462547302246	84.9466323852539	110.90597534179688	217.63494873046875	103.58296966552734	217.00640869140625	210.8632049560547	208.97682189941406	260.7012023925781	209.24696350097656	0.0	213.19468688964844	270.6532287597656	24.503787994384766	130.64158630371094	163.7874298095703	217.3726043701172	118.49942779541016	102.39913940429688	100.78514862060547	146.37184143066406	47.29937744140625	5.775450229644775	35.801822662353516	16.836040496826172	19.179401397705078	80.10108947753906	71.96448516845703	10.11417007446289	7.112105369567871	0.0	0.0	0.0	13.402140617370605	0.0	0.0	0.0	67.28890228271484	0.0	0.0	28.717544555664062	72.25685119628906	0.0	0.0	0.08021757006645203	33.235015869140625	2.6822311878204346	0.0	74.26251220703125	49.31706237792969	21.012922286987305	0.0	54.65924835205078	0.8754842281341553	0.0	17.67068862915039	0.0	59.518924713134766	0.0	0.0	53.51433563232422	29.286649703979492	0.0	0.0	0.0	0.0	0.0	0.0	9.62204647064209	0.0	0.0	0.0	0.0	27.08440589904785	0.0	0.0	0.0	52.41519546508789	157.66632080078125	214.6424102783203	249.29159545898438	248.4605255126953	59.503379821777344	271.8140869140625	303.21807861328125	216.68130493164062	88.16028594970703	219.16429138183594	187.9295654296875	151.24234008789062	128.61915588378906	133.44252014160156	159.3225860595703	152.9148406982422	0.0	0.0	0.0	0.0	0.0	0.0	0.0	0.0	0.0	0.0	0.0	0.0	5.915627956390381	0.0	0.0	15.902318954467773	38.397247314453125	216.91168212890625	563.3667602539062	439.53338623046875	466.44317626953125	720.955322265625	769.5106811523438	495.7052917480469	503.1105651855469	780.415283203125	635.894775390625	340.0249938964844	88.4085693359375	255.24765014648438	388.81915283203125	216.7313690185547	301.8341369628906	521.8907470703125	622.0701904296875	450.08056640625	387.4452209472656	843.0818481445312	1004.0032348632812	566.0230712890625	199.34898376464844	549.91455078125	569.742919921875	300.8983154296875	274.79791259765625	260.6556701660156	330.77227783203125	287.3577575683594	47.66017532348633	85.41168975830078	0.6167767643928528	19.80903434753418	0.0	62.79887771606445	11.697324752807617	0.0	21.00579833984375	50.25809860229492	0.0	0.0	80.85359191894531	42.499996185302734	0.0	0.0	189.9288787841797	575.6990966796875	665.7024536132812	411.2411193847656	406.5576477050781	505.669189453125	502.53192138671875	221.22865295410156	172.9076385498047	295.678955078125	211.17881774902344	105.01234436035156	76.84734344482422	214.79176330566406	155.08856201171875	90.52751159667969	0.0	20.62543487548828	0.0	83.02678680419922	96.49129486083984	62.77311706542969	232.37521362304688	241.37872314453125	0.0	77.5552978515625	365.0962219238281	132.43850708007812	0.0	146.1364288330078	96.77232360839844	73.95639038085938	257.0596008300781	358.1120300292969	274.9150695800781	288.13507080078125	24.703033447265625	126.85726165771484	354.6574401855469	113.24784088134766	17.739757537841797	345.0457763671875	296.2928161621094	0.0	336.1374206542969	379.97283935546875	47.861167907714844	28.63983917236328	0.0	0.0	0.0	54.01674270629883	22.662460327148438	152.1818389892578	133.22299194335938	170.12838745117188	187.442138671875	159.9370880126953	225.3920135498047	231.8830108642578	0.0	85.53755950927734	321.6159973144531	164.80477905273438
470.020751953125	314.7035217285156	239.39503479003906	369.4371643066406	153.39259338378906	0.0	447.8085632324219	605.886962890625	1.1404575109481812	31.203689575195312	888.1329956054688	866.9712524414062	29.293315887451172	22.19147300720215	920.98974609375	715.6805419921875	343.4774475097656	272.453857421875	318.9074401855469	188.1565704345703	103.61406707763672	268.3302917480469	492.58111572265625	225.9747314453125	0.7084988951683044	264.25897216796875	512.4236450195312	244.76028442382812	0.7084988951683044	427.14697265625	554.7836303710938	409.4445495605469	302.011962890625	125.77578735351562	50.35783386230469	43.0333251953125	269.3144226074219	181.93324279785156	73.30914306640625	76.0374526977539	0.15323463082313538	3.82204270362854	115.61341857910156	58.81098175048828	0.15323463082313538	0.0	47.42972946166992	54.60602569580078	313.8215637207031	279.10009765625	107.89561462402344	0.0	31.062410354614258	84.083984375	88.56275939941406	0.0	5.687891960144043	87.325439453125	89.70075988769531	0.0	14.296428680419922	115.00959777832031	80.60155487060547	113.4030990600586	15.77843952178955	0.0	0.0	7.478157997131348	0.0	0.0	0.0	75.0476303100586	0.0	0.0	0.0	80.75782012939453	0.0	0.0	0.0	78.88681030273438	97.51337432861328	161.66976928710938	54.634803771972656	22.556560516357422	21.180118560791016	13.308231353759766	44.135765075683594	3.552556037902832	0.0	0.0	27.028425216674805	0.0	5.6579203605651855	0.18283428251743317	8.940629959106445	0.0	0.0	0.0	0.0	0.0	65.17137908935547	0.0	0.0	0.0	0.842707633972168	0.0	0.0	0.0	0.0	0.0	0.0	0.0	132.8384552001953	234.2551727294922	276.94525146484375	61.86582946777344	142.96710205078125	160.5105438232422	155.16246032714844	118.95722961425781	0.20243535935878754	83.4646987915039	138.56304931640625	129.16134643554688	24.452102661132812	107.08866119384766	233.75851440429688	212.88323974609375	0.0	0.0	0.0	0.0	0.0	0.0	0.0	0.0	0.0	0.0	0.0	0.0	1.8232333660125732	0.0	0.0	0.0	1137.52978515625	1056.33740234375	472.4252624511719	78.34498596191406	591.3037109375	707.0725708007812	557.65087890625	121.98458862304688	21.81553840637207	198.33351135253906	184.2298126220703	131.3607177734375	13.529804229736328	205.18667602539062	196.5775909423828	97.83283233642578	614.9743041992188	616.8154296875	448.55133056640625	118.02848052978516	388.9132385253906	494.899658203125	365.2149658203125	152.9884796142578	19.163555145263672	204.812744140625	183.30142211914062	213.2906036376953	31.292789459228516	384.7862243652344	438.31805419921875	384.92193603515625	0.0	0.0	52.990203857421875	0.0	0.49134671688079834	0.0	132.3549041748047	0.0	28.00111198425293	8.549589157104492	144.77427673339844	0.0	7.328219890594482	23.61122703552246	136.18743896484375	0.0	884.7314453125	740.948974609375	364.4979248046875	19.221954345703125	115.42729949951172	223.7620391845703	120.17359161376953	2.226017475128174	8.353959083557129	90.2756118774414	123.75878143310547	17.667043685913086	0.3084428906440735	100.41017150878906	348.3644714355469	345.3455505371094	126.48304748535156	225.49374389648438	141.16334533691406	2.469134569168091	38.96929931640625	279.473876953125	371.9349060058594	58.381351470947266	0.031035952270030975	0.0	169.43186950683594	32.19355010986328	0.031035952270030975	1.7324739694595337	182.0806884765625	57.45439910888672	129.52581787109375	175.0561065673828	211.9694366455078	168.2971954345703	13.422673225402832	171.41128540039062	244.62747192382812	217.17947387695312	1.341304898262024	181.22531127929688	260.026123046875	249.7452850341797	25.276559829711914	202.4008026123047	245.8822784423828	220.35130310058594	153.55621337890625	90.33193969726562	0.0	102.0395736694336	349.2799072265625	220.660400390625	0.0	107.5038070678711	38.01685333251953	36.619449615478516	0.0	116.26837158203125	0.06367800384759903	0.0	19.303359985351562	88.43779754638672
433.57122802734375	825.5054321289062	333.9125061035156	528.3954467773438	335.496337890625	230.56044006347656	811.95068359375	1030.2371826171875	717.7910766601562	675.7396850585938	1047.03076171875	959.666259765625	620.502685546875	648.5308227539062	855.6529541015625	167.8708038330078	446.8766784667969	289.5960693359375	391.3571472167969	220.63551330566406	318.5478820800781	582.5104370117188	753.6250610351562	447.6783752441406	525.7844848632812	731.9041137695312	726.210205078125	619.5549926757812	520.2073364257812	697.9381713867188	362.46026611328125	259.7484130859375	430.545166015625	518.155029296875	141.5524444580078	99.1423568725586	390.80517578125	333.6039733886719	113.45303344726562	61.87998580932617	0.0	0.0	79.05879211425781	0.0	175.13136291503906	440.4263916015625	429.20318603515625	296.6717224121094	293.5897216796875	300.1055908203125	140.74728393554688	54.115760803222656	0.0	77.19806671142578	59.93043518066406	0.0	191.27178955078125	335.43402099609375	265.2961730957031	270.54351806640625	250.69798278808594	199.82984924316406	116.80799865722656	166.64466857910156	0.0	0.0	0.0	54.40798568725586	0.0	0.0	0.0	30.420013427734375	0.0	0.0	0.0	24.925695419311523	0.0	0.0	27.599748611450195	50.1658821105957	19.401363372802734	1.4375916719436646	98.11671447753906	11.192298889160156	3.1978328227996826	0.0	47.40029525756836	0.0	0.0	39.0617790222168	73.89848327636719	137.1158905029297	28.85826301574707	0.0	38.43825149536133	71.23992156982422	0.0	0.0	0.0	0.0	0.0	0.0	0.0	0.0	0.0	0.0	0.0	0.0	0.0	44.00321578979492	29.467470169067383	16.653751373291016	130.78746032714844	204.0855255126953	174.28443908691406	113.63153839111328	211.01405334472656	333.3603515625	323.8381652832031	291.82806396484375	339.2554626464844	365.0140380859375	440.4986877441406	499.2803955078125	385.0677185058594	316.5640563964844	321.2919921875	189.5232391357422	0.0	0.0	0.0	0.0	0.0	0.0	0.0	0.0	0.0	0.0	0.0	0.0	0.0	0.0	0.0	0.0	1222.4525146484375	1419.7137451171875	1037.7703857421875	250.4339141845703	978.7166137695312	961.1348266601562	527.4876098632812	114.97396087646484	227.57272338867188	417.48785400390625	600.5703125	566.8553466796875	860.1078491210938	1060.73583984375	1141.2403564453125	1173.882080078125	698.8613891601562	828.8525390625	741.318115234375	297.1457214355469	324.67132568359375	467.38409423828125	453.48956298828125	349.4726257324219	785.2791137695312	981.8461303710938	874.6876831054688	982.4241333007812	1164.2515869140625	1216.9832763671875	928.7662963867188	908.6943359375	0.0	0.0	143.1306610107422	0.0	92.80010223388672	17.702354431152344	83.1131591796875	72.164306640625	108.22753143310547	0.0	0.9265249371528625	22.475412368774414	86.3132095336914	0.0	0.0	0.0	986.468505859375	1073.4970703125	591.6950073242188	128.2655487060547	179.03414916992188	74.31822204589844	37.739585876464844	18.492671966552734	505.7569580078125	792.7294311523438	857.548095703125	822.7921142578125	1007.0436401367188	1030.902587890625	855.7014770507812	801.3224487304688	285.5298156738281	205.72637939453125	465.6249084472656	182.7967529296875	101.52269744873047	92.38709259033203	498.6158752441406	221.01434326171875	0.0	19.351282119750977	52.98954391479492	0.0	152.643798828125	157.6945037841797	59.574344635009766	370.5063781738281	12.31867790222168	0.0	236.9473419189453	297.73553466796875	378.8605651855469	455.6311950683594	415.1864929199219	233.0581817626953	448.37213134765625	510.06243896484375	367.5028381347656	201.5773162841797	65.83612060546875	23.562021255493164	0.0	0.0	175.19000244140625	250.93017578125	99.7014389038086	133.7077178955078	437.6741943359375	409.8236999511719	130.5390167236328	94.69274139404297	0.0	0.0	82.92868041992188	0.0	16.307735443115234	254.3834991455078	388.9144287109375	349.2171325683594
122.81575775146484	779.0535278320312	632.643310546875	644.4383544921875	960.9657592773438	1114.582275390625	739.0090942382812	873.1474609375	658.4945678710938	248.48802185058594	1295.555908203125	828.3233642578125	141.383056640625	83.17454528808594	734.3184814453125	176.37667846679688	666.6298828125	734.3956298828125	757.6643676757812	326.3219909667969	541.9148559570312	784.654541015625	868.1549072265625	548.45556640625	366.2362060546875	863.338623046875	684.0444946289062	313.1439514160156	59.65891647338867	548.9434204101562	399.9852294921875	326.21026611328125	0.0	57.077293395996094	140.2471923828125	69.07038116455078	266.5518798828125	440.84466552734375	139.99078369140625	43.33246612548828	74.09978485107422	105.92594146728516	339.476806640625	118.63558197021484	338.25067138671875	255.36253356933594	297.8163757324219	0.0	181.76536560058594	310.2142639160156	266.7519226074219	55.622798919677734	107.90177154541016	0.0	80.68792724609375	117.86817932128906	253.86892700195312	345.4105529785156	184.2815399169922	38.87894058227539	13.74911880493164	30.037036895751953	79.88982391357422	59.533531188964844	0.0	0.0	0.0	0.0	0.0	0.0	0.0	96.7513427734375	0.0	19.969566345214844	0.0	70.14271545410156	0.0	0.0	97.84500122070312	13.354183197021484	0.0	0.0	108.37136840820312	36.650184631347656	0.0	0.0	45.00001907348633	0.0	39.835594177246094	55.293853759765625	19.366134643554688	6.178471565246582	27.871906280517578	26.316192626953125	1.26006281375885	0.0	0.0	0.0	0.0	0.0	0.0	0.0	0.0	7.762951850891113	0.0	0.0	0.0	15.419960021972656	0.0	0.0	0.0	0.0	258.15875244140625	312.0636291503906	352.0663146972656	244.12718200683594	346.20404052734375	427.5095520019531	343.1511535644531	189.34860229492188	291.14105224609375	406.0677490234375	413.7981872558594	148.88778686523438	113.18162536621094	261.2559509277344	245.58218383789062	194.4879150390625	0.0	0.0	0.0	0.0	0.0	0.0	0.0	0.0	0.0	0.0	0.0	0.0	0.0	0.0	0.0	0.0	53.926570892333984	499.74176025390625	686.2343139648438	369.8499450683594	639.5499267578125	1326.952392578125	1141.79638671875	334.9866027832031	586.813720703125	733.7604370117188	726.9561157226562	474.3099365234375	985.1615600585938	1245.08984375	834.892333984375	175.9656524658203	412.2178039550781	596.7692260742188	563.3679809570312	305.5832824707031	695.9542846679688	933.6044311523438	823.5074462890625	414.9797668457031	721.5075073242188	922.5980834960938	734.9078979492188	406.56591796875	455.5148620605469	633.3187866210938	458.5728759765625	417.04083251953125	113.57235717773438	16.29935646057129	34.306766510009766	0.0	265.6283264160156	30.782529830932617	35.90643310546875	0.0	135.0382080078125	0.0	91.27908325195312	0.0	21.19601058959961	41.20652770996094	66.87967681884766	0.0	441.6257019042969	946.3074340820312	858.1755981445312	198.19207763671875	644.7150268554688	675.0105590820312	191.53726196289062	228.67288208007812	845.8287963867188	1007.9788818359375	565.9376220703125	254.91909790039062	446.89129638671875	421.1562194824219	122.05974578857422	193.2769317626953	13.820602416992188	15.355854034423828	14.07766056060791	0.0	73.556884765625	28.042509078979492	398.0508117675781	255.1579132080078	64.03559875488281	180.18557739257812	168.56695556640625	89.24324798583984	68.87545013427734	455.5536804199219	351.7156677246094	35.72691345214844	475.843505859375	491.62200927734375	293.8590393066406	339.7973327636719	123.3128662109375	322.26434326171875	332.7703552246094	237.7334442138672	44.66261672973633	348.1054992675781	187.01483154296875	15.308446884155273	0.0	259.9521484375	168.33457946777344	68.55671691894531	0.0	0.0	0.0	83.4939956665039	160.38784790039062	372.17034912109375	136.8963623046875	150.99087524414062	64.95574951171875	0.0	214.67681884765625	238.01405334472656	262.37542724609375	173.431396484375	246.2834014892578	184.88014221191406
24.1986141204834	294.0393981933594	935.1652221679688	345.932861328125	11.696014404296875	361.0972900390625	939.283447265625	83.60230255126953	21.929180145263672	664.1495971679688	974.71044921875	6.881577491760254	43.48773956298828	868.3013916015625	942.027587890625	1.3865009546279907	29.646677017211914	506.9015808105469	290.40069580078125	126.39852905273438	10.254071235656738	417.44451904296875	257.0904846191406	95.96892547607422	182.76380920410156	454.0820007324219	274.7048645019531	73.5155029296875	346.2500305175781	506.62213134765625	279.2761535644531	64.70366668701172	18.440017700195312	42.73236083984375	191.47425842285156	52.146751403808594	58.658241271972656	107.91151428222656	197.40399169921875	32.8597297668457	0.0	131.7820587158203	159.5081024169922	16.389867782592773	0.0	161.68382263183594	118.32215881347656	5.366415977478027	72.02727508544922	111.84070587158203	46.713401794433594	0.0	41.901329040527344	70.36339569091797	11.683489799499512	0.0	58.136592864990234	46.87635803222656	0.0	0.0	125.12942504882812	65.18054962158203	25.02009391784668	0.0	0.0	0.0	59.956424713134766	15.814605712890625	0.0	0.0	95.45067596435547	25.846446990966797	0.0	0.0	68.99913787841797	0.0	0.0	0.0	63.355953216552734	0.0	1.183923363685608	0.3960784673690796	0.0	9.019735336303711	0.0	0.0	0.0	5.494758129119873	0.0	0.0	0.0	0.6278756856918335	20.55132293701172	0.0	0.0	13.481208801269531	0.0	0.0	0.0	15.43533706665039	0.0	0.0	0.0	34.3985710144043	0.0	0.0	0.0	9.332718849182129	0.0	0.0	37.71040725708008	1.5765811204910278	0.0	65.7729263305664	146.44679260253906	66.13167572021484	0.0	116.97863006591797	147.6448516845703	105.20506286621094	11.35918140411377	131.46923828125	93.91386413574219	71.67180633544922	51.3531494140625	195.99246215820312	129.27943420410156	62.99960708618164	0.0	0.0	0.0	23.321935653686523	0.0	0.0	0.0	44.758419036865234	0.0	0.0	0.0	24.22126007080078	0.0	0.0	0.0	23.404354095458984	104.33424377441406	356.634521484375	358.699951171875	96.81297302246094	126.72106170654297	354.7109680175781	312.4102783203125	6.3098464012146	137.29949951171875	217.24803161621094	217.47250366210938	6.938723564147949	143.5390167236328	145.61720275878906	169.31663513183594	28.254148483276367	130.59225463867188	278.95782470703125	220.5935516357422	190.20211791992188	147.64794921875	299.3025207519531	205.21714782714844	228.57872009277344	187.18731689453125	207.9644012451172	147.49554443359375	220.84364318847656	336.9554748535156	367.0625305175781	291.5921630859375	201.925048828125	3.4474668502807617	111.91241455078125	116.32344818115234	0.0	17.108840942382812	114.25389099121094	87.31097412109375	0.0	1.8680099248886108	158.9414520263672	6.88558292388916	0.0	5.537424087524414	145.17877197265625	0.0	0.0	152.94012451171875	239.37904357910156	282.7751770019531	27.253870010375977	102.06047821044922	126.39775085449219	98.59184265136719	33.93230438232422	90.42362976074219	85.42425537109375	51.609214782714844	44.88624572753906	199.86505126953125	259.1225280761719	120.33999633789062	53.620033264160156	0.0	238.8869171142578	176.3596649169922	34.74348831176758	0.0	256.4261474609375	166.26463317871094	34.0549201965332	0.0	224.97503662109375	63.41298294067383	31.11037826538086	0.0	216.1046142578125	0.0	22.82347297668457	39.28922653198242	213.5706329345703	170.4305419921875	0.0	7.666465759277344	158.49273681640625	152.7910614013672	0.0	122.82060241699219	191.5391387939453	162.43704223632812	0.0	163.47276306152344	186.7722930908203	88.12278747558594	0.0	0.0	0.0	174.6271209716797	144.76991271972656	0.0	41.003543853759766	188.04360961914062	113.4736557006836	0.0	26.56817626953125	158.2925262451172	80.92171478271484	0.0	22.590017318725586	150.8670654296875	51.40716552734375
304.3779602050781	1104.4034423828125	643.5809326171875	557.3558349609375	989.3173217773438	1366.5626220703125	555.9395141601562	1231.4241943359375	632.4696044921875	279.9862060546875	827.3794555664062	1246.01416015625	68.33753967285156	0.0	1258.61083984375	1059.1370849609375	618.1160278320312	664.6412963867188	464.5333557128906	311.13690185546875	516.8882446289062	575.1232299804688	879.1875	597.8062133789062	255.88287353515625	274.8791198730469	514.4901123046875	317.09381103515625	21.66560173034668	608.6107788085938	685.541259765625	382.55963134765625	0.0	324.5323486328125	115.12371826171875	53.557594299316406	201.08328247070312	309.7124938964844	20.222166061401367	149.13157653808594	328.01837158203125	313.3963928222656	298.540283203125	307.7640686035156	195.4276580810547	118.74900817871094	211.9012451171875	135.6058349609375	164.5916290283203	213.1446075439453	258.9786376953125	58.7213134765625	78.89807891845703	124.04159545898438	200.59503173828125	53.09028244018555	196.17079162597656	317.5118103027344	209.89854431152344	0.0	41.34144592285156	159.9018096923828	89.25159454345703	0.0	0.0	0.0	0.0	22.20012092590332	0.0	0.0	0.0	105.97599792480469	6.568238258361816	0.0	0.0	62.281742095947266	0.0	0.0	9.049860000610352	107.2517318725586	0.0	0.0	117.83306121826172	5.935341835021973	0.0	3.289670705795288	20.150848388671875	12.989131927490234	45.88893127441406	0.0	60.2977180480957	17.39432716369629	8.389300346374512	25.59393310546875	0.0	0.0	0.0	0.0	0.0	0.0	0.0	0.0	0.0	0.0	15.745405197143555	0.0	0.0	8.551336288452148	15.144022941589355	0.0	0.0	65.1538314819336	119.46846008300781	112.78131866455078	256.753662109375	183.8754425048828	369.1875	377.0584716796875	395.918212890625	251.30130004882812	105.29979705810547	123.55473327636719	196.0800323486328	144.7079620361328	95.98528289794922	189.6773681640625	292.6013488769531	190.6190185546875	20.697744369506836	0.0	0.0	0.0	0.0	0.0	0.0	0.0	0.0	0.0	0.0	0.0	0.0	0.0	0.0	0.0	120.87848663330078	846.0131225585938	1041.7066650390625	290.7580261230469	375.7402038574219	746.0026245117188	555.8902587890625	217.12811279296875	941.88232421875	1132.8441162109375	975.2598876953125	640.10693359375	411.02325439453125	442.9403381347656	240.98704528808594	156.0034942626953	328.4867248535156	483.1829833984375	664.8372192382812	370.2728576660156	765.0772094726562	908.3501586914062	874.7378540039062	369.5724792480469	454.0809020996094	710.1929321289062	639.986083984375	365.03167724609375	224.4776153564453	471.200927734375	538.4556884765625	348.688720703125	68.40676879882812	0.0	44.18553161621094	98.61860656738281	174.82037353515625	95.6562271118164	77.2195816040039	71.40718841552734	14.403322219848633	0.0	112.21359252929688	0.0	22.42068099975586	0.0	115.05669403076172	0.0	416.4668884277344	617.8456420898438	632.8379516601562	235.61573791503906	324.94342041015625	264.20098876953125	498.9299621582031	366.60107421875	746.7586059570312	924.1276245117188	769.0902709960938	238.09451293945312	12.622635841369629	114.52428436279297	166.14625549316406	82.9528579711914	122.7135238647461	79.51921081542969	270.6175231933594	235.63389587402344	159.9259796142578	0.0	465.99444580078125	289.82763671875	196.04788208007812	139.670654296875	441.81500244140625	171.1328582763672	0.0	0.0	325.9105529785156	98.3772964477539	495.9854736328125	421.9461669921875	322.7781677246094	396.05352783203125	142.66677856445312	242.0841064453125	343.2518005371094	264.5359191894531	0.0	167.95562744140625	187.0436553955078	158.42117309570312	77.2581558227539	310.2929382324219	337.18841552734375	164.0679931640625	0.0	170.4864959716797	85.24732971191406	108.34911346435547	94.28656005859375	317.2588806152344	88.94932556152344	117.2264175415039	237.457763671875	165.06298828125	217.9849090576172	325.9134521484375	298.37213134765625	224.3239288330078	164.01889038085938	222.61207580566406
255.44200134277344	498.2018127441406	508.2610168457031	588.6469116210938	519.8226928710938	727.3414916992188	467.66064453125	649.41064453125	477.3253173828125	251.7673797607422	850.8555297851562	777.8934326171875	79.95130920410156	21.018024444580078	816.78173828125	658.428466796875	460.8307189941406	622.1541748046875	635.8184814453125	303.61029052734375	377.632080078125	354.0005798339844	526.61083984375	241.23883056640625	59.131309509277344	314.6990966796875	512.9881591796875	229.4316864013672	24.13498878479004	233.56561279296875	388.482666015625	199.62342834472656	0.0	0.0	72.00447845458984	88.49807739257812	337.51129150390625	326.78839111328125	148.32855224609375	106.51649475097656	186.05108642578125	71.48887634277344	126.10841369628906	85.2562484741211	41.61619567871094	0.0	141.7805633544922	85.15811157226562	224.51431274414062	327.3086853027344	261.3525695800781	53.939422607421875	114.89224243164062	95.38581848144531	52.03789520263672	0.0	13.106893539428711	116.0164566040039	108.47685241699219	7.083341598510742	23.13868522644043	83.8499984741211	33.78646469116211	12.287018775939941	0.0	0.0	0.0	23.356128692626953	0.0	0.0	0.0	116.42466735839844	0.0	0.0	0.0	121.20399475097656	0.0	0.0	0.0	84.2353515625	13.654808044433594	51.16000747680664	109.26800537109375	31.488420486450195	0.0	0.0	39.5045166015625	0.0	31.87224006652832	1.9355169534683228	0.0	0.0	41.69580841064453	0.0	0.0	0.0	0.0	0.0	0.0	0.0	0.0	0.0	38.308467864990234	0.0	0.0014698989689350128	0.0	0.0	17.354345321655273	15.131640434265137	0.0	0.0	29.40616798400879	312.24127197265625	349.71954345703125	389.07574462890625	137.2880859375	133.90249633789062	195.66876220703125	198.7438201904297	87.19584655761719	72.87806701660156	138.39903259277344	159.365478515625	100.50138854980469	44.55780029296875	36.326438903808594	142.24905395507812	94.5100326538086	0.0	0.0	0.0	0.0	0.0	0.0	0.0	0.0	0.0	0.0	0.0	0.0	0.0	0.0	0.0	0.0	118.30025482177734	244.96815490722656	207.09971618652344	131.27992248535156	593.1712646484375	1083.4403076171875	891.6863403320312	290.22906494140625	312.1449890136719	260.90576171875	178.56564331054688	136.39041137695312	75.59072875976562	263.19805908203125	234.15635681152344	165.87371826171875	448.9301452636719	573.1480712890625	479.6063232421875	121.46984100341797	497.2431945800781	686.3631591796875	611.3492431640625	173.04080200195312	174.20266723632812	366.70379638671875	317.1927490234375	176.8850860595703	45.104225158691406	289.18206787109375	251.67495727539062	188.8953094482422	136.6134796142578	50.697669982910156	70.4602279663086	0.0	78.24534606933594	0.0	124.06269836425781	0.0	65.59907531738281	0.0	120.75272369384766	0.0	7.623636722564697	6.040783405303955	157.9060516357422	0.0	592.3331298828125	738.4563598632812	624.2713012695312	123.0702133178711	584.6592407226562	628.3212280273438	316.3539123535156	0.0	172.84548950195312	139.552490234375	131.77206420898438	20.099796295166016	18.7174129486084	119.24401092529297	112.79535675048828	21.207860946655273	27.88966178894043	0.0	0.0	0.0	156.68521118164062	94.73880767822266	412.7252197265625	106.00939178466797	64.79165649414062	22.695131301879883	251.4510040283203	0.0	0.0	12.167617797851562	231.49795532226562	6.885643005371094	346.6450500488281	376.5069580078125	237.4595184326172	217.7226104736328	25.781661987304688	49.717437744140625	184.54434204101562	199.04286193847656	0.0	237.34307861328125	211.01312255859375	196.73583984375	24.51886558532715	60.41720199584961	113.12940216064453	167.17440795898438	0.0	0.0	0.0	107.3454360961914	231.3406219482422	341.3858642578125	52.47502899169922	176.87857055664062	202.43896484375	162.02880859375	15.615991592407227	157.14401245117188	102.65997314453125	0.0	14.60451889038086	157.2826690673828
211.16720581054688	845.9268798828125	817.9313354492188	604.8428344726562	489.77520751953125	1170.602294921875	841.5322875976562	134.5353240966797	547.1630249023438	825.189208984375	382.8818359375	270.4107360839844	237.7595977783203	552.9323120117188	922.4944458007812	435.7499084472656	623.4431762695312	753.4237060546875	830.24072265625	795.6295166015625	635.9837036132812	585.2247314453125	207.62342834472656	158.10787963867188	218.7913818359375	409.5584411621094	393.3336486816406	280.60003662109375	659.9720458984375	989.0177001953125	696.9052734375	309.8699645996094	0.0	0.0	80.83116149902344	72.44031524658203	140.24464416503906	443.797607421875	487.4067077636719	439.1683349609375	216.33740234375	289.95355224609375	38.94203567504883	48.67561340332031	166.7707977294922	0.0	102.20640563964844	50.06234359741211	121.95683288574219	265.5872802734375	400.6576843261719	396.0191345214844	193.6675567626953	158.55067443847656	59.68047332763672	0.0	108.88933563232422	115.8340835571289	75.58756256103516	55.823143005371094	59.6875114440918	154.35594177246094	80.98443603515625	46.13934326171875	0.0	0.0	0.0	0.0	0.0	0.0	0.0	12.564241409301758	0.0	0.0	0.0	11.739834785461426	0.0	0.0	46.386627197265625	16.81652069091797	3.9640262126922607	1.291220784187317	72.22639465332031	93.57328033447266	0.0	0.0	0.0	43.28987503051758	11.741605758666992	59.1090202331543	0.0	19.251012802124023	6.1866374015808105	34.290767669677734	0.0	40.90176773071289	0.0	0.0	0.0	0.0	0.0	0.0	27.40419578552246	45.125640869140625	0.0	0.0	28.447275161743164	48.36985397338867	0.0	0.0	0.0	0.0	162.2888946533203	285.5535583496094	442.7592468261719	489.285400390625	143.11839294433594	314.1490173339844	203.27609252929688	188.4659881591797	163.048828125	337.1481018066406	310.5432434082031	138.43441772460938	454.30938720703125	427.2418212890625	337.1399841308594	168.9659881591797	0.0	0.0	0.0	0.0	0.0	0.0	0.0	0.0	0.0	0.0	0.0	21.8658447265625	0.0	0.0	0.0	0.0	67.76921844482422	241.51080322265625	694.5397338867188	915.23193359375	507.45928955078125	1080.6483154296875	1459.17919921875	1527.15283203125	758.1474609375	698.64013671875	282.6379089355469	0.0	754.74365234375	706.6902465820312	164.33535766601562	134.92396545410156	429.1328430175781	760.371826171875	950.6012573242188	948.556396484375	623.7005004882812	696.4802856445312	872.1992797851562	852.1377563476562	590.4171142578125	701.7398681640625	503.3507080078125	128.6393585205078	861.53564453125	936.1056518554688	637.0335083007812	416.8834533691406	82.27755737304688	93.98556518554688	0.0	0.0	111.57347869873047	114.87091064453125	0.0	0.0	89.29635620117188	177.0647430419922	0.0	0.0	100.95551300048828	100.97832489013672	0.0	0.0	222.51194763183594	718.1632080078125	1207.4100341796875	1239.56298828125	528.0026245117188	880.258056640625	875.7532958984375	639.0975341796875	480.3507995605469	376.6488037109375	129.56883239746094	12.157811164855957	255.46133422851562	294.0528564453125	404.95465087890625	204.58987426757812	0.0	52.277095794677734	0.0	0.0	186.40016174316406	139.03509521484375	175.19427490234375	388.94793701171875	230.2062530517578	130.15220642089844	66.5678939819336	30.318859100341797	0.0	373.5625915527344	221.73049926757812	0.0	425.7625732421875	664.3995971679688	510.7748718261719	275.5504150390625	197.8625946044922	80.56262969970703	0.0	0.0	0.0	535.5433349609375	541.186279296875	105.73888397216797	419.5781555175781	558.6362915039062	384.0995788574219	0.0	0.0	0.0	0.0	0.0	0.0	426.38458251953125	556.1818237304688	489.76483154296875	188.7916717529297	297.5723876953125	328.03912353515625	244.2178955078125	152.70236206054688	0.0	61.62282943725586	125.11224365234375
40.73002243041992	383.87188720703125	1292.7354736328125	1078.064208984375	204.88169860839844	1533.3729248046875	1464.1182861328125	845.02587890625	1533.9317626953125	1525.6007080078125	378.5587158203125	1359.2777099609375	1342.4844970703125	635.29296875	1197.9649658203125	1424.6697998046875	326.3536682128906	716.578369140625	749.0442504882812	605.8950805664062	705.6959228515625	669.6522827148438	597.8800048828125	668.2265625	675.4749755859375	607.7633666992188	874.5938110351562	646.0457153320312	774.3837280273438	1048.9688720703125	928.1880493164062	285.1767272949219	0.0	0.0	448.7014465332031	259.7196960449219	0.0	396.92724609375	461.8388977050781	159.11207580566406	304.3905944824219	368.07275390625	0.0	234.15045166015625	85.66080474853516	65.44257354736328	436.003173828125	344.84698486328125	79.95686340332031	143.22470092773438	194.58802795410156	204.0619354248047	110.31427764892578	60.49618911743164	25.936567306518555	23.261150360107422	109.93010711669922	7.811838626861572	89.97380828857422	29.787395477294922	253.95620727539062	381.719970703125	193.04425048828125	59.678260803222656	0.0	0.0	0.0	0.0	0.0	0.0	0.0	0.0	0.0	0.0	0.0	0.0	0.0	0.0	13.468436241149902	28.57614517211914	0.0	0.0	0.0	59.533443450927734	0.0	0.0	14.400643348693848	0.30576908588409424	0.0	3.724351167678833	0.0	27.85956382751465	27.433944702148438	29.3622989654541	42.37538146972656	90.36280822753906	0.0	0.0	0.0	0.0	0.0	0.0	0.0	16.427759170532227	0.0	0.0	0.0	0.0	0.0	0.0	0.0	28.739459991455078	83.53520965576172	137.35360717773438	272.9256286621094	305.4643249511719	105.02771759033203	233.09024047851562	273.7540283203125	233.66867065429688	176.48013305664062	388.371826171875	283.91015625	302.3384704589844	546.6394653320312	541.4945678710938	340.1285705566406	317.46759033203125	16.580074310302734	12.229606628417969	0.0	0.0	10.966050148010254	0.0	0.0	0.0	0.0	0.0	0.0	0.0	0.0	0.0	0.0	0.0	92.26811218261719	117.24798583984375	969.4816284179688	1133.1123046875	103.03992462158203	597.1934204101562	913.46142578125	623.6227416992188	589.4874267578125	689.3331298828125	446.17498779296875	268.9928894042969	445.3724060058594	431.1982421875	1097.0372314453125	885.6843872070312	192.89944458007812	431.5472106933594	627.0082397460938	752.7506713867188	360.6929016113281	389.4036865234375	649.3366088867188	592.6212768554688	295.5274353027344	751.2220458984375	880.6737670898438	493.48052978515625	1066.1536865234375	1116.3822021484375	921.3116455078125	572.7095947265625	31.478593826293945	58.56784439086914	0.0	25.008085250854492	58.491336822509766	10.742087364196777	0.0	24.2081241607666	68.27566528320312	0.0	0.0	0.0	257.87799072265625	0.0	0.0	0.0	19.746625900268555	387.0074157714844	742.4521484375	786.8724975585938	191.3665771484375	397.905517578125	337.49517822265625	78.80994415283203	348.3409118652344	272.4271545410156	263.5550231933594	326.3426818847656	676.5438842773438	1165.6268310546875	1044.551025390625	550.3792724609375	0.0	160.95932006835938	161.02467346191406	376.68023681640625	180.95230102539062	239.59445190429688	26.844030380249023	390.7375183105469	211.829833984375	91.94409942626953	308.3354797363281	372.219970703125	76.72438049316406	59.48056411743164	173.4098358154297	60.551273345947266	347.8104553222656	531.0630493164062	377.0307922363281	155.47158813476562	486.0951232910156	335.86273193359375	349.1371765136719	487.7939147949219	380.7708740234375	426.41455078125	561.3040161132812	260.6336364746094	257.0359802246094	395.7261962890625	86.45240783691406	0.0	0.0	0.0	270.4765930175781	227.8402099609375	0.0	373.1207580566406	421.5059509277344	188.1204071044922	169.5016632080078	252.18685913085938	19.713172912597656	214.04940795898438	129.91616821289062	27.190105438232422	318.7442932128906	292.4500732421875
27.559452056884766	1352.6085205078125	1190.72412109375	618.2439575195312	367.5386047363281	958.4473266601562	1083.372314453125	1267.0289306640625	77.49825286865234	1124.1168212890625	1114.797119140625	687.4671020507812	516.1326293945312	1040.7437744140625	972.5214233398438	774.197509765625	649.3800659179688	719.7612915039062	699.5692749023438	665.2823486328125	271.3380126953125	631.4657592773438	847.1112060546875	455.08331298828125	645.6608276367188	609.7937622070312	660.3046875	399.08624267578125	452.5147705078125	827.421630859375	834.2098999023438	356.26751708984375	0.0	378.2643737792969	247.152099609375	146.49815368652344	129.79452514648438	298.0947265625	323.487060546875	290.120361328125	99.14110565185547	121.4057846069336	253.43417358398438	80.82223510742188	0.0	129.7181854248047	264.9981384277344	95.52105712890625	149.9994354248047	167.83541870117188	160.76780700683594	64.61575317382812	106.05994415283203	96.66809844970703	118.10346984863281	85.24826049804688	120.58251953125	107.01300048828125	20.650754928588867	52.69614791870117	156.70620727539062	219.17141723632812	157.730712890625	54.83026885986328	0.0	0.0	0.0	0.0	0.0	0.0	0.0	103.88526153564453	0.0	0.0	0.0	23.145545959472656	0.0	0.0	53.103973388671875	127.17864227294922	17.070457458496094	0.0	14.656599044799805	21.21725082397461	0.0	63.33198165893555	0.0	29.72593879699707	12.590429306030273	4.388679504394531	9.386092185974121	0.0	21.801103591918945	26.201021194458008	53.28657150268555	17.281230926513672	0.0	0.0	0.0	25.299571990966797	0.0	0.0	0.0	15.72510814666748	0.0	0.0	0.0	42.20790481567383	0.0	0.0	41.49686050415039	11.935070991516113	109.86323547363281	313.2171325683594	362.2803955078125	255.58349609375	129.4393768310547	301.1820373535156	313.24755859375	222.28756713867188	255.06976318359375	230.00563049316406	343.76654052734375	190.17453002929688	266.9830627441406	538.635009765625	413.6127014160156	226.3309326171875	0.0	0.0	0.0	0.0	0.0	0.0	0.0	0.0	0.0	0.0	0.0	0.0	0.0	0.0	0.0	0.0	105.76262664794922	963.3185424804688	1181.1363525390625	896.0263061523438	732.7841796875	631.8402099609375	419.6597595214844	653.6176147460938	522.388916015625	659.8154296875	546.4046630859375	387.8046875	360.7059326171875	614.0889892578125	452.1203308105469	394.0317077636719	418.8226623535156	697.32568359375	886.9116821289062	743.4012451171875	421.06805419921875	714.1751098632812	623.0838012695312	401.04254150390625	447.1868591308594	590.558349609375	688.0513916015625	440.80419921875	793.956787109375	1043.717041015625	979.399169921875	456.33477783203125	43.97818374633789	136.2742156982422	0.0	14.183853149414062	62.47319030761719	210.89195251464844	0.0	0.0	31.936161041259766	27.726818084716797	64.09366607666016	0.0	128.45162963867188	189.36651611328125	8.583441734313965	0.0	318.201904296875	797.2954711914062	919.4528198242188	379.6667175292969	383.6280822753906	335.9551696777344	418.4637451171875	378.5614013671875	287.9645080566406	532.806396484375	278.0386962890625	70.68272399902344	462.2436828613281	715.6280517578125	725.8416748046875	289.89508056640625	17.90253448486328	28.798982620239258	349.5242919921875	444.8282165527344	150.00347900390625	93.61620330810547	223.527587890625	225.40902709960938	33.94691848754883	322.4718933105469	297.22802734375	91.2408676147461	171.37408447265625	88.8607406616211	344.0405578613281	43.14226150512695	368.53515625	326.73291015625	196.61514282226562	307.3887939453125	60.54357147216797	480.2020263671875	391.7164001464844	66.60421752929688	286.95025634765625	312.3333435058594	286.9223327636719	218.6204833984375	114.57585906982422	311.28076171875	175.3924560546875	0.0	0.0	225.29461669921875	289.2869873046875	171.37054443359375	56.04973602294922	259.1115417480469	157.3905792236328	341.3369140625	43.95610427856445	94.70144653320312	225.51809692382812	331.9918212890625	0.0	107.74569702148438	154.80393981933594	116.31730651855469
300.65966796875	749.6141357421875	739.8864135742188	831.0823364257812	567.205322265625	743.8760375976562	1065.4500732421875	773.7067260742188	454.88421630859375	340.2331237792969	757.620849609375	361.5850524902344	101.60858154296875	0.0	712.3963012695312	379.9171447753906	392.9772033691406	527.4953002929688	559.3107299804688	226.1171875	383.3036193847656	692.0228881835938	644.6871948242188	265.1760559082031	177.88877868652344	363.6435546875	304.7220458984375	167.71202087402344	19.25604820251465	448.64208984375	345.03662109375	173.0478515625	0.0	6.6864728927612305	91.38041687011719	107.1201400756836	0.0	0.0	175.84237670898438	78.9449234008789	328.22113037109375	284.58734130859375	210.85914611816406	51.99728012084961	139.3131103515625	65.8552017211914	97.60411071777344	16.017553329467773	70.54862976074219	37.0604248046875	73.84789276123047	0.0	140.67665100097656	222.5334930419922	95.8885726928711	27.145503997802734	149.72789001464844	198.33811950683594	32.55950164794922	0.0	13.494256019592285	108.65968322753906	45.72985076904297	5.826208591461182	0.0	0.0	0.0	46.07252502441406	0.0	1.6662274599075317	0.0	80.08633422851562	0.0	0.0	0.0	112.77336120605469	0.0	0.0	42.84944534301758	107.2652587890625	9.43704891204834	0.0	22.48478889465332	33.694557189941406	9.161947250366211	0.0	47.06317901611328	0.0	34.218345642089844	0.0	39.8212890625	0.0	37.10825729370117	22.017391204833984	0.0	0.0	0.0	0.0	0.0	0.0	0.0	0.0	0.0	29.898340225219727	0.0	0.0	6.41668701171875	12.830995559692383	11.83453369140625	0.0	27.829256057739258	27.689048767089844	76.90193939208984	114.52583312988281	121.3694839477539	60.746097564697266	275.60076904296875	299.023193359375	268.5933532714844	115.62491607666016	103.37523651123047	132.25694274902344	132.26498413085938	66.75479888916016	73.86846923828125	170.23048400878906	177.76666259765625	75.65669250488281	10.242903709411621	0.0	7.812618732452393	0.0	0.0	0.0	0.0	0.0	0.0	0.0	0.0	23.430570602416992	0.0	0.0	0.0	22.564313888549805	41.40428924560547	165.49636840820312	97.955078125	108.88436889648438	125.95741271972656	197.9622039794922	249.54010009765625	163.33314514160156	787.8595581054688	919.8748779296875	666.7827758789062	233.59312438964844	188.5704803466797	265.9630432128906	124.44792938232422	15.998636245727539	106.0906753540039	231.8977508544922	257.75140380859375	107.05056762695312	543.1512451171875	713.3616943359375	606.478515625	226.7530975341797	424.8193054199219	630.620361328125	537.0299072265625	223.550048828125	136.51780700683594	316.6194763183594	312.7339782714844	224.87669372558594	106.90196990966797	0.0	81.68302154541016	0.0	218.24676513671875	85.47228240966797	101.54241943359375	0.0	0.0	0.0	133.64683532714844	0.0	27.53635597229004	0.0	139.47525024414062	0.0	110.01705932617188	112.27308654785156	130.4067840576172	23.056289672851562	446.2818298339844	536.5697631835938	445.31817626953125	58.103755950927734	723.527587890625	807.4766235351562	394.5120544433594	12.337611198425293	55.23467254638672	143.31199645996094	117.87024688720703	39.88225555419922	66.38912963867188	0.0	132.3268280029297	0.0	120.37857055664062	0.0	204.40011596679688	0.0	97.04965209960938	323.54730224609375	428.7789611816406	80.40045928955078	0.0	89.37968444824219	252.41134643554688	11.476278305053711	258.50848388671875	337.48272705078125	302.63763427734375	207.80874633789062	212.5974578857422	279.8842468261719	107.1988296508789	152.64511108398438	0.0	16.641820907592773	136.0049285888672	140.73526000976562	1.9099372625350952	208.41653442382812	191.58505249023438	130.09825134277344	0.0	11.833161354064941	5.864044189453125	154.07029724121094	0.0	0.0	127.13703918457031	180.82130432128906	236.2125701904297	240.20318603515625	100.51681518554688	158.65097045898438	220.7584991455078	136.78057861328125	43.8373908996582	110.41748046875
19.4007568359375	491.2911071777344	1143.784423828125	411.4607238769531	22.101802825927734	588.7421875	1196.553466796875	361.3803405761719	20.90044403076172	748.8760375976562	1232.71044921875	218.23631286621094	45.53236770629883	698.3802490234375	1080.7637939453125	184.89404296875	30.671316146850586	574.7129516601562	411.4158935546875	197.92408752441406	61.14948272705078	570.6718139648438	423.64874267578125	195.92506408691406	107.92710876464844	505.4111633300781	319.3158264160156	152.24061584472656	248.4255828857422	555.3455810546875	435.88824462890625	177.19493103027344	3.95873761177063	51.19097900390625	153.72938537597656	45.73775100708008	24.762784957885742	40.59538269042969	182.0780487060547	29.186256408691406	1.1470234394073486	97.48462677001953	239.9628143310547	26.345375061035156	0.0	86.29895782470703	175.21372985839844	2.858461618423462	73.04566955566406	96.84660339355469	5.0957746505737305	0.0	74.58757781982422	96.71568298339844	2.026209831237793	0.0	94.18025970458984	82.72874450683594	0.0	0.0	165.15655517578125	197.20037841796875	70.640380859375	0.0	0.0	0.0	47.35408020019531	31.299747467041016	0.0	0.0	90.63001251220703	43.00537872314453	0.0	0.0	96.27605438232422	34.856197357177734	0.0	0.0	100.02254486083984	29.137083053588867	0.0	0.0	0.0	0.0	0.0	0.0	0.0	0.0	0.0	0.0	0.0	0.9546438455581665	14.349250793457031	6.894842147827148	0.0	17.11191177368164	0.0	0.0	0.0	18.51668930053711	0.0	0.0	0.0	40.17539978027344	0.0	0.0	0.0	40.32387161254883	0.0	0.0	36.12553405761719	17.575420379638672	0.0	120.97283172607422	161.91319274902344	81.82926177978516	0.0	156.8456573486328	156.40748596191406	106.71694946289062	0.0	193.4311065673828	186.9964599609375	90.97669219970703	59.80283737182617	295.9114074707031	287.7716064453125	146.4980010986328	0.0	0.0	0.0	23.175493240356445	0.0	0.0	0.0	35.52770233154297	0.0	0.0	0.0	59.114688873291016	0.0	0.0	0.0	41.201053619384766	130.8545684814453	314.52490234375	247.8666534423828	46.58364486694336	156.75743103027344	327.9311828613281	202.53216552734375	0.0	192.64515686035156	329.6625671386719	298.6279602050781	29.867591857910156	201.40191650390625	265.5596923828125	230.27581787109375	32.21722412109375	165.0410614013672	314.78582763671875	221.40927124023438	231.85525512695312	179.4718017578125	313.7251281738281	241.15869140625	251.22023010253906	220.76181030273438	331.0086364746094	242.74729919433594	255.7314453125	405.1173400878906	583.635498046875	448.5682373046875	359.5640869140625	4.289844036102295	152.85955810546875	179.54437255859375	0.0	13.495523452758789	172.76475524902344	156.2193145751953	0.0	0.9146998524665833	232.26722717285156	114.02354431152344	0.0	12.814050674438477	247.55833435058594	131.5254364013672	0.0	155.4614715576172	169.7449493408203	157.3937530517578	0.0	135.3238525390625	144.24708557128906	153.1510467529297	43.06505584716797	148.90338134765625	188.82078552246094	145.73268127441406	34.76622009277344	325.510986328125	453.4482116699219	361.8818359375	95.56461334228516	0.0	294.4039611816406	218.44371032714844	28.938846588134766	0.0	314.34222412109375	228.9641876220703	10.488982200622559	0.0	343.94036865234375	173.28472900390625	50.29982376098633	0.0	266.7845153808594	64.70951080322266	6.09027099609375	56.45552062988281	219.55921936035156	246.75027465820312	6.730783939361572	33.10202407836914	217.9049530029297	237.41824340820312	0.0	62.48076629638672	224.98153686523438	205.38687133789062	0.0	78.6471176147461	216.97335815429688	177.21530151367188	0.0	0.0	0.0	183.1029510498047	191.28350830078125	0.0	0.0	154.7832794189453	156.0004425048828	0.0	8.680316925048828	206.1035614013672	136.6903839111328	0.0	0.0	153.4845428466797	128.28550720214844
35.97426223754883	317.4361572265625	916.35791015625	291.94744873046875	18.081350326538086	350.5134582519531	1037.547119140625	270.7271423339844	16.91071891784668	454.66436767578125	1146.2440185546875	264.0298156738281	44.67801284790039	662.8680419921875	1219.9903564453125	163.03390502929688	42.54019546508789	530.1940307617188	311.68212890625	142.30294799804688	0.0	560.6624755859375	355.4753723144531	131.056640625	29.21722984313965	568.8429565429688	359.5687255859375	145.3586883544922	214.7978515625	562.4949340820312	389.2228088378906	113.5661849975586	25.636913299560547	26.760204315185547	143.72683715820312	30.21799659729004	19.8818302154541	57.8492431640625	165.06832885742188	40.57364273071289	10.847378730773926	42.55345153808594	161.54046630859375	34.750797271728516	0.0	132.73501586914062	218.42247009277344	10.905254364013672	63.99581527709961	115.8178482055664	0.0	0.0	58.84592056274414	82.81205749511719	0.0	0.0	61.17573928833008	86.0566177368164	0.0	0.0	140.28919982910156	160.8698272705078	44.972206115722656	0.0	0.0	0.0	94.08544158935547	16.235408782958984	0.0	0.0	106.9188003540039	32.20669174194336	0.0	0.0	110.04537200927734	19.275522232055664	0.0	0.0	78.2612533569336	16.67423439025879	4.980781555175781	18.981048583984375	0.0	17.69628143310547	0.0	12.608343124389648	0.0	1.727763295173645	0.0	0.0	0.0	10.10078239440918	26.038183212280273	0.0	0.0	9.141331672668457	0.0	0.0	0.0	0.0	0.0	0.0	0.0	14.317694664001465	0.0	0.0	0.0	23.06908416748047	0.0	0.0	6.938596725463867	33.37444305419922	5.254887104034424	106.53964233398438	177.82704162597656	49.354881286621094	0.0	120.61190032958984	147.0308837890625	56.09775924682617	0.0	133.53475952148438	145.7551727294922	110.36042785644531	40.386470794677734	214.1234893798828	237.5943145751953	139.03919982910156	0.0	0.0	0.0	41.08412551879883	0.0	0.0	0.0	63.53900146484375	0.0	0.0	0.0	54.240638732910156	0.0	0.0	0.0	34.85991668701172	157.9711151123047	356.60699462890625	208.83383178710938	0.0	137.05484008789062	330.3389892578125	160.79754638671875	0.0	148.65643310546875	304.537353515625	157.96730041503906	0.0	125.03585052490234	223.09649658203125	297.7283020019531	79.0501480102539	206.1439208984375	325.7859191894531	183.74240112304688	178.92599487304688	179.77609252929688	285.59259033203125	123.56330108642578	190.4735565185547	161.97097778320312	311.3630065917969	168.15614318847656	254.32907104492188	329.7603454589844	482.9375915527344	429.9625244140625	360.7569274902344	23.19655418395996	143.13600158691406	160.2086181640625	0.0	30.82807731628418	139.85855102539062	166.60205078125	0.0	13.409409523010254	161.4435577392578	153.47799682617188	0.0	21.24315071105957	178.51126098632812	78.33293914794922	0.0	172.61668395996094	194.50897216796875	160.805419921875	6.517129898071289	152.20303344726562	102.43049621582031	81.5728759765625	20.2055606842041	139.0182342529297	116.57950592041016	73.32991790771484	37.602821350097656	233.58392333984375	357.730712890625	325.2040100097656	91.10586547851562	0.0	311.7023010253906	158.66134643554688	19.84914207458496	0.0	277.8534851074219	176.0902099609375	29.677968978881836	0.0	321.9195251464844	157.74354553222656	20.570383071899414	0.0	277.27386474609375	85.64274597167969	44.10927963256836	45.93462371826172	211.16403198242188	242.13153076171875	0.0	0.6565979719161987	202.67904663085938	248.5184783935547	0.0	45.860145568847656	245.5069580078125	271.0820617675781	0.0	99.25267791748047	223.83599853515625	115.77545166015625	0.0	0.0	0.0	182.16030883789062	147.75619506835938	0.0	0.0	185.70509338378906	147.73899841308594	0.0	0.0	177.18484497070312	140.46768188476562	0.0	0.0	156.54368591308594	114.0941162109375
473.38995361328125	341.9551696777344	770.6475219726562	752.1537475585938	111.22441864013672	803.4247436523438	874.6077880859375	388.8601379394531	250.05050659179688	477.71380615234375	101.64937591552734	305.5912780761719	257.9794006347656	254.9971160888672	149.97918701171875	612.2584838867188	191.41677856445312	708.8129272460938	684.6233520507812	286.92926025390625	391.49774169921875	565.2618408203125	385.3552551269531	303.4288024902344	91.44625854492188	210.6431121826172	295.1760559082031	250.02928161621094	360.5012512207031	439.9666442871094	717.6883544921875	619.2290649414062	307.9991149902344	214.4418487548828	241.54629516601562	222.43092346191406	0.0	226.80369567871094	259.6520690917969	98.19544219970703	226.33062744140625	292.4481506347656	94.08029174804688	30.550256729125977	0.0	79.76255798339844	47.11389923095703	38.122623443603516	17.66155242919922	37.54939651489258	89.834716796875	99.93515014648438	175.32347106933594	106.431884765625	117.64679718017578	25.128183364868164	9.549517631530762	66.85879516601562	117.77655029296875	97.69988250732422	199.5818328857422	133.21237182617188	128.29489135742188	53.049869537353516	0.0	0.0	0.0	103.01188659667969	0.0	0.0	39.41654968261719	104.80406188964844	0.0	0.0	0.0	3.278038501739502	0.0	0.0	0.0	59.61708450317383	1.0656334161758423	0.0	28.11897850036621	45.10145950317383	22.1960506439209	39.89039611816406	50.10348892211914	70.47435760498047	0.0	33.27631759643555	58.37665557861328	0.0	79.9397201538086	14.966604232788086	55.91971206665039	18.78984832763672	0.0	0.0	0.0	0.0	0.0	0.0	0.0	38.638427734375	0.0	0.0	0.0	0.0	0.0	0.0	0.0	0.0	182.87803649902344	295.29583740234375	270.8284606933594	148.90994262695312	197.40402221679688	272.1089782714844	374.226806640625	205.86204528808594	51.35066223144531	89.89608001708984	229.43572998046875	205.276611328125	365.90277099609375	411.72784423828125	457.79779052734375	257.7553405761719	0.0	0.0	0.0	0.0	0.0	0.0	0.0	0.0	0.0	0.0	0.0	0.0	0.0	0.0	0.0	0.0	955.1116333007812	1152.3245849609375	843.9334716796875	532.427490234375	167.32078552246094	712.142578125	710.4719848632812	513.9990234375	577.5020751953125	891.1060180664062	651.2075805664062	287.5035705566406	26.855449676513672	296.4627990722656	480.1065979003906	265.61334228515625	443.32684326171875	735.6320190429688	722.543701171875	401.747314453125	420.5082092285156	659.7150268554688	755.5016479492188	423.64483642578125	284.8232116699219	514.2567138671875	536.5136108398438	446.6888732910156	569.4236450195312	734.4038696289062	812.3931884765625	570.33447265625	59.37268829345703	67.24446105957031	0.0	0.0	4.832223415374756	44.22129440307617	55.994319915771484	0.0	61.52176284790039	11.062614440917969	19.633207321166992	78.4181900024414	141.64425659179688	116.07997131347656	55.795711517333984	138.98081970214844	501.9713439941406	450.2296447753906	384.2210388183594	336.64306640625	506.86517333984375	604.3341674804688	452.5011901855469	54.120697021484375	405.530029296875	483.6781311035156	361.0376892089844	237.67230224609375	469.1302795410156	376.97357177734375	285.9901428222656	305.3819885253906	89.72850799560547	159.7816162109375	346.9476623535156	99.88932800292969	0.0	63.20539474487305	28.775741577148438	139.22030639648438	77.34918212890625	152.1147918701172	360.9490966796875	198.54530334472656	0.0	0.0	184.29721069335938	294.91461181640625	105.79940795898438	328.8414611816406	369.07373046875	0.0	216.1111602783203	213.55584716796875	127.2420654296875	193.3837890625	0.0	57.36016082763672	183.7860870361328	275.36474609375	181.33749389648438	225.98416137695312	272.65533447265625	268.7051086425781	227.9648895263672	129.53689575195312	159.0870819091797	148.59120178222656	49.44996643066406	76.97076416015625	266.21868896484375	217.51510620117188	253.3085479736328	289.9519348144531	146.013671875	57.86874008178711	39.49347686767578	155.24749755859375	104.34099578857422	26.361183166503906
57.99713897705078	1030.9774169921875	1041.0831298828125	861.4766845703125	785.1217651367188	1444.9635009765625	812.1594848632812	1260.2452392578125	941.2578125	992.9055786132812	981.1483764648438	1128.0528564453125	210.64453125	1066.257080078125	976.3883666992188	138.10086059570312	666.8946533203125	633.504150390625	451.1925964355469	709.4595336914062	629.7005004882812	568.3267822265625	752.3812255859375	785.9742431640625	408.46661376953125	747.7429809570312	785.1907958984375	651.3394165039062	780.582763671875	685.1465454101562	308.68609619140625	92.3445816040039	0.0	115.67686462402344	126.7923355102539	72.42093658447266	101.90010070800781	225.9265899658203	46.320068359375	133.81796264648438	139.3916015625	0.0	378.6129150390625	411.4947814941406	122.99830627441406	380.43408203125	474.2899475097656	359.542236328125	79.77698516845703	65.53241729736328	88.01972961425781	84.94351959228516	67.33973693847656	0.0	46.87929916381836	68.15193176269531	139.46202087402344	221.64993286132812	269.4666748046875	225.49798583984375	176.33250427246094	80.3217544555664	0.0	22.325525283813477	0.0	0.0	0.0	0.0	0.0	0.0	0.0	0.0	0.0	0.0	0.0	33.3264274597168	0.0	22.00978660583496	13.970805168151855	0.0	0.0	0.0	0.0	13.11695671081543	0.0	4.891941547393799	0.0	9.780620574951172	73.1377944946289	56.38552474975586	0.0	75.37693786621094	55.43913650512695	0.0	37.26984405517578	61.375343322753906	0.0	0.0	0.0	0.0	0.0	0.0	0.0	0.0	0.0	0.0	0.0	14.667967796325684	0.0	0.0	24.38675308227539	69.8759536743164	78.33624267578125	153.37271118164062	140.56825256347656	118.20681762695312	212.90602111816406	372.7506408691406	330.5926513671875	473.2707214355469	316.0629577636719	361.51763916015625	345.98956298828125	357.0732727050781	334.5647888183594	360.5464172363281	286.90618896484375	192.68218994140625	23.467653274536133	0.0	0.0	14.490995407104492	0.0	0.0	0.0	0.0	0.0	0.0	0.0	0.0	0.0	0.0	0.0	4.43471622467041	109.92463684082031	40.338260650634766	182.10337829589844	167.920654296875	194.6535186767578	477.83966064453125	451.12457275390625	187.5807647705078	844.5426635742188	668.8893432617188	982.4996948242188	1202.9112548828125	888.466796875	752.0287475585938	1048.886474609375	1001.3660888671875	238.41712951660156	227.6148223876953	339.4056396484375	386.8095703125	523.1015625	582.57080078125	911.3637084960938	893.8786010742188	708.5214233398438	846.3872680664062	902.2780151367188	846.7235717773438	864.8195190429688	850.6163940429688	772.3689575195312	709.4938354492188	36.32602310180664	94.9264907836914	0.0	126.2343521118164	86.81855773925781	98.93297576904297	0.0	161.97412109375	110.93696594238281	67.89119720458984	0.0	0.0	105.06041717529297	56.0731086730957	0.0	0.0	100.159423828125	245.56846618652344	190.0946044921875	118.8821029663086	231.26776123046875	266.9504089355469	198.58193969726562	281.3356628417969	720.9024658203125	690.0472412109375	909.712890625	856.593994140625	423.2630920410156	524.5725708007812	492.6336364746094	185.668212890625	22.300552368164062	220.32960510253906	0.0	359.2497863769531	97.48174285888672	179.13140869140625	120.65739440917969	296.0214538574219	132.556884765625	207.7313690185547	196.9879608154297	232.67047119140625	275.5440673828125	388.16632080078125	198.1198272705078	261.05810546875	459.06884765625	564.3765258789062	245.05435180664062	436.3954772949219	334.4667663574219	248.38751220703125	451.4285888671875	290.7015075683594	214.78424072265625	521.16650390625	393.4988098144531	0.0	326.1125183105469	275.48370361328125	0.0	76.18389892578125	0.0	26.335430145263672	76.89291381835938	0.0	5.416842460632324	186.39793395996094	0.0	87.07252502441406	41.79179000854492	19.560142517089844	186.1154022216797	299.25103759765625	70.37303161621094	292.25396728515625	493.01837158203125	522.9016723632812
272.7494201660156	755.4194946289062	602.0594482421875	634.1389770507812	424.4234313964844	376.4954528808594	286.60333251953125	1247.69970703125	1047.40185546875	700.9973754882812	666.167724609375	1391.197998046875	657.3992919921875	386.71612548828125	1007.8638305664062	1092.6512451171875	391.951416015625	241.5776824951172	472.0666198730469	585.5042724609375	448.8298645019531	508.28631591796875	739.1441650390625	626.8916015625	570.4600219726562	498.2584533691406	705.19189453125	489.0714111328125	418.443603515625	797.9942626953125	689.5438842773438	344.4525451660156	286.1999816894531	433.6609802246094	312.4250793457031	130.75413513183594	230.5128936767578	161.78831481933594	73.56305694580078	215.16522216796875	111.18064880371094	26.92914390563965	87.11994934082031	261.0990905761719	183.53919982910156	98.20213317871094	248.05426025390625	169.34442138671875	167.68751525878906	171.06517028808594	184.75062561035156	93.70783996582031	0.0	25.510969161987305	148.91143798828125	103.17613983154297	161.44349670410156	180.04103088378906	147.901611328125	24.15850257873535	294.7149658203125	384.1750183105469	230.52536010742188	33.861637115478516	0.0	0.0	0.0	0.0	0.0	0.0	0.0	19.295921325683594	0.0	0.0	0.0	37.83562469482422	0.0	0.0	50.770084381103516	41.60047912597656	11.086963653564453	0.0	14.120060920715332	63.20709991455078	0.0	0.0	5.18034029006958	0.0	37.34132385253906	87.43965911865234	38.08359909057617	15.293767929077148	35.005958557128906	54.5242805480957	93.06867218017578	16.41703224182129	0.0	0.0	0.0	9.989307403564453	0.0	0.0	0.0	0.0	0.0	0.0	0.0	0.0	0.0	0.0	0.0	23.019975662231445	23.334672927856445	100.30916595458984	146.35804748535156	171.17420959472656	257.4317321777344	312.27081298828125	229.73690795898438	132.3860321044922	279.1385803222656	276.92596435546875	268.5114440917969	218.67127990722656	441.26861572265625	491.3226623535156	394.01141357421875	293.44091796875	0.0	0.0	0.0	0.0	0.0	0.0	34.374267578125	0.0	0.0	0.0	0.0	0.0	0.0	0.0	0.0	0.0	652.3290405273438	1135.068359375	1170.722900390625	798.1193237304688	562.5145263671875	509.7764892578125	259.058349609375	185.18484497070312	674.4635009765625	836.5446166992188	315.05340576171875	281.5810852050781	716.8367309570312	593.6929931640625	806.6739501953125	457.8375244140625	346.6812744140625	608.9091186523438	760.8619995117188	519.3126220703125	423.4076843261719	384.60357666015625	404.17333984375	297.99188232421875	660.0195922851562	842.1463012695312	788.9259033203125	300.8625793457031	1108.42724609375	1203.7738037109375	1002.2249145507812	628.8383178710938	0.0	62.91114807128906	0.0	84.71908569335938	143.1888427734375	44.20692443847656	1.770199179649353	74.07550811767578	120.33901977539062	0.0	39.27397155761719	40.40904998779297	147.94224548339844	0.0	125.11781311035156	0.0	560.0008544921875	936.7922973632812	844.065673828125	308.2414245605469	80.90430450439453	25.294647216796875	168.243896484375	105.58029174804688	674.4805297851562	509.76885986328125	404.884765625	242.5946807861328	767.8156127929688	1033.9039306640625	772.41943359375	264.1497802734375	131.75390625	189.7107696533203	301.4178161621094	526.5693969726562	36.92708206176758	77.93828582763672	84.16756439208984	351.705322265625	0.0	0.0	179.7930908203125	207.6395721435547	97.56763458251953	232.10484313964844	314.1263427734375	0.0	61.979736328125	0.0	146.49200439453125	277.1053161621094	408.9053955078125	357.25347900390625	417.45831298828125	356.96832275390625	359.73150634765625	326.0523986816406	440.8222351074219	133.9356689453125	96.37675476074219	192.024169921875	25.926727294921875	35.454185485839844	77.18998718261719	404.63922119140625	369.57232666015625	4.109273910522461	235.07217407226562	299.0805358886719	159.24440002441406	149.81565856933594	0.0	0.0	0.0	229.96038818359375	106.08167266845703	81.97481536865234	55.28192138671875	210.85922241210938
843.1930541992188	1189.0142822265625	699.4258422851562	631.3877563476562	1026.7471923828125	918.7559814453125	368.8841247558594	828.6068115234375	348.44989013671875	207.16246032714844	1178.2796630859375	1255.369384765625	38.26904296875	923.2224731445312	1022.6351318359375	347.912841796875	682.9547729492188	534.930419921875	446.2586669921875	304.4759216308594	318.453369140625	386.7685241699219	754.1668701171875	451.8887634277344	325.1730651855469	546.9378662109375	784.7703857421875	427.4010314941406	520.6124877929688	669.7157592773438	434.296142578125	364.9523620605469	234.12396240234375	369.72607421875	148.13893127441406	31.969867706298828	311.68548583984375	262.8191223144531	74.43125915527344	176.96524047851562	178.0967559814453	0.0	262.90924072265625	226.46261596679688	51.30012893676758	277.3176574707031	184.86924743652344	43.36642074584961	222.5706787109375	278.0187072753906	253.59719848632812	74.91661834716797	56.310394287109375	87.96684265136719	79.03081512451172	2.769308090209961	109.70928955078125	159.8641357421875	98.08523559570312	62.814857482910156	174.72695922851562	148.71826171875	94.79449462890625	107.65795135498047	0.0	0.0	0.0	13.071399688720703	0.0	0.0	0.0	69.65975189208984	0.0	0.0	0.0	134.95510864257812	0.0	45.37770462036133	51.43571853637695	46.42673110961914	0.0	60.54744338989258	154.28091430664062	0.0	25.947574615478516	0.0	43.78036117553711	0.0	67.12055969238281	30.1519718170166	0.0	58.25300216674805	53.05965042114258	0.0	81.0112075805664	0.0	0.0	0.0	0.0	0.0	0.0	17.189342498779297	0.0	0.0	0.0	0.0	0.0	0.0	0.0	0.0	0.0	0.0	210.38571166992188	146.7435302734375	321.0757141113281	251.82879638671875	277.7878112792969	397.3492736816406	409.4349060058594	184.5661163330078	173.93048095703125	201.78726196289062	401.5425109863281	299.2740173339844	212.3162384033203	332.0372009277344	344.1238708496094	332.33917236328125	0.0	0.0	0.0	0.0	0.0	0.0	0.0	0.0	0.0	0.0	0.0	0.0	0.0	0.0	0.0	0.0	533.5701293945312	1231.6116943359375	1117.9610595703125	267.41009521484375	560.5956420898438	768.5808715820312	713.8023681640625	292.1671447753906	675.6920166015625	540.7942504882812	355.7474365234375	447.2182312011719	298.1196594238281	754.4811401367188	925.1292724609375	292.03009033203125	456.7801208496094	752.3802490234375	779.2578735351562	456.50433349609375	600.6480102539062	674.7703857421875	653.9693603515625	366.5068054199219	461.71435546875	805.4993896484375	794.9729614257812	456.9044189453125	566.1070556640625	755.4841918945312	913.3370971679688	756.8861083984375	77.39478302001953	0.0	146.45880126953125	44.34195327758789	229.094482421875	52.860530853271484	71.5369873046875	57.03062438964844	0.0	118.18568420410156	76.75218963623047	0.0	0.0	39.06978225708008	47.23490905761719	38.68635940551758	654.0204467773438	836.6255493164062	715.6055908203125	192.02618408203125	266.27423095703125	247.18211364746094	273.8155822753906	217.7884063720703	416.32763671875	454.4847412109375	449.0694885253906	231.29238891601562	384.6114501953125	694.7132568359375	500.74456787109375	384.3528747558594	118.49483489990234	87.5437240600586	412.9970703125	129.37481689453125	179.05517578125	0.0	503.8073425292969	325.7046813964844	120.57764434814453	151.7556610107422	154.10409545898438	95.48448181152344	0.0	220.1261749267578	282.67791748046875	147.3948974609375	395.72344970703125	303.70465087890625	150.71246337890625	343.7623596191406	0.0	329.830810546875	378.9931335449219	349.56524658203125	201.20631408691406	457.63580322265625	399.6611328125	132.83935546875	215.94091796875	172.50379943847656	66.86663818359375	206.79354858398438	0.0	269.6329345703125	170.86111450195312	135.3009490966797	254.11703491210938	423.89617919921875	158.01133728027344	163.61575317382812	155.93072509765625	0.0	140.9700927734375	223.14373779296875	85.59099578857422	194.0359649658203	192.84457397460938	147.88571166992188
243.71568298339844	541.70654296875	756.3478393554688	72.27362060546875	67.25798797607422	701.9774169921875	697.7611694335938	233.86253356933594	66.2107925415039	198.77047729492188	64.04537200927734	564.5228271484375	73.53131103515625	130.05636596679688	708.7297973632812	1119.6507568359375	338.7723388671875	572.1092529296875	316.8746032714844	113.41197204589844	341.0216064453125	406.4721374511719	364.6728210449219	277.50457763671875	22.056333541870117	219.43128967285156	541.8272094726562	315.3128356933594	248.1937713623047	603.6723022460938	892.9414672851562	577.8999633789062	159.98976135253906	88.92290496826172	86.55538940429688	15.47976303100586	58.24983596801758	88.3297348022461	0.0	30.335464477539062	204.9748992919922	223.868408203125	65.29119110107422	100.22769927978516	0.0	0.0	134.377685546875	168.71530151367188	128.61851501464844	98.83998107910156	14.673766136169434	1.9278662204742432	134.3205108642578	147.19091796875	149.79681396484375	19.243234634399414	14.472874641418457	86.80722045898438	131.0036163330078	44.836639404296875	143.51797485351562	302.8155822753906	246.35702514648438	137.1353302001953	0.0	0.0	44.252708435058594	2.154824733734131	4.682378768920898	16.327295303344727	96.43194580078125	7.340165138244629	0.0	0.0	0.0	38.207481384277344	0.0	0.0	0.0	112.41829681396484	43.16501235961914	15.313090324401855	12.367486953735352	20.547029495239258	84.59186553955078	124.26309967041016	36.51313781738281	20.562482833862305	0.0	27.918888092041016	18.70189666748047	6.472219944000244	38.70082092285156	28.557804107666016	48.95185089111328	65.17051696777344	0.0	19.14669418334961	0.0	0.0	0.0	0.0	0.0	0.0	0.0	0.0	0.0	0.0	0.0	0.0	0.0	0.0	187.75254821777344	245.7784881591797	250.14700317382812	50.02289962768555	113.80713653564453	263.319580078125	343.9692077636719	228.70326232910156	73.65987396240234	174.89022827148438	121.561767578125	143.61050415039062	152.93821716308594	483.6084289550781	476.8114013671875	297.62554931640625	0.0	0.0	0.0	3.669811964035034	0.0	0.0	0.0	0.0	0.0	0.0	0.0	0.0	0.0	0.0	0.0	0.0	848.852783203125	825.4088745117188	280.4493713378906	49.30514144897461	390.26123046875	600.9755249023438	396.5393371582031	33.96292495727539	498.8450927734375	852.2294311523438	786.1190185546875	273.24371337890625	42.99235153198242	90.3016128540039	134.4227294921875	203.8955535888672	597.1416625976562	612.3292236328125	351.0787658691406	175.99072265625	369.6332702636719	585.3504638671875	630.8531494140625	392.54547119140625	213.15313720703125	408.3893737792969	490.01983642578125	327.7329406738281	330.6276550292969	825.568603515625	828.8897705078125	389.0670471191406	0.0	166.55006408691406	0.0	0.0	0.0	137.283935546875	63.44475173950195	0.0	38.72578048706055	0.0	103.8666763305664	26.35133934020996	63.948734283447266	131.7945098876953	49.14012908935547	53.699520111083984	544.6616821289062	450.6426086425781	122.0932846069336	31.609827041625977	480.8616943359375	526.01220703125	384.6184387207031	142.33859252929688	301.9823913574219	511.947265625	499.30419921875	255.56813049316406	285.47332763671875	586.218994140625	684.3529052734375	452.2869873046875	110.85740661621094	310.30975341796875	110.82302856445312	53.569664001464844	0.0	148.18069458007812	28.146217346191406	44.87810134887695	0.0	227.2727508544922	444.4886474609375	303.8079528808594	0.0	0.0	277.8132019042969	187.7003936767578	68.26048278808594	237.11715698242188	243.6742401123047	0.0	72.65777587890625	97.54385375976562	258.8575134277344	186.8749237060547	4.020953178405762	170.10940551757812	396.3320617675781	298.2794494628906	93.89630126953125	408.4437255859375	498.9450378417969	90.18856048583984	137.53091430664062	47.05619430541992	140.88217163085938	58.970458984375	68.79204559326172	79.591552734375	11.969831466674805	83.6247787475586	151.68612670898438	215.46554565429688	54.70415496826172	111.058349609375	0.0	26.029685974121094	39.59956741333008	141.22789001464844
3.3811135292053223	46.597808837890625	1292.4188232421875	1074.748046875	4.858480930328369	456.8582763671875	1439.7783203125	809.2589721679688	0.8252948522567749	1234.15234375	1507.91259765625	0.0	18.79778480529785	1389.81005859375	1052.6689453125	0.0	0.0	625.1067504882812	629.912353515625	324.6051025390625	165.62828063964844	653.7941284179688	556.5874633789062	235.7502899169922	452.7547302246094	591.1023559570312	352.08306884765625	105.4693374633789	624.7868041992188	599.8959350585938	371.7749938964844	62.69805145263672	0.0	0.0	169.08038330078125	135.0894775390625	0.0	36.263973236083984	301.1228332519531	108.12030792236328	0.0	254.72373962402344	364.68115234375	26.677547454833984	0.0	229.14585876464844	120.89371490478516	7.292223930358887	35.646331787109375	87.83377075195312	78.57457733154297	0.0	69.09379577636719	133.19667053222656	9.862138748168945	31.63617706298828	104.5634994506836	61.92333221435547	0.0	9.672602653503418	165.685791015625	49.449771881103516	57.56801223754883	0.10668710619211197	0.0	0.0	0.0	30.734228134155273	0.0	0.0	24.904970169067383	57.40998458862305	0.0	0.0	42.091705322265625	22.127851486206055	0.0	10.052172660827637	36.320213317871094	1.5394835472106934	0.0	0.0	0.0	29.605791091918945	0.0	12.167494773864746	0.0	0.0	10.705828666687012	0.0	11.753341674804688	0.0	13.643218040466309	0.0	4.629944801330566	11.326891899108887	0.0	0.0	0.0	10.150004386901855	0.0	0.0	0.0	35.81142044067383	0.0	0.0	48.71942138671875	44.6872444152832	0.0	0.0	49.29899215698242	2.006894588470459	0.0	75.14883422851562	192.74917602539062	156.01611328125	24.253114700317383	100.78466796875	166.3214874267578	184.02378845214844	26.172996520996094	220.82522583007812	149.32579040527344	117.8951187133789	121.26624298095703	246.18740844726562	197.26937866210938	86.79922485351562	1.2577667236328125	29.11526107788086	0.0	0.0	0.0	0.0	0.0	0.0	0.0	0.0	0.0	44.581573486328125	0.0	0.0	0.0	38.43070983886719	32.18063735961914	123.11839294433594	158.92672729492188	163.76034545898438	99.43368530273438	259.9352111816406	445.4890441894531	248.4633331298828	180.40733337402344	430.552978515625	530.0536499023438	215.05746459960938	117.3620834350586	277.06060791015625	209.59591674804688	26.49595069885254	51.398521423339844	308.7599182128906	378.8131408691406	274.7949523925781	152.06788635253906	345.2451477050781	319.82574462890625	350.8241882324219	237.7847900390625	298.72344970703125	294.2928161621094	340.5732116699219	509.79339599609375	518.1273193359375	363.41693115234375	244.43035888671875	0.0	41.9913215637207	123.44039916992188	0.0	0.0	50.62919998168945	100.402587890625	0.0	1.1059192419052124	180.17059326171875	0.0	0.0	53.32011413574219	150.99478149414062	0.0	0.0	1.1902304887771606	76.45128631591797	140.10421752929688	35.243988037109375	68.45407104492188	319.4578857421875	288.6260986328125	141.15390014648438	110.81727600097656	251.9305877685547	132.71214294433594	49.13428497314453	266.74237060546875	348.8566589355469	229.3085174560547	58.0644416809082	0.0	33.9069709777832	314.446533203125	0.0	0.0	271.3635559082031	302.7428283691406	20.656946182250977	0.0	276.27239990234375	163.0515899658203	98.8821792602539	132.898681640625	286.22991943359375	0.0	26.308549880981445	46.10953140258789	349.3832092285156	426.060546875	163.450439453125	164.25445556640625	326.9521179199219	209.8430633544922	0.0	219.2670440673828	236.54771423339844	85.02836608886719	0.0	283.1681213378906	258.8626403808594	50.7183952331543	0.0	0.0	0.0	114.89214324951172	213.2452392578125	0.0	0.0	219.2350311279297	185.96824645996094	0.0	216.0979766845703	349.0576477050781	148.57879638671875	0.0	186.86679077148438	240.5427703857422	75.47014617919922
946.3720703125	945.20361328125	738.8605346679688	805.4861450195312	1071.80078125	769.522705078125	580.250732421875	338.1741943359375	888.7926635742188	593.644775390625	146.91261291503906	197.60626220703125	461.93841552734375	182.7637939453125	227.66934204101562	885.076416015625	562.9200439453125	657.2772827148438	699.4476928710938	318.49310302734375	793.5565185546875	769.5872192382812	630.1511840820312	643.380859375	461.7044372558594	120.37574005126953	178.1378631591797	547.3509521484375	322.6727600097656	512.0221557617188	841.5637817382812	1016.5211791992188	72.48328399658203	67.38170623779297	133.90567016601562	92.21363830566406	122.1390151977539	80.86487579345703	130.36660766601562	0.0	533.3710327148438	450.898681640625	332.49603271484375	91.41949462890625	328.677978515625	98.86572265625	102.43819427490234	102.23604583740234	199.42420959472656	297.3410339355469	323.5729675292969	97.97354888916016	214.68716430664062	357.6607360839844	327.82940673828125	278.4914245605469	181.1992645263672	129.84434509277344	127.3005599975586	141.65582275390625	76.33872985839844	62.924861907958984	80.2778091430664	131.9224853515625	0.0	0.0	0.0	0.0	0.0	0.0	40.911991119384766	45.94816970825195	22.27654457092285	55.7978401184082	18.17487907409668	0.0	0.0	0.0	0.0	0.0	0.0	67.34295654296875	56.47148895263672	23.512142181396484	0.0	15.468391418457031	128.29457092285156	123.12271881103516	0.0	44.62466049194336	46.570579528808594	72.80451965332031	80.55963897705078	0.0	0.0	28.43588638305664	0.0	0.0	0.0	0.0	0.0	0.0	0.0	0.0	0.0	7.5037384033203125	0.0	0.0	0.0	66.6720199584961	0.0	0.0	137.23660278320312	218.0831298828125	213.5461883544922	242.66160583496094	442.95367431640625	489.0894470214844	445.1186218261719	381.1449279785156	218.32330322265625	213.09405517578125	163.67250061035156	152.646240234375	354.3562927246094	514.97021484375	500.5819091796875	470.7411193847656	0.0	0.0	0.0	0.0	0.0	0.0	0.0	0.0	0.0	0.0	0.0	0.0	0.0	0.0	0.0	0.0	547.0938720703125	867.19921875	862.9414672851562	622.5323486328125	601.73095703125	683.8553466796875	628.518310546875	300.2759704589844	1321.0186767578125	1316.2894287109375	1301.22998046875	980.328857421875	859.7550048828125	427.0947265625	447.6070556640625	442.3170166015625	480.6308898925781	850.05078125	875.5267944335938	520.7730102539062	926.572509765625	1304.853271484375	1257.537109375	900.6205444335938	668.0324096679688	893.1122436523438	789.975341796875	713.8043823242188	473.5147705078125	719.0611572265625	860.7631225585938	792.3223266601562	68.23202514648438	0.0	0.0	19.879566192626953	185.79385375976562	0.0	21.180246353149414	82.87415313720703	22.92173957824707	0.0	0.0	144.468994140625	41.37202072143555	77.7408218383789	137.00650024414062	110.5069808959961	612.5806274414062	651.1964721679688	646.4999389648438	441.4770202636719	635.1021728515625	1024.5701904296875	920.8836669921875	590.9945068359375	1036.2249755859375	1013.6910400390625	750.604248046875	509.73455810546875	5.6825971603393555	0.0	165.999755859375	213.41708374023438	37.78440856933594	7.020578861236572	156.74627685546875	38.03406524658203	148.9557647705078	223.7500762939453	246.7176055908203	104.00985717773438	178.8084716796875	242.7812042236328	231.9564666748047	583.5386352539062	5.737917423248291	22.159334182739258	0.0	495.68927001953125	446.38568115234375	400.18310546875	319.2286682128906	169.8679962158203	204.24974060058594	156.03758239746094	131.28892517089844	371.4007568359375	0.0	0.0	80.37406158447266	342.1316223144531	324.7737731933594	416.9494934082031	433.6201171875	501.02880859375	0.0	0.0	10.966373443603516	109.18353271484375	61.02143096923828	167.97576904296875	201.9482879638672	81.35858917236328	400.9603271484375	477.1730651855469	363.3815612792969	84.37704467773438	388.12628173828125	284.75921630859375	183.35092163085938	129.88870239257812
203.85333251953125	848.1159057617188	843.7429809570312	725.8231201171875	564.8395385742188	1194.2418212890625	839.2394409179688	988.8098754882812	849.7229614257812	1283.203369140625	836.8318481445312	1499.5810546875	792.325439453125	775.2997436523438	1447.071533203125	1318.9429931640625	587.5404052734375	698.939697265625	754.3921508789062	652.1671142578125	623.1507568359375	591.1415405273438	688.4456787109375	507.40850830078125	533.0769653320312	726.2711181640625	822.2413330078125	481.92633056640625	360.6261901855469	852.165283203125	750.771240234375	331.69464111328125	0.0	0.0	43.35210418701172	60.67597961425781	119.7486343383789	492.17340087890625	279.7662658691406	190.12741088867188	260.5819091796875	452.5160827636719	136.4932403564453	265.5809631347656	89.42822265625	0.0	322.781982421875	253.91455078125	96.27998352050781	206.81251525878906	192.99815368652344	174.42300415039062	213.83055114746094	196.21331787109375	95.73814392089844	0.0	59.28299331665039	72.4918212890625	75.5208511352539	10.13984203338623	127.56477355957031	236.5225372314453	32.399044036865234	15.845035552978516	0.0	0.0	0.0	0.0	0.0	0.0	0.0	83.34127807617188	0.0	0.0	0.0	62.3056526184082	0.0	0.0	0.0	45.83247375488281	0.0	0.0	41.32127380371094	58.168521881103516	11.399551391601562	0.0	42.0825080871582	13.787665367126465	0.0	0.0	27.78705406188965	0.0	67.74014282226562	14.369390487670898	9.09107780456543	47.03432846069336	0.0	0.0	0.0	0.0	0.0	0.0	0.0	0.0	0.0	0.0	0.0	0.0	0.0	0.0	0.0	60.43335723876953	173.3477020263672	264.6215515136719	338.8489074707031	367.6640930175781	134.843505859375	182.24728393554688	304.0518493652344	198.90200805664062	182.57989501953125	259.2520446777344	266.5142822265625	235.73699951171875	266.50347900390625	373.2356872558594	316.8171691894531	223.71389770507812	0.0	0.0	0.0	0.0	0.0	0.0	0.0	0.0	0.0	0.0	0.0	0.0	0.0	0.0	0.0	0.0	70.0761947631836	212.58802795410156	632.61181640625	504.47418212890625	482.9480285644531	1129.1724853515625	1050.8046875	695.083740234375	502.5772705078125	784.5693969726562	435.440673828125	241.36085510253906	467.0841369628906	266.6969299316406	515.5484008789062	449.0148010253906	405.2006530761719	756.6396484375	815.0516967773438	635.922119140625	530.4183349609375	649.0791015625	810.2312622070312	630.3260498046875	391.1174621582031	528.2369995117188	635.5252685546875	309.4463806152344	689.2704467773438	972.4259033203125	786.4395751953125	436.7000427246094	87.1918716430664	77.43373107910156	0.0	47.67829513549805	112.16957092285156	0.39252883195877075	0.0	53.65070343017578	221.52926635742188	43.25410461425781	0.0	0.0	190.43692016601562	120.00193786621094	0.0	0.0	175.7247314453125	565.3082885742188	717.1547241210938	497.3869934082031	541.287353515625	783.1219482421875	771.528076171875	239.7698516845703	281.86578369140625	168.4689483642578	181.1107177734375	136.66856384277344	372.09967041015625	611.9518432617188	564.6708374023438	237.70677185058594	0.0	119.56407928466797	58.59859085083008	142.53759765625	262.51593017578125	176.52996826171875	388.71148681640625	470.8622741699219	267.3851623535156	20.262104034423828	427.4762878417969	334.2071228027344	113.03907775878906	111.76811981201172	229.05584716796875	0.0	403.43701171875	603.4297485351562	414.5488586425781	236.40936279296875	289.4741516113281	186.85897827148438	269.13372802734375	317.20166015625	25.529300689697266	500.384521484375	429.0615539550781	213.61798095703125	101.22277069091797	514.9542846679688	176.77462768554688	0.0	0.0	0.0	0.0	62.77669143676758	0.0	376.4300231933594	247.9284210205078	175.7540283203125	155.29190063476562	418.6321716308594	105.42037200927734	247.10374450683594	36.747467041015625	0.0	285.3031005859375	255.65724182128906
410.9627990722656	598.83203125	447.47222900390625	941.625244140625	533.5068359375	863.8947143554688	215.40467834472656	1068.6431884765625	488.83831787109375	611.3789672851562	1037.0491943359375	1430.891845703125	311.46600341796875	52.81627655029297	1429.791748046875	1218.74365234375	652.436767578125	645.8668823242188	794.4800415039062	771.8428955078125	417.9658508300781	304.7197265625	675.9188232421875	487.2835693359375	418.6175231933594	440.15130615234375	762.3547973632812	444.75408935546875	50.9925422668457	590.1829833984375	558.9527587890625	299.48321533203125	0.0	0.0	0.0	106.44186401367188	337.88983154296875	382.2151794433594	150.8709259033203	296.64434814453125	184.11126708984375	115.5541763305664	208.4831085205078	277.4512939453125	202.68362426757812	59.26112747192383	286.8028869628906	218.4991912841797	339.56170654296875	369.7459411621094	383.56121826171875	266.14361572265625	154.34884643554688	132.4187774658203	138.1535186767578	24.106426239013672	100.7014389038086	125.6060562133789	137.57571411132812	4.688080787658691	42.49098205566406	145.44918823242188	0.0	0.0	0.0	0.0	0.0	0.0	0.0	0.0	0.0	91.78132629394531	0.0	0.27883774042129517	0.0	86.58626556396484	0.0	0.0	0.0	57.61833572387695	71.78321075439453	51.564815521240234	158.64645385742188	82.53730010986328	24.664173126220703	0.0	39.920650482177734	0.0	15.10957145690918	0.0	7.160799503326416	0.0	54.650245666503906	26.163951873779297	0.0	0.0	0.0	0.0	0.0	0.0	0.0	0.0	0.0	0.0	0.0	0.0	0.0	0.0	0.0	0.0	0.0	66.34107208251953	450.65399169921875	443.01397705078125	444.0834045410156	384.069580078125	255.36871337890625	269.9683837890625	270.7810974121094	195.99464416503906	136.87034606933594	224.37193298339844	239.8408966064453	197.87474060058594	90.63021850585938	136.50527954101562	261.7357177734375	145.33175659179688	0.0	0.0	0.0	0.0	0.0	0.0	0.0	0.0	0.0	0.0	0.0	0.0	0.0	0.0	0.0	0.0	152.67518615722656	73.5068130493164	268.5198059082031	186.9661102294922	842.0635986328125	1156.536865234375	1242.4669189453125	802.5481567382812	426.0722961425781	429.09576416015625	326.7162780761719	355.98956298828125	517.1829223632812	459.4086608886719	332.1742248535156	327.1155700683594	596.0443115234375	582.0549926757812	631.4457397460938	474.98291015625	659.1306762695312	757.0892944335938	828.7431030273438	608.1741333007812	408.66339111328125	502.777587890625	520.2096557617188	284.2619934082031	240.45542907714844	439.3899230957031	471.654052734375	313.08740234375	138.53640747070312	38.39069747924805	64.36968231201172	102.74882507324219	205.43374633789062	0.0	12.936492919921875	79.73043823242188	118.61347961425781	8.581384658813477	89.72467041015625	0.0	4.733576774597168	10.170492172241211	176.64971923828125	0.0	715.8310546875	824.9713745117188	868.5297241210938	620.5120239257812	779.3810424804688	782.1932373046875	686.0321655273438	330.9575500488281	344.253662109375	261.897216796875	227.07484436035156	130.3387908935547	128.94293212890625	169.4829864501953	211.16258239746094	65.11016082763672	0.0	0.0	0.0	14.431523323059082	310.4513244628906	109.14452362060547	555.915771484375	495.2374267578125	137.68690490722656	0.0	286.75775146484375	191.58474731445312	67.69837951660156	113.30374908447266	351.0522766113281	12.859539985656738	488.2308044433594	508.6985168457031	342.0879211425781	411.73785400390625	29.224937438964844	0.0	224.4936065673828	198.450927734375	0.0	272.9391784667969	372.03594970703125	219.22032165527344	79.33851623535156	253.04791259765625	200.40628051757812	59.14146423339844	0.0	0.0	0.0	0.0	167.30020141601562	390.35308837890625	164.29908752441406	227.16384887695312	150.8567657470703	216.11207580566406	153.7981719970703	283.79254150390625	190.19158935546875	0.0	221.3639373779297	283.87750244140625
731.9268188476562	1286.1534423828125	603.8098754882812	312.6681213378906	1064.407470703125	1127.52197265625	250.6321258544922	230.87596130371094	413.72259521484375	163.58859252929688	204.5133819580078	526.3275756835938	288.816162109375	234.61341857910156	943.0939331054688	1141.491455078125	732.50439453125	714.995361328125	497.29583740234375	310.0709228515625	340.3463134765625	471.7433166503906	485.6468811035156	311.89630126953125	221.7975311279297	176.6256561279297	431.6112976074219	297.3720397949219	537.0771484375	1005.1817016601562	1091.099609375	470.06011962890625	119.94577026367188	395.9112548828125	432.4715576171875	412.0584716796875	261.4727783203125	310.4908752441406	282.081787109375	262.3144836425781	394.31585693359375	316.02484130859375	64.31587219238281	68.22940826416016	155.61993408203125	142.1193084716797	74.41545867919922	132.39418029785156	198.86819458007812	359.26513671875	447.42327880859375	446.8827209472656	101.66629028320312	136.70486450195312	83.27426147460938	44.89042663574219	206.33209228515625	286.895751953125	204.53289794921875	25.567995071411133	84.56383514404297	214.4222869873047	217.80335998535156	63.862518310546875	0.0	0.0	7.986724853515625	5.254090785980225	0.0	0.0	0.0	6.338650703430176	0.0	0.0	0.0	15.010781288146973	0.0	0.0	0.0	92.03939819335938	0.0	2.650855302810669	111.4858169555664	106.51966094970703	62.60493850708008	13.54937744140625	18.056177139282227	17.582080841064453	38.722530364990234	79.46089935302734	124.16400146484375	5.054572582244873	0.0	24.831695556640625	49.5186653137207	3.695725917816162	0.0	0.0	0.0	0.0	0.0	0.0	33.31440734863281	41.601905822753906	0.0	0.0	0.0	0.0	0.0	0.0	0.0	2.818654775619507	131.9713897705078	174.4169921875	224.07489013671875	108.8703842163086	388.5038757324219	466.2516784667969	498.3246154785156	241.8394317626953	137.42025756835938	108.52940368652344	228.56727600097656	183.26905822753906	506.7778015136719	591.8666381835938	510.05743408203125	325.87994384765625	0.0	0.0	0.0	0.0	0.0	0.0	0.0	0.0	0.0	0.0	0.0	0.0	0.0	0.0	0.0	0.0	390.3017272949219	1279.02197265625	1510.078857421875	1435.081787109375	612.8818969726562	848.5046997070312	707.9833374023438	532.7770385742188	1074.7342529296875	1222.837158203125	977.938720703125	193.4658966064453	371.8886413574219	572.3107299804688	500.19464111328125	154.925048828125	407.3722229003906	629.2626953125	781.5958251953125	706.7626342773438	796.2677612304688	938.58203125	762.7213745117188	374.9052734375	492.9254455566406	661.5217895507812	629.9730834960938	286.0585632324219	814.6859130859375	993.2435913085938	895.0340576171875	461.6988830566406	61.30610275268555	0.0	0.0	0.0	259.8758544921875	106.21834564208984	0.0	0.0	0.0	0.0	77.60779571533203	0.0	151.2931365966797	40.30966567993164	100.55682373046875	0.0	656.2894287109375	1001.1019287109375	1225.2811279296875	1194.8470458984375	470.1731262207031	389.6007995605469	238.44134521484375	34.49883270263672	892.8464965820312	994.4710083007812	607.6788940429688	143.01980590820312	133.9232635498047	243.40753173828125	384.0704040527344	295.4267578125	71.33457946777344	63.23020553588867	322.8811340332031	368.21533203125	116.47198486328125	0.0	193.0319366455078	166.67210388183594	135.19386291503906	333.3485412597656	389.7163391113281	92.66405487060547	0.0	0.0	498.22613525390625	196.6289520263672	442.05224609375	358.203369140625	65.69635009765625	57.25700378417969	0.0	255.29869079589844	276.9429626464844	251.3566131591797	0.0	130.251220703125	443.3372497558594	336.7770080566406	390.9957580566406	480.2549133300781	437.52490234375	144.5791473388672	0.0	271.5399475097656	297.3682861328125	285.52130126953125	123.04838562011719	511.43218994140625	517.3023071289062	422.4617919921875	305.88751220703125	258.1508483886719	0.0	130.14962768554688	263.04034423828125	254.20745849609375	65.02069091796875	136.97462463378906
187.4423065185547	974.7501831054688	1202.8746337890625	739.3660888671875	1162.0400390625	1438.55029296875	945.9462280273438	706.6971435546875	1607.3695068359375	1049.0179443359375	426.7626953125	1457.1572265625	1035.42919921875	733.199951171875	913.5636596679688	1242.6607666015625	711.552490234375	854.468505859375	765.4320068359375	553.4614868164062	727.9263916015625	553.79736328125	448.890869140625	753.9066772460938	358.2280578613281	700.5751342773438	993.9188842773438	837.4768676757812	755.6268310546875	946.6495361328125	909.2269897460938	379.18798828125	0.0	176.24305725097656	383.82952880859375	186.47364807128906	297.8564758300781	508.711669921875	489.8788146972656	79.04796600341797	462.28973388671875	325.9728698730469	0.0	258.3437194824219	0.0	129.41305541992188	427.2327880859375	384.2917175292969	135.5152130126953	200.76856994628906	272.1294860839844	268.3002014160156	141.9621124267578	73.14652252197266	23.138961791992188	40.20347213745117	0.0	26.813995361328125	211.06195068359375	128.84243774414062	390.577392578125	394.3271179199219	359.39556884765625	90.7547836303711	0.0	0.0	0.0	0.0	0.0	0.0	0.0	0.0	0.0	0.0	0.0	0.0	8.91822624206543	0.0	0.0	43.88127899169922	0.0	0.0	0.0	81.39371490478516	0.0	0.0	1.0601507425308228	53.99097442626953	0.0	0.0	0.0	16.66717529296875	67.43433380126953	16.582260131835938	18.99542808532715	76.45349884033203	0.0	0.0	0.0	0.0	0.0	0.0	0.0	0.0	0.0	0.0	0.0	0.0	0.0	0.0	0.0	8.817596435546875	166.810791015625	232.39512634277344	311.5505676269531	294.92645263671875	127.79056549072266	259.77960205078125	257.0817565917969	261.06005859375	277.0010986328125	428.6003112792969	419.5418395996094	357.8783874511719	484.048095703125	496.6336364746094	381.621826171875	341.77447509765625	0.0	0.0	0.0	0.0	0.0	0.0	0.0	0.0	0.0	0.0	0.0	0.0	0.0	0.0	0.0	0.0	95.57337188720703	368.8668212890625	1261.7430419921875	1288.2803955078125	564.619384765625	996.7197265625	1155.2314453125	738.4424438476562	839.2605590820312	867.1409912109375	303.5772705078125	306.9704895019531	285.14263916015625	701.7540893554688	1253.211669921875	1163.139404296875	444.8014831542969	671.3386840820312	859.6673583984375	830.861083984375	492.16571044921875	628.1365356445312	743.1124267578125	641.1573486328125	466.82977294921875	771.170166015625	774.5712890625	637.5872192382812	1101.221923828125	1159.9337158203125	967.5169677734375	740.586669921875	72.53685760498047	50.49002456665039	0.0	101.6791000366211	54.48161697387695	0.0	0.0	72.9171371459961	187.41502380371094	0.0	0.0	70.73197174072266	200.52757263183594	0.0	0.0	0.0	166.96783447265625	733.9364013671875	961.8517456054688	822.1898803710938	571.1831665039062	653.965576171875	452.2905578613281	41.698673248291016	441.84423828125	106.49224090576172	380.7125244140625	507.5810852050781	1019.3577880859375	1234.7373046875	1128.61767578125	763.6618041992188	4.7107110023498535	150.36033630371094	21.59096336364746	419.5386047363281	188.45651245117188	221.76832580566406	0.0	544.8865966796875	147.14739990234375	0.0	116.5262222290039	318.34234619140625	0.0	0.0	75.05464172363281	84.50402069091797	572.3204956054688	598.71240234375	220.7898406982422	179.67523193359375	484.8463134765625	0.0	468.7406311035156	547.937744140625	254.26187133789062	586.6416015625	556.2520141601562	403.2207336425781	530.060302734375	506.2032165527344	102.52649688720703	0.0	0.0	0.0	251.7450714111328	199.32359313964844	150.60247802734375	436.7752380371094	469.08807373046875	184.50927734375	382.8621520996094	419.4035339355469	0.0	155.9036407470703	52.600502014160156	0.0	298.7322692871094	380.3811340332031
66.87957000732422	906.9089965820312	554.9486083984375	411.7118835449219	701.3385009765625	1127.822509765625	427.879150390625	199.0617218017578	758.4478149414062	666.6572875976562	417.7243957519531	610.2698974609375	260.7649841308594	367.816162109375	956.4297485351562	620.9033813476562	616.4884033203125	468.6557312011719	626.6754760742188	713.150390625	520.0706787109375	440.12939453125	408.9347229003906	277.6077575683594	254.27618408203125	528.5116577148438	541.9118041992188	289.34869384765625	502.4026184082031	1008.0341186523438	798.47705078125	212.80577087402344	0.0	16.787784576416016	48.528411865234375	158.4113311767578	30.152324676513672	208.38623046875	414.1368713378906	484.08477783203125	353.5986633300781	235.46005249023438	90.4578628540039	87.43257141113281	15.661097526550293	56.1088981628418	256.0279235839844	72.55680847167969	82.3260269165039	169.04600524902344	294.106201171875	363.28509521484375	148.4434051513672	31.338876724243164	0.0	0.0	204.5283966064453	223.1394805908203	156.44839477539062	43.1397590637207	335.82122802734375	403.62298583984375	199.5931396484375	31.924570083618164	0.0	0.0	13.67591667175293	6.5420355796813965	0.0	0.0	0.0	0.0	0.0	0.0	0.0	11.547261238098145	0.0	0.0	109.49092102050781	94.48992919921875	0.0	0.0	37.0374870300293	80.0107421875	11.423956871032715	15.70472526550293	4.608096122741699	37.8614387512207	0.0	19.96668243408203	33.24057388305664	38.76883316040039	90.75477600097656	99.41488647460938	75.62429809570312	17.99392318725586	0.0	0.0	0.0	0.0	0.0	0.0	0.0	62.49609375	0.0	0.0	0.0	2.7221992015838623	0.0	0.0	0.0	22.404714584350586	122.91690826416016	225.72232055664062	325.1111755371094	360.2018127441406	275.72674560546875	395.42138671875	450.2616882324219	219.51531982421875	332.8794250488281	263.91510009765625	226.59146118164062	115.11943817138672	552.0541381835938	582.1196899414062	384.3959655761719	184.80520629882812	22.020648956298828	0.0	0.0	0.0	0.0	0.0	0.0	0.0	0.0	0.0	0.0	0.0	0.0	0.0	0.0	3.9799630641937256	82.0794906616211	101.6330795288086	578.4688720703125	967.9140014648438	191.48741149902344	553.1217041015625	1178.7584228515625	1387.467529296875	1182.0810546875	1252.091796875	622.6829833984375	49.85842514038086	319.5729064941406	257.6832580566406	463.2671203613281	284.710205078125	147.9578857421875	309.5714111328125	671.3689575195312	806.17333984375	752.348388671875	904.9176025390625	854.4907836914062	662.50244140625	710.38818359375	808.7887573242188	602.2672729492188	205.21334838867188	929.6454467773438	1053.1505126953125	702.4662475585938	360.8121337890625	77.28480529785156	76.2450942993164	0.0	0.0	126.97420501708984	131.09713745117188	62.1733512878418	0.0	71.72481536865234	40.2598991394043	20.133052825927734	0.0	118.96981048583984	0.0	0.0	0.0	93.77267456054688	533.704345703125	1083.5634765625	1224.1854248046875	427.5764465332031	363.8406982421875	444.7054138183594	374.9128112792969	931.7448120117188	929.2145385742188	502.04754638671875	54.48108673095703	839.115478515625	924.78857421875	633.6483764648438	156.3599853515625	89.23535919189453	43.68509292602539	0.0	24.570829391479492	97.25640106201172	0.0	190.86868286132812	368.1373291015625	187.19947814941406	355.7026062011719	463.427001953125	0.0	0.0	127.66680145263672	270.1998291015625	35.21785354614258	386.0008850097656	437.4255065917969	237.325927734375	265.0468444824219	271.6049499511719	160.40098571777344	93.34725189208984	108.31362915039062	3.872441053390503	304.6099548339844	407.50103759765625	208.03060913085938	261.4393615722656	442.7584533691406	117.24349212646484	0.0	0.0	0.0	0.0	0.0	0.0	195.5201416015625	402.3145751953125	469.9987487792969	237.0609130859375	163.22535705566406	32.686363220214844	190.82254028320312	172.30552673339844	147.09371948242188	134.32276916503906	130.08462524414062
381.64453125	764.3114013671875	330.3403015136719	42.94860076904297	230.34849548339844	358.9423828125	495.765380859375	226.6204071044922	46.265892028808594	249.93736267089844	496.08856201171875	330.6461486816406	36.28284454345703	180.39744567871094	243.18882751464844	395.063232421875	408.9587707519531	363.6247863769531	247.79595947265625	98.78363037109375	285.38494873046875	421.88800048828125	323.9539794921875	188.2729949951172	122.01971435546875	435.69390869140625	399.35626220703125	302.46478271484375	13.798048973083496	250.98471069335938	385.5628967285156	332.43267822265625	42.53044509887695	50.22001266479492	16.215999603271484	19.070293426513672	98.97691345214844	55.99842071533203	20.71269416809082	17.060104370117188	76.02318572998047	67.17283630371094	0.0	6.8432745933532715	86.8636474609375	129.24838256835938	0.715109646320343	36.182395935058594	140.8592071533203	37.25895690917969	0.0	14.301108360290527	81.33795166015625	96.154541015625	14.266507148742676	10.713521003723145	82.33908081054688	118.26043701171875	56.299827575683594	0.0	28.698144912719727	99.56708526611328	139.4363555908203	88.7867202758789	0.0	35.329280853271484	4.098464012145996	0.0	0.0	29.108470916748047	16.62763023376465	0.0	0.0	0.0	61.63657760620117	0.0	0.0	0.0	34.681968688964844	60.81886672973633	28.51128387451172	0.0	10.036067008972168	14.964334487915039	50.02197265625	44.36063003540039	0.0	16.604324340820312	0.0	76.88700866699219	0.13475050032138824	11.055557250976562	0.0	85.6423110961914	83.70333099365234	0.0	0.0	0.0	0.0	0.0	0.0	0.0	0.0	0.0	0.0	0.0	0.0	0.0	0.9454727172851562	0.0	0.0	0.0	135.0336151123047	265.4993896484375	120.84367370605469	30.57122039794922	127.21451568603516	255.72476196289062	249.65635681152344	53.5052604675293	152.802978515625	145.9001007080078	308.1240234375	242.08241271972656	14.708762168884277	161.73248291015625	290.2086486816406	323.73333740234375	0.0	0.0	0.0	20.816408157348633	0.0	0.0	0.0	15.617060661315918	0.0	0.0	0.0	0.0	0.0	0.0	0.0	0.0	493.7932434082031	362.90521240234375	62.781429290771484	0.0	574.809326171875	524.3885498046875	100.07227325439453	2.984571933746338	386.003662109375	494.1229553222656	362.2867736816406	35.11953353881836	229.95144653320312	579.4783935546875	619.6922607421875	257.3440246582031	479.2163391113281	497.1513977050781	288.2124938964844	18.33881378173828	410.3229675292969	498.00677490234375	432.1341857910156	124.59223175048828	347.7289123535156	473.5363464355469	571.9006958007812	407.90185546875	176.32806396484375	441.3409729003906	720.0830688476562	650.6307373046875	93.64470672607422	167.1731414794922	0.0	0.0	0.0	150.6387481689453	17.630292892456055	0.0	14.638631820678711	76.75968170166016	134.72152709960938	0.0	36.49317932128906	0.0	144.75672912597656	29.679594039916992	314.4685363769531	250.21881103515625	0.0	4.4418535232543945	307.5963134765625	253.80679321289062	162.6792755126953	7.49959135055542	292.3029479980469	355.00811767578125	258.564453125	69.38860321044922	224.02651977539062	404.1861572265625	432.6910705566406	419.2453308105469	273.5718688964844	155.6255645751953	33.33769226074219	24.6994686126709	197.4445343017578	274.5330505371094	44.10926818847656	16.068729400634766	0.0	292.7330017089844	188.95016479492188	31.885807037353516	0.0	112.51990509033203	351.5985412597656	156.04612731933594	129.62954711914062	263.0193786621094	192.9999237060547	0.0	14.790335655212402	282.8758544921875	258.2842712402344	37.19733428955078	0.0	127.41899871826172	255.88253784179688	210.19439697265625	0.0	0.0	244.45594787597656	231.57640075683594	0.0	58.931007385253906	124.5882339477539	37.0277099609375	113.86323547363281	0.0	110.25738525390625	91.90657043457031	108.58197021484375	69.79456329345703	0.0	94.42290496826172	72.66547393798828	155.22439575195312	62.859596252441406	57.298892974853516
11.223091125488281	77.68792724609375	1243.7203369140625	722.0733032226562	14.24422836303711	577.6717529296875	1359.1265869140625	360.1199035644531	14.339702606201172	1137.3353271484375	1430.2630615234375	0.0	46.12943649291992	1171.0478515625	1010.067138671875	0.0	0.0	602.5702514648438	459.2903137207031	237.5535125732422	185.25479125976562	594.7266845703125	393.10675048828125	133.2158203125	385.858154296875	569.5276489257812	306.4287109375	81.94135284423828	497.8493957519531	593.17236328125	362.0832214355469	62.766136169433594	0.7501518726348877	0.0	171.593994140625	80.62167358398438	0.0	76.05770874023438	271.0649108886719	47.59754943847656	0.0	224.6381378173828	275.50225830078125	15.009039878845215	0.0	209.05995178222656	122.35659790039062	4.888360977172852	31.339717864990234	78.56908416748047	26.129472732543945	2.8174822330474854	77.49790954589844	109.19915008544922	0.0	0.0	114.46829986572266	88.7323226928711	0.0	0.0	175.4658966064453	69.80062866210938	73.6828384399414	0.0	0.0	0.0	47.77466583251953	55.590023040771484	0.0	0.0	66.42790222167969	67.07202911376953	0.0	0.0	47.21383285522461	0.0	0.0	2.271764039993286	63.957603454589844	0.0	0.0	0.0	0.0	0.0	0.0	4.971493244171143	0.0	6.342599868774414	0.0	0.0	0.0	0.0	14.04975414276123	0.0	0.0	6.6595306396484375	0.0	0.0	0.0	1.3163031339645386	0.0	0.0	0.0	48.50666046142578	0.0	0.0	30.620115280151367	36.81968307495117	0.0	0.0	49.58015823364258	1.9699993133544922	0.0	96.97602844238281	135.65493774414062	98.3268051147461	29.930543899536133	116.30447387695312	156.1931915283203	138.1782989501953	6.793773651123047	217.14776611328125	115.7994384765625	100.88001251220703	103.02783203125	280.71478271484375	183.517333984375	82.99948120117188	1.6983189582824707	0.363712340593338	0.0	0.0	0.0	2.4772658348083496	0.0	30.64546012878418	0.0	0.0	0.0	44.755950927734375	0.0	0.0	0.0	39.13885498046875	40.78718185424805	193.8692626953125	219.01402282714844	104.19351196289062	102.71967315673828	199.69393920898438	265.388916015625	82.00862121582031	230.73716735839844	314.6737060546875	368.7233581542969	57.67558288574219	201.00782775878906	217.8297576904297	189.25184631347656	19.344120025634766	69.84417724609375	251.30824279785156	230.8223419189453	291.3039245605469	182.2174072265625	271.232421875	217.28443908691406	285.9622802734375	261.025146484375	296.3366394042969	229.18893432617188	298.79364013671875	435.6908264160156	496.9353332519531	359.8938903808594	229.34921264648438	0.0	68.9532241821289	161.5145721435547	0.0	0.0	112.44450378417969	121.40977478027344	0.0	0.0	183.6044464111328	0.0	0.0	7.658486843109131	147.6741485595703	0.0	0.0	14.4008150100708	103.2311782836914	134.045166015625	53.27045822143555	73.81982421875	156.75994873046875	141.29408264160156	66.86071014404297	145.77288818359375	194.05001831054688	100.871826171875	52.986541748046875	306.4328308105469	362.6444396972656	219.18572998046875	52.50129699707031	0.0	168.12449645996094	288.1506042480469	8.081368446350098	0.0	290.5066833496094	199.23829650878906	46.178855895996094	0.0	277.0860595703125	85.4009017944336	62.866119384765625	85.67344665527344	260.2156677246094	0.0	23.6398983001709	42.92984390258789	283.0351257324219	301.7836608886719	62.88780212402344	159.02830505371094	274.7450866699219	180.2681427001953	0.0	154.346923828125	209.08038330078125	149.1368865966797	0.0	188.62319946289062	192.39260864257812	78.79139709472656	0.0	0.0	0.0	177.48997497558594	183.50387573242188	0.0	0.0	226.51773071289062	146.71421813964844	0.0	129.282958984375	258.9366149902344	130.45005798339844	0.0	114.13551330566406	210.4064483642578	63.349609375
35.77172088623047	526.5720825195312	783.2816162109375	47.87882614135742	46.70920944213867	454.7206115722656	718.9365844726562	144.11312866210938	38.13283157348633	283.8450927734375	751.6101684570312	193.9594268798828	38.25107955932617	256.5753173828125	826.9583129882812	170.05039978027344	130.72142028808594	445.24859619140625	225.1339874267578	89.99058532714844	47.21835708618164	370.08648681640625	226.54981994628906	102.17891693115234	0.0	427.1780700683594	274.04803466796875	107.05725860595703	29.5666561126709	424.85797119140625	290.0273132324219	112.13765716552734	0.0	56.43716812133789	99.2010498046875	14.731714248657227	30.745620727539062	70.5806884765625	87.75244140625	10.934375762939453	43.992919921875	66.13154602050781	124.28700256347656	23.431833267211914	8.03034496307373	25.326669692993164	107.35350799560547	23.43670082092285	78.1278305053711	97.00697326660156	19.327415466308594	11.153327941894531	73.86332702636719	88.05118560791016	7.698652267456055	6.019078731536865	44.93383026123047	52.240318298339844	0.0	0.0	44.46506881713867	90.46253967285156	23.23052406311035	0.0	0.0	0.0	56.03718185424805	0.0	0.0	0.0	79.37047576904297	0.0	0.0	0.0	121.72864532470703	7.418332099914551	0.0	0.0	115.13436889648438	22.80064582824707	3.927863597869873	0.0	23.586238861083984	11.970839500427246	5.545533180236816	17.924421310424805	0.0	11.978732109069824	0.0	30.38736915588379	0.0	10.45043659210205	4.604121685028076	0.0	0.0	8.565580368041992	0.0	0.0	0.0	0.0	0.0	0.0	0.0	0.0	0.0	0.0	0.0	0.0	0.0	0.0	0.0	14.622350692749023	5.585956573486328	143.46829223632812	163.42709350585938	44.5595817565918	0.19768457114696503	102.58809661865234	183.20082092285156	50.77705001831055	0.0	105.14434051513672	126.25194549560547	48.09027099609375	17.158527374267578	126.90653228759766	174.53590393066406	119.1779556274414	0.0	0.0	0.0	20.969594955444336	0.0	0.0	0.0	26.54096221923828	0.0	0.0	0.0	28.671043395996094	0.0	0.0	0.0	22.06722640991211	136.9581756591797	216.60186767578125	166.32025146484375	0.0	211.70657348632812	392.9161071777344	166.41807556152344	0.0	179.18113708496094	375.497314453125	156.65591430664062	0.0	88.65617370605469	257.9283447265625	126.28535461425781	4.777853488922119	217.7519073486328	310.86322021484375	188.8300018310547	129.30093383789062	223.3324432373047	306.1048278808594	185.45114135742188	160.63478088378906	179.69619750976562	261.82470703125	155.50315856933594	171.78713989257812	194.47598266601562	346.5585021972656	253.8681640625	267.36187744140625	7.968784809112549	208.98960876464844	43.04514694213867	0.0	32.475528717041016	169.2770538330078	106.49871826171875	0.0	32.094581604003906	130.97598266601562	112.38516235351562	0.0	24.71477699279785	124.11741638183594	97.2352294921875	0.0	136.71864318847656	162.03622436523438	111.80510711669922	14.704360008239746	208.5023956298828	182.67665100097656	125.95133209228516	17.408832550048828	170.83456420898438	117.48319244384766	82.91622161865234	23.66352653503418	111.21259307861328	129.07688903808594	151.7972869873047	74.25331115722656	0.0	186.4010772705078	0.0	21.651926040649414	0.0	251.7339324951172	87.56204223632812	28.139842987060547	0.0	261.21343994140625	132.72796630859375	30.611169815063477	0.0	211.1287384033203	112.73161315917969	21.413501739501953	103.65645599365234	206.8519744873047	220.2393798828125	0.0	0.0	130.8302459716797	200.44174194335938	0.0	0.0	172.319580078125	206.8207550048828	0.0	13.246255874633789	167.38479614257812	150.6932830810547	0.0	0.0	0.0	155.7947998046875	66.56871032714844	0.0	9.500921249389648	133.5762939453125	82.52824401855469	5.460981845855713	15.918067932128906	133.09251403808594	96.07763671875	0.0	0.0	131.8824920654297	89.93942260742188
113.7242202758789	213.9279022216797	689.10595703125	1009.1256713867188	88.2553939819336	95.08938598632812	1059.656005859375	996.169921875	445.2637939453125	614.5367431640625	523.8963623046875	737.4386596679688	589.7454223632812	538.7244873046875	998.9474487304688	1161.572509765625	134.21090698242188	441.2796936035156	626.1183471679688	322.9141845703125	99.4143295288086	612.1781005859375	673.2452392578125	382.7148132324219	318.0247802734375	310.31787109375	756.2344360351562	565.5345458984375	526.9141235351562	774.6139526367188	1089.0111083984375	712.8229370117188	232.85845947265625	264.5406494140625	173.0487518310547	176.27491760253906	35.23496627807617	23.99652862548828	194.5160675048828	124.05805969238281	83.77323913574219	211.41497802734375	168.8582305908203	97.01375579833984	0.0	0.0	269.6839599609375	289.0960693359375	220.74368286132812	250.66592407226562	249.3290557861328	52.85251998901367	84.45352172851562	176.64901733398438	131.09512329101562	25.16884422302246	0.0	95.42027282714844	65.32698822021484	57.164302825927734	266.4831237792969	377.59014892578125	365.3739013671875	145.0653839111328	4.983363628387451	0.0	0.0	49.37015914916992	0.0	0.0	19.3392391204834	93.01832580566406	0.0	0.0	0.0	64.52525329589844	11.111753463745117	0.0	0.0	104.4434814453125	0.0	22.409164428710938	81.76362609863281	0.0	0.0	59.20719909667969	32.236026763916016	0.0	0.0	0.0	65.25430297851562	0.0	77.59070587158203	29.38606071472168	51.662086486816406	65.38459777832031	0.0	0.0	0.0	0.0	0.0	0.0	0.0	26.89366340637207	0.0	0.0	0.0	0.0	0.0	0.0	0.0	0.0	93.19935607910156	194.0516815185547	214.52919006347656	108.2307357788086	78.90779876708984	173.32376098632812	398.08538818359375	302.0321960449219	150.04461669921875	282.7503967285156	306.8791198730469	206.1514434814453	428.9183349609375	590.8715209960938	551.8621215820312	329.3468933105469	0.0	0.0	0.0	0.0	3.4917895793914795	0.0	0.0	0.0	5.245930194854736	0.0	0.0	0.0	0.0	0.0	0.0	0.0	593.052734375	1036.1845703125	844.2520751953125	430.8178405761719	190.3776092529297	327.6997375488281	505.1109313964844	292.7059326171875	198.3696746826172	800.0166015625	992.3168334960938	314.2423400878906	234.6286163330078	76.05867767333984	489.53070068359375	607.535400390625	373.6991882324219	776.7138061523438	772.02783203125	297.1592712402344	239.3600616455078	577.7688598632812	660.1372680664062	469.67999267578125	161.41331481933594	428.1978454589844	608.6985473632812	443.41229248046875	832.9039306640625	1039.596923828125	955.604736328125	550.1168823242188	0.0	0.0	81.00719451904297	0.0	53.657615661621094	0.0	175.98475646972656	21.012104034423828	102.82015991210938	0.0	111.42852020263672	87.03573608398438	232.53675842285156	108.25889587402344	12.584104537963867	4.65956449508667	612.5851440429688	914.1995849609375	731.3027954101562	220.0121307373047	215.00497436523438	492.4413757324219	455.1743469238281	154.10572814941406	211.6286163330078	573.4232788085938	539.1047973632812	249.61892700195312	668.3078002929688	966.2152099609375	1040.7127685546875	590.359619140625	0.0	174.0572967529297	507.853759765625	192.92901611328125	0.0	84.67201232910156	237.29409790039062	49.35365676879883	8.209248542785645	139.53350830078125	504.1738586425781	399.122802734375	75.80136108398438	0.0	198.86790466308594	141.09255981445312	0.0	194.164306640625	400.303466796875	267.6928405761719	115.99901580810547	210.34242248535156	192.58023071289062	329.6189880371094	246.6321258544922	196.97824096679688	422.2525634765625	487.02984619140625	303.0624694824219	428.35986328125	444.45355224609375	76.06818389892578	147.7496795654297	175.6466522216797	80.1262435913086	184.48777770996094	150.95445251464844	99.95852661132812	91.73820495605469	158.9876708984375	0.0	224.36923217773438	116.29582977294922	99.34454345703125	0.0	44.22425842285156	73.95895385742188	161.51101684570312
684.0266723632812	506.8197326660156	225.9394073486328	1037.24169921875	850.5299682617188	363.57879638671875	186.91891479492188	1227.4150390625	439.70745849609375	0.0	812.793701171875	1183.1964111328125	24.569133758544922	27.783466339111328	1154.2957763671875	1081.5179443359375	561.7940673828125	513.567626953125	825.0570068359375	646.1620483398438	343.7254943847656	204.7454071044922	544.6316528320312	396.2695007324219	31.00700569152832	371.734619140625	636.9171752929688	345.74383544921875	21.923770904541016	398.0588073730469	532.6921997070312	272.4190673828125	0.0	0.0	0.0	123.25336456298828	430.5625	321.6934509277344	180.89260864257812	322.6836242675781	261.9149475097656	223.0972442626953	190.6306610107422	247.80613708496094	12.978106498718262	0.0	221.0148162841797	166.53871154785156	175.27369689941406	205.20977783203125	131.06265258789062	75.00970458984375	276.6834716796875	286.45477294921875	321.95233154296875	96.11244201660156	44.910980224609375	137.28797912597656	130.90643310546875	14.270406723022461	37.5522346496582	99.40494537353516	42.15540313720703	0.0	0.0	0.0	0.0	18.08116912841797	21.811798095703125	0.0	0.0	65.83027648925781	0.0	0.0	0.0	97.8003158569336	0.0	0.0	0.0	76.26049041748047	62.92536544799805	77.47140502929688	21.62108612060547	0.0	0.0	108.75466918945312	144.82669067382812	19.8266658782959	32.52170944213867	8.740301132202148	13.558056831359863	0.0	18.6947078704834	0.0	0.0	0.0	0.0	0.0	0.0	0.0	0.0	0.0	0.0	0.0	48.02892303466797	25.49768829345703	0.0	13.076008796691895	10.375577926635742	0.0	0.0	63.257789611816406	309.31317138671875	414.2678527832031	371.96160888671875	198.8273468017578	167.9286346435547	135.90554809570312	145.9759063720703	208.46168518066406	140.32122802734375	184.12734985351562	219.3970489501953	146.66783142089844	26.709970474243164	34.397918701171875	226.10760498046875	125.29104614257812	0.0	0.0	0.0	0.0	0.0	0.0	0.0	0.0	0.0	6.0804667472839355	0.0	0.0	2.7679030895233154	0.0	0.0	0.0	0.0	0.0	92.4888687133789	19.521963119506836	1108.3599853515625	1196.5216064453125	1052.6834716796875	626.5432739257812	583.542236328125	521.9284057617188	525.9323120117188	401.0464172363281	8.512908935546875	247.44100952148438	219.11151123046875	233.16542053222656	612.9982299804688	773.5181274414062	729.9854125976562	356.3722839355469	627.9861450195312	749.6403198242188	647.23486328125	389.62896728515625	323.4269104003906	510.77294921875	458.93853759765625	287.99359130859375	61.77168655395508	326.8616027832031	351.1918029785156	243.43023681640625	117.25251007080078	66.70764923095703	66.89972686767578	92.5857925415039	38.41777038574219	0.0	42.59535598754883	50.31603240966797	33.0855712890625	0.0	118.57243347167969	0.0	10.164377212524414	0.0	167.98849487304688	0.0	452.2405090332031	442.90032958984375	215.86387634277344	242.22488403320312	909.7601318359375	982.0818481445312	769.5671997070312	377.1475524902344	96.06414794921875	117.71410369873047	139.5671844482422	25.0047607421875	35.17622756958008	133.41619873046875	138.19606018066406	0.0	0.0	0.0	0.0	107.2745361328125	64.06695556640625	235.26722717285156	444.9883728027344	223.53619384765625	0.0	0.0	473.11346435546875	220.82611083984375	0.0	15.337851524353027	247.33389282226562	23.57161521911621	423.03143310546875	274.4564514160156	333.82574462890625	408.5574951171875	0.0	81.93453979492188	268.92633056640625	161.5181427001953	48.50371170043945	221.21632385253906	301.96026611328125	174.05824279785156	44.504215240478516	120.02667236328125	162.25460815429688	164.55050659179688	0.0	0.0	0.0	76.92900085449219	307.05792236328125	266.8219909667969	0.0	237.49539184570312	373.6944580078125	347.5544738769531	112.40328216552734	208.4591522216797	38.89992904663086	0.0	118.84051513671875	234.62344360351562
129.53646850585938	901.0130004882812	1020.802734375	935.7377319335938	1196.3338623046875	1470.728515625	710.3148803710938	71.478759765625	1525.0181884765625	1039.5789794921875	86.13443756103516	951.9586791992188	1090.9434814453125	413.9630432128906	827.7846069335938	1452.0303955078125	758.7958374023438	780.32470703125	847.0609130859375	556.9077758789062	721.9633178710938	474.8463439941406	182.08255004882812	618.738037109375	416.1705017089844	256.0051574707031	647.5257568359375	835.4264526367188	509.781982421875	876.6346435546875	909.970703125	684.035400390625	0.0	3.7888827323913574	132.06378173828125	57.17549514770508	352.35516357421875	496.43389892578125	432.46759033203125	135.42987060546875	395.0466613769531	264.98046875	64.5448989868164	197.0037384033203	95.17884063720703	0.0	223.88592529296875	414.35479736328125	130.9733123779297	281.4070739746094	280.76080322265625	159.70977783203125	142.27194213867188	99.10102844238281	91.03705596923828	63.00448989868164	0.0	0.0	99.4823989868164	121.92202758789062	149.8429718017578	211.64065551757812	181.8813018798828	127.27155303955078	0.0	0.0	0.0	0.0	0.0	0.0	0.0	0.0	0.0	0.0	0.0	0.0	16.043506622314453	12.217802047729492	0.0	33.62447738647461	0.0	0.0	72.79265594482422	97.6781005859375	0.0	0.0	28.478139877319336	66.14453887939453	0.0	0.0	0.0	10.647759437561035	25.550077438354492	0.0	0.0	103.85941314697266	0.0	0.0	0.0	0.0	0.0	0.0	0.0	0.0	0.0	44.522056579589844	0.0	0.0	0.0	0.0	0.0	0.0	169.39303588867188	260.66656494140625	347.25030517578125	457.9422607421875	110.73159790039062	237.3264617919922	249.24757385253906	203.87802124023438	210.259765625	184.95770263671875	238.54368591308594	291.6123046875	430.54656982421875	455.4739685058594	307.0533142089844	306.2307434082031	4.660272121429443	0.0	0.0	0.0	0.0	0.0	0.0	0.0	0.0	0.0	26.868675231933594	0.0	0.0	0.0	0.0	0.0	95.12643432617188	171.5655517578125	833.1837158203125	744.6097412109375	544.937255859375	1018.6849365234375	1354.1884765625	1089.5372314453125	644.8547973632812	607.153076171875	271.6004943847656	247.89553833007812	376.0469665527344	120.73540496826172	442.0414733886719	874.3047485351562	425.3891296386719	652.7174072265625	913.6834716796875	829.4166259765625	409.98095703125	651.7012329101562	802.4760131835938	653.7147827148438	345.50701904296875	360.0409851074219	562.9052124023438	539.0703735351562	912.9490356445312	1074.95947265625	824.1533203125	620.4618530273438	91.08346557617188	70.01705169677734	0.0	68.88758850097656	81.69071960449219	0.0	0.0	107.78926849365234	220.34239196777344	0.0	40.782508850097656	30.13803482055664	249.5417022705078	15.171451568603516	45.8880500793457	0.8467714190483093	175.09107971191406	824.0191650390625	1022.9365844726562	597.44482421875	464.244873046875	864.0419921875	835.6678466796875	418.7748107910156	274.018798828125	44.22411346435547	143.63165283203125	275.4210510253906	366.0621643066406	491.3354797363281	877.985595703125	677.2006225585938	20.0875301361084	55.983394622802734	52.590824127197266	59.48400115966797	198.96287536621094	93.60296630859375	208.9396514892578	544.0851440429688	266.271484375	0.0	0.0	395.4256591796875	131.7921905517578	0.0	86.80526733398438	150.21044921875	575.3915405273438	617.0990600585938	267.0495300292969	218.04364013671875	428.8252258300781	0.0	63.296485900878906	418.2396545410156	74.19532775878906	159.9800262451172	530.8089599609375	582.1508178710938	278.5347900390625	437.3475646972656	388.9246520996094	0.0	0.0	0.0	41.662967681884766	0.0	133.5171356201172	538.5498657226562	516.6920166015625	76.36846923828125	390.56378173828125	465.3038635253906	252.6759033203125	103.08465576171875	0.0	0.0	0.0	309.5518493652344
413.00152587890625	1164.1143798828125	847.85693359375	636.2897338867188	1210.115234375	1332.7352294921875	0.0	866.0861206054688	1166.3558349609375	816.0700073242188	441.2887268066406	1145.0308837890625	708.153076171875	391.0180969238281	1337.5367431640625	1469.796875	661.9745483398438	673.8013305664062	623.3841552734375	409.8472595214844	576.482421875	246.35079956054688	652.1530151367188	522.749755859375	385.370361328125	350.7795715332031	771.5115356445312	581.8385009765625	371.0633544921875	750.81787109375	921.1987915039062	434.7054748535156	0.0	231.6491241455078	82.67566680908203	80.21637725830078	325.5694274902344	484.05511474609375	195.31845092773438	98.92002868652344	218.5448455810547	123.246337890625	0.0	199.6760711669922	52.289405822753906	0.0	376.56787109375	296.42401123046875	192.3588104248047	179.05538940429688	225.97811889648438	59.84123229980469	88.64708709716797	0.0	82.09204864501953	6.568962097167969	4.922858715057373	0.0	88.94580078125	7.8383588790893555	182.6777801513672	320.1502685546875	172.7852020263672	60.59806823730469	0.0	0.0	0.0	0.0	0.0	0.0	0.0	95.2140121459961	0.0	0.0	0.0	92.50808715820312	40.738990783691406	68.47425079345703	0.0	51.91051483154297	7.446357250213623	0.0	56.6356315612793	0.6074303388595581	0.0	0.0	53.08214569091797	0.0	0.0	0.0	0.0	0.0	93.0036392211914	26.476919174194336	2.324132204055786	81.63812255859375	0.0	0.0	0.0	0.0	0.0	0.0	0.0	0.0	0.0	0.0	0.0	0.0	0.0	0.0	0.0	7.5135273933410645	151.8753662109375	261.2530517578125	381.78851318359375	316.48388671875	219.9841766357422	184.7953338623047	223.05291748046875	178.92999267578125	210.36740112304688	174.0008087158203	206.6224365234375	198.15032958984375	312.71844482421875	425.7057189941406	339.7038879394531	271.6699523925781	0.0	0.0	0.0	0.0	0.0	0.0	0.0	0.0	0.0	0.0	94.25035858154297	0.0	0.0	0.0	0.0	0.0	182.53182983398438	781.2837524414062	915.038818359375	302.6986389160156	549.4490966796875	1111.13232421875	1122.397216796875	425.6903381347656	382.8598327636719	295.85333251953125	278.4816589355469	174.8241729736328	360.9457092285156	135.38832092285156	656.0158081054688	692.1015014648438	434.2511291503906	665.0020141601562	770.4057006835938	508.001953125	384.0273742675781	689.8275146484375	815.2168579101562	424.3965759277344	387.0173034667969	519.9026489257812	575.5166015625	315.3056335449219	613.1903686523438	999.6240234375	837.5923461914062	538.0800170898438	51.44930648803711	0.0	0.0	85.56572723388672	162.24267578125	0.0	12.329837799072266	153.81427001953125	174.6219940185547	0.0	21.584171295166016	94.92742919921875	149.30130004882812	57.235557556152344	8.979076385498047	0.0	545.2659301757812	855.185546875	768.2025146484375	362.4697265625	450.74847412109375	443.0984802246094	340.6734619140625	132.75421142578125	222.00880432128906	110.61251831054688	175.10401916503906	172.3058319091797	502.07952880859375	805.73486328125	851.8609619140625	402.8065490722656	140.87428283691406	126.3611831665039	135.2792510986328	74.20863342285156	218.83999633789062	97.68737030029297	491.1500549316406	416.36572265625	278.6274108886719	0.0	316.47601318359375	324.9523620605469	128.51576232910156	0.0	164.3685760498047	21.22014808654785	460.15948486328125	371.3507080078125	225.68177795410156	280.0508117675781	167.67762756347656	0.0	307.6809997558594	359.90960693359375	133.09381103515625	293.542236328125	480.3935241699219	354.17431640625	154.743896484375	428.5096130371094	248.2486572265625	0.0	0.0	108.44983673095703	0.0	97.06088256835938	293.078125	509.3139343261719	221.69046020507812	77.64331817626953	181.13893127441406	292.03094482421875	0.0	166.76376342773438	29.874998092651367	0.0	215.447998046875	273.5213928222656
24.22327423095703	404.81634521484375	1023.4534912109375	222.079833984375	28.11281967163086	741.9486694335938	1169.5755615234375	41.22999954223633	35.72111129760742	693.9147338867188	908.2603149414062	108.92796325683594	59.710018157958984	447.5512390136719	717.2429809570312	172.68179321289062	45.697357177734375	489.1054992675781	298.3968505859375	130.32765197753906	118.04922485351562	510.9994812011719	258.8843078613281	66.36459350585938	101.59257507324219	437.53143310546875	280.9925842285156	115.95944213867188	58.11948776245117	410.3414306640625	283.37908935546875	139.2450714111328	12.812689781188965	38.8590087890625	142.9629669189453	26.114042282104492	0.0	158.66049194335938	185.7124786376953	15.57234001159668	4.980792045593262	113.14130401611328	131.33958435058594	19.70102882385254	14.537116050720215	40.16149139404297	104.88954162597656	2.966745138168335	46.41115188598633	81.33805084228516	0.0	0.0	88.42616271972656	69.75899505615234	0.0	0.0	82.07795715332031	83.25447845458984	14.514002799987793	10.479771614074707	69.90972137451172	105.420654296875	32.62228012084961	5.099977016448975	0.0	0.0	92.79754638671875	1.971171498298645	0.0	0.0	100.50086212158203	10.73427677154541	0.0	0.0	81.17741394042969	0.0	0.0	0.0	81.90753173828125	2.1583728790283203	0.0	0.0	0.0	15.813600540161133	0.0	0.0	0.0	2.2633566856384277	0.0	0.0	0.0	7.379001617431641	8.503259658813477	30.340024948120117	0.0	16.619394302368164	0.0	0.0	0.0	1.5557111501693726	0.0	0.0	0.0	15.708342552185059	0.0	0.0	3.525198221206665	7.452785968780518	0.0	0.0	24.65546989440918	3.667586088180542	0.0	97.52685546875	143.97323608398438	89.72071075439453	0.0	140.89535522460938	108.1904067993164	88.2250747680664	0.0	172.2389373779297	197.35205078125	65.49629974365234	24.28013038635254	172.18295288085938	259.1581115722656	89.1058578491211	0.0	0.0	0.0	23.820846557617188	0.0	0.0	0.0	43.70289993286133	0.0	0.0	0.0	43.12473678588867	0.0	0.0	0.0	5.825145244598389	135.30795288085938	274.2614440917969	174.3939666748047	0.0	152.25901794433594	263.16290283203125	271.0234375	0.0	183.5832977294922	306.961669921875	191.0821533203125	0.0	215.6015167236328	363.9398498535156	171.7352294921875	1.8400321006774902	186.73109436035156	288.4311218261719	135.142333984375	221.9290008544922	200.42205810546875	227.7193603515625	159.00308227539062	236.13783264160156	240.0379180908203	303.9547119140625	197.14930725097656	178.47946166992188	252.55523681640625	422.5528869628906	351.6454772949219	302.45953369140625	13.97641372680664	150.75404357910156	75.30043029785156	0.0	16.721769332885742	217.62481689453125	40.053157806396484	0.0	20.617008209228516	241.45382690429688	80.57470703125	0.0	26.787965774536133	193.2201690673828	113.56178283691406	0.0	127.80719757080078	142.5159149169922	94.66048431396484	21.0687313079834	132.28518676757812	137.05567932128906	100.23370361328125	17.23252296447754	168.41575622558594	166.79483032226562	118.66889953613281	20.776952743530273	253.91036987304688	270.06597900390625	237.26634216308594	50.723628997802734	0.0	299.5312805175781	108.29988861083984	14.135897636413574	0.0	242.9658966064453	63.35927963256836	55.38454818725586	0.0	211.82168579101562	22.81315040588379	43.91994857788086	0.0	277.9520263671875	77.42388153076172	0.0	62.57750701904297	233.95724487304688	210.5836181640625	0.0	61.38475036621094	151.51502990722656	146.41372680664062	0.0	20.59151840209961	162.69467163085938	244.20257568359375	0.0	0.0	162.74392700195312	183.5845184326172	0.0	0.0	0.0	172.96847534179688	127.91915130615234	0.0	6.279626846313477	172.8623809814453	82.8477783203125	0.0	13.742349624633789	168.96473693847656	69.50849151611328	0.0	1.7082417011260986	114.98885345458984	86.16497802734375
29.69379425048828	1080.4327392578125	849.8577880859375	664.885986328125	200.4871826171875	707.1431274414062	1266.17626953125	1037.362548828125	54.50948715209961	644.5408935546875	1156.9923095703125	332.21685791015625	69.19293975830078	882.7543334960938	820.7342529296875	820.1541748046875	586.1290893554688	447.07476806640625	662.5908203125	320.0041198730469	150.4733123779297	641.7894287109375	753.7534790039062	330.4578552246094	259.467529296875	561.2009887695312	523.458740234375	356.55413818359375	295.5353088378906	573.3522338867188	739.5347900390625	406.26776123046875	13.386743545532227	305.9261474609375	66.76386260986328	135.9814910888672	93.5	163.99485778808594	213.30300903320312	151.51968383789062	108.7584457397461	107.91419982910156	236.76766967773438	32.865238189697266	0.0	68.30909729003906	85.97734069824219	143.69784545898438	143.19650268554688	139.5159912109375	114.93555450439453	0.0	108.86526489257812	150.7755126953125	92.7250747680664	4.12785530090332	105.25128936767578	136.61923217773438	63.789825439453125	9.69744873046875	91.14360046386719	119.55635070800781	142.7574005126953	64.31114959716797	0.0	0.0	0.0	36.2655029296875	0.0	0.0	0.0	88.29399108886719	0.0	0.0	5.095928192138672	33.42940902709961	0.0	0.0	0.0	98.54129028320312	4.359696865081787	0.0	55.880943298339844	0.0	0.0	93.0781021118164	0.0	14.350197792053223	0.0	75.52509307861328	17.444869995117188	0.0	12.04732894897461	13.386548042297363	1.6791671514511108	17.22743797302246	0.0	0.0	3.1206419467926025	0.0	0.0	0.0	0.0	44.82139587402344	0.0	0.0	0.0	27.693605422973633	0.0	0.0	20.20326042175293	0.0	71.2404556274414	308.0074768066406	253.04510498046875	132.34130859375	85.97625732421875	305.18359375	252.11203002929688	147.1474151611328	170.11781311035156	185.7625274658203	273.1260986328125	281.8806457519531	77.30506134033203	480.6588134765625	364.0469970703125	301.14886474609375	0.0	0.0	0.0	0.0	0.0	0.0	0.0	0.0	0.0	0.0	0.0	0.0	0.0	0.0	0.0	0.0	232.2095947265625	851.7885131835938	784.0197143554688	241.2582550048828	479.57818603515625	504.9668884277344	317.0174865722656	288.8428649902344	478.7411804199219	518.7793579101562	545.5426025390625	217.63201904296875	196.70361328125	419.88494873046875	491.7345886230469	277.5951232910156	332.30889892578125	705.7708740234375	680.9409790039062	321.7601623535156	347.7955627441406	653.6167602539062	514.3089599609375	272.0106506347656	304.61248779296875	476.7056884765625	604.624755859375	456.8877258300781	396.4040222167969	886.9452514648438	928.3322143554688	603.3855590820312	0.0	138.49407958984375	26.54428482055664	0.0	0.0	135.5060272216797	0.0	0.0	6.537695407867432	111.49172973632812	51.695072174072266	0.0	18.468786239624023	207.12806701660156	58.840476989746094	0.0	243.56072998046875	598.0365600585938	516.5953979492188	126.6182861328125	292.70953369140625	410.2824401855469	357.0083312988281	90.57333374023438	213.9319610595703	331.9853515625	229.7101593017578	156.6154327392578	272.93438720703125	519.3782348632812	539.4853515625	377.1520080566406	55.26632308959961	43.805572509765625	359.94561767578125	254.86788940429688	120.58524322509766	88.81010437011719	294.75640869140625	117.06661987304688	0.0	351.979736328125	240.5505828857422	86.45826721191406	0.0	113.9031982421875	242.01551818847656	101.45232391357422	200.8956756591797	171.75555419921875	241.27500915527344	287.8198547363281	0.0	322.2925109863281	380.5601806640625	27.70351219177246	120.88308715820312	193.8202362060547	379.40167236328125	281.4892272949219	68.27471923828125	253.52566528320312	380.0106201171875	78.99398040771484	0.0	183.37950134277344	125.50948333740234	131.58595275878906	99.65747833251953	142.9894561767578	176.45803833007812	189.3968048095703	83.01525115966797	51.88201904296875	131.41461181640625	174.1091766357422	0.0	21.170852661132812	71.7791519165039	114.09614562988281
404.81488037109375	797.8663330078125	669.302001953125	705.89013671875	536.715087890625	565.9484252929688	1293.0482177734375	805.4766235351562	137.32240295410156	595.8980712890625	1237.242431640625	452.6239318847656	102.84666442871094	353.6612243652344	892.5840454101562	688.1917114257812	732.0167846679688	800.4625854492188	750.5386352539062	340.3811950683594	137.77651977539062	837.2305297851562	750.3098754882812	297.4967956542969	353.1601867675781	618.17724609375	486.6626892089844	272.77996826171875	83.11409759521484	843.4290161132812	766.2566528320312	299.3681335449219	19.424484252929688	184.0771026611328	93.45270538330078	90.61766052246094	472.0700988769531	448.1252136230469	222.15487670898438	135.4111328125	0.0	147.98934936523438	197.32421875	21.999528884887695	192.35690307617188	204.9277801513672	132.1167449951172	94.74520111083984	334.0039978027344	288.24078369140625	269.3414611816406	20.71965980529785	65.99185943603516	47.76353454589844	45.20673370361328	7.373184680938721	203.25930786132812	223.67095947265625	73.7449722290039	0.0	71.25480651855469	61.04572677612305	26.0861873626709	42.32943344116211	0.0	0.0	0.0	17.259784698486328	0.0	0.0	35.054344177246094	104.95840454101562	0.0	0.0	0.0	73.78189086914062	0.0	0.0	85.40769958496094	44.733821868896484	0.0	57.6403923034668	104.3801040649414	24.54530906677246	1.6289602518081665	9.11215877532959	7.567978382110596	0.0	73.30843353271484	40.23161697387695	14.481513977050781	0.0	0.0	52.39527893066406	13.29495906829834	17.51361083984375	0.0	0.0	0.0	0.0	0.0	0.0	0.0	41.757503509521484	0.0	0.0	0.0	48.45462417602539	0.0	0.0	5.033944129943848	0.0	338.38446044921875	303.28778076171875	349.0888977050781	202.69273376464844	231.78128051757812	343.1089782714844	322.4121398925781	154.67466735839844	135.78367614746094	315.6741638183594	419.0419921875	139.6400146484375	191.94183349609375	426.47833251953125	280.9492492675781	179.58279418945312	0.0	0.0	0.0	0.0	0.0	0.0	0.0	0.0	0.0	0.0	0.0	0.0	0.0	0.0	0.0	0.0	421.78228759765625	1086.8792724609375	972.0391235351562	252.3898162841797	1250.345703125	1498.6221923828125	850.2623901367188	175.10537719726562	244.9427947998047	771.7780151367188	620.0551147460938	260.7720947265625	587.8561401367188	1055.9603271484375	668.9597778320312	54.42863845825195	741.2047119140625	815.7227783203125	751.9988403320312	285.5484619140625	597.6027221679688	824.08056640625	705.5570068359375	297.2159423828125	388.7900390625	701.6748046875	614.2611694335938	274.30230712890625	411.1095275878906	791.88720703125	610.2833862304688	318.220703125	88.37358093261719	0.0	36.747432708740234	0.0	54.12794876098633	47.23006820678711	13.457993507385254	0.0	3.5637459754943848	44.290714263916016	174.06912231445312	0.0	36.58322525024414	50.0571174621582	132.32444763183594	0.0	1057.4976806640625	1170.4930419921875	601.6746826171875	120.82262420654297	639.9234619140625	480.7917785644531	212.44290161132812	85.54065704345703	531.5917358398438	654.9278564453125	386.8816833496094	0.0	406.0096740722656	482.9948425292969	224.63668823242188	147.8444366455078	31.242494583129883	0.0	181.17100524902344	33.90180587768555	148.11630249023438	267.052978515625	598.6297607421875	160.07933044433594	0.0	239.96241760253906	167.8249969482422	77.02110290527344	0.0	365.63671875	427.9520568847656	65.68083953857422	443.7332458496094	399.03936767578125	336.04119873046875	306.47216796875	0.0	440.2213134765625	293.687255859375	19.13070297241211	184.4296417236328	257.3370666503906	314.9685974121094	235.39060974121094	55.58747482299805	414.31396484375	413.7280578613281	114.59435272216797	0.0	0.0	16.60593032836914	161.60719299316406	333.8453369140625	234.59121704101562	177.85397338867188	172.5447998046875	139.615966796875	0.0	214.24717712402344	225.4514923095703	81.41413879394531	104.24739074707031	60.740135192871094	136.01693725585938
31.261754989624023	778.9791259765625	939.9164428710938	585.7587890625	189.33206176757812	592.7521362304688	416.18365478515625	854.6978759765625	487.12042236328125	750.1697998046875	957.2808837890625	990.4411010742188	885.6277465820312	831.8392944335938	963.2293701171875	689.8507690429688	330.1324768066406	575.2530517578125	519.37939453125	185.9319610595703	123.59333038330078	447.70269775390625	718.575927734375	367.45556640625	490.23895263671875	594.0711059570312	709.5115356445312	332.1653137207031	359.1838684082031	638.0864868164062	596.2127685546875	324.3822326660156	0.0	336.1053771972656	213.92062377929688	112.72999572753906	181.82986450195312	313.454833984375	158.524658203125	107.8241958618164	30.142112731933594	108.30524444580078	250.45957946777344	166.0995635986328	199.84815979003906	132.56494140625	197.0567169189453	87.90019989013672	156.97018432617188	182.98475646972656	186.01220703125	25.552242279052734	8.198533058166504	0.0	120.36144256591797	13.599434852600098	128.9735107421875	235.72926330566406	175.1417236328125	13.84682559967041	36.03468322753906	171.71682739257812	119.66177368164062	83.13888549804688	0.0	0.0	0.0	71.50704193115234	0.0	0.0	0.0	91.4263916015625	0.0	0.0	0.0	68.69522857666016	0.0	0.0	9.907353401184082	106.19207000732422	11.921533584594727	0.0	51.93303298950195	7.6768341064453125	0.0	0.0	29.61565399169922	0.0	0.0	72.12089538574219	65.83053588867188	0.0	0.0	35.36201477050781	33.476097106933594	16.037189483642578	0.0	0.0	0.0	0.0	0.0	0.0	21.54438591003418	6.1715922355651855	0.0	0.0	0.0	35.77801513671875	0.0	0.0	0.0	51.38298034667969	67.27786254882812	131.38876342773438	229.10597229003906	209.51986694335938	169.1658477783203	268.0976257324219	360.36383056640625	134.20059204101562	130.58738708496094	208.65557861328125	316.81622314453125	108.90782928466797	289.1907958984375	335.9795837402344	351.67279052734375	254.1508331298828	0.0	0.0	0.0	0.0	0.0	0.0	0.0	0.0	0.0	0.0	0.0	0.0	0.0	0.0	0.0	0.0	237.7857208251953	847.6397094726562	1015.8078002929688	375.3403015136719	443.24017333984375	880.7573852539062	735.6080322265625	187.5871124267578	202.6953582763672	676.7119750976562	581.8231201171875	287.5561218261719	426.4777526855469	700.7777709960938	602.1064453125	210.5912322998047	339.32391357421875	551.6343994140625	649.51513671875	392.9341735839844	297.6515197753906	545.7610473632812	554.9478149414062	236.5704345703125	267.83416748046875	507.8023986816406	535.608642578125	209.35018920898438	572.4161987304688	865.465087890625	772.505859375	394.7678527832031	0.0	0.0	70.10325622558594	0.0	97.48042297363281	75.27387237548828	94.91034698486328	0.0	91.86788940429688	0.0	73.39142608642578	0.0	140.2911834716797	0.0	147.6278533935547	0.0	406.6734924316406	657.0537109375	610.2674560546875	272.5287170410156	219.0673065185547	249.47474670410156	135.36239624023438	40.672584533691406	470.4482116699219	663.4445190429688	502.6602478027344	60.722415924072266	288.439208984375	355.29705810546875	356.2318115234375	209.94229125976562	7.566804885864258	130.18234252929688	299.3614501953125	162.7298126220703	8.487236976623535	97.66824340820312	400.8941345214844	228.9046173095703	20.472980499267578	0.0	233.5687713623047	33.74342727661133	112.5807876586914	124.4439926147461	445.2258605957031	40.01319885253906	144.1188201904297	154.0518035888672	101.39628601074219	155.0269317626953	182.50546264648438	277.6278991699219	305.068115234375	203.3125457763672	358.83441162109375	309.5661315917969	283.2574768066406	173.83682250976562	82.5669937133789	213.29135131835938	137.32423400878906	52.68632888793945	0.0	75.0545425415039	168.049072265625	156.69039916992188	50.07814025878906	291.74468994140625	149.3272247314453	129.5596160888672	0.0	7.1742682456970215	54.948028564453125	165.61767578125	56.76507568359375	187.34774780273438	125.67652130126953	198.88589477539062
730.8973388671875	794.5045776367188	584.30908203125	782.7386474609375	553.0932006835938	223.13156127929688	1112.159423828125	1185.862548828125	28.570493698120117	322.7239685058594	1151.4940185546875	632.7298583984375	48.943092346191406	821.275146484375	1232.5975341796875	790.05859375	547.404296875	410.5324401855469	707.7722778320312	395.0955505371094	86.08578491210938	523.423095703125	809.55810546875	459.4460144042969	134.0946044921875	574.0546875	505.8256530761719	421.5406188964844	183.476806640625	431.7493591308594	644.6268310546875	525.8466186523438	234.27206420898438	288.6036376953125	94.85177612304688	110.28263092041016	231.3772735595703	72.43887329101562	219.70672607421875	129.7666015625	165.77459716796875	168.9093780517578	318.96429443359375	93.94253540039062	0.0	150.44378662109375	133.7466583251953	177.36021423339844	168.37429809570312	188.27357482910156	150.27049255371094	12.443842887878418	66.34650421142578	193.13807678222656	145.3589630126953	42.79705810546875	82.30836486816406	155.14271545410156	23.14238739013672	46.88690948486328	90.02720642089844	48.80295944213867	73.390625	30.42125701904297	0.0	0.0	0.0	1.6356819868087769	0.0	0.0	0.0	35.440589904785156	0.0	0.0	11.009603500366211	38.63534164428711	0.0	0.0	5.518704414367676	31.403766632080078	0.0	28.632150650024414	38.39899826049805	0.0	15.124740600585938	67.78648376464844	34.82888412475586	2.907191276550293	5.91162633895874	15.9798583984375	0.0	50.749210357666016	23.444156646728516	0.0	6.478958606719971	24.221336364746094	0.0	0.0	0.0	0.0	0.0	0.0	0.0	0.0	0.0	0.0	0.0	6.51557731628418	0.0	0.0	0.0	29.11116600036621	233.10694885253906	306.9131774902344	264.3158874511719	110.37671661376953	127.8313980102539	285.953369140625	275.1149597167969	301.27899169921875	92.92469787597656	136.61509704589844	263.087646484375	196.51022338867188	26.11646270751953	349.08477783203125	303.93505859375	256.5567932128906	0.0	0.0	0.0	0.0	0.0	0.0	0.0	0.0	0.0	0.0	0.0	0.0	0.0	0.0	0.0	0.0	547.1368408203125	945.1251831054688	764.4789428710938	164.909423828125	714.8460083007812	603.982666015625	401.1421813964844	232.00144958496094	436.5648498535156	572.2634887695312	669.7999267578125	412.2520446777344	141.7337646484375	278.9396057128906	442.9771423339844	224.38320922851562	701.5249633789062	926.416015625	772.5917358398438	269.11669921875	568.1775512695312	711.394287109375	647.7564697265625	447.1703186035156	321.3501892089844	521.2437133789062	467.1662902832031	479.3402099609375	298.5808410644531	645.763671875	727.7959594726562	569.0850830078125	89.55504608154297	0.0	37.66172790527344	0.0	49.059627532958984	0.0	11.657941818237305	16.37837028503418	16.428483963012695	21.86990737915039	13.185502052307129	0.0	5.048563480377197	288.4306335449219	41.80415725708008	0.0	526.1256713867188	824.1439208984375	588.5247192382812	118.1003189086914	469.95751953125	557.3319702148438	451.3564147949219	161.9125213623047	127.56499481201172	336.5603942871094	376.952392578125	280.717529296875	139.74237060546875	157.5326385498047	251.88833618164062	319.8370056152344	54.29887008666992	15.004672050476074	333.345458984375	208.969482421875	157.17974853515625	67.21759033203125	230.2207489013672	130.52687072753906	0.0	296.9591064453125	320.996337890625	276.44232177734375	0.0	103.9083023071289	38.5689582824707	226.21815490722656	291.1646728515625	110.73442840576172	377.8473205566406	379.1912841796875	0.0	385.2497863769531	471.8896179199219	94.88080596923828	116.43034362792969	208.23269653320312	187.61851501464844	213.4238739013672	103.15898132324219	152.56085205078125	316.93701171875	94.39348602294922	0.0	248.843017578125	116.82514190673828	105.7333755493164	237.65469360351562	155.90887451171875	102.8913803100586	179.96337890625	185.5082244873047	9.881969451904297	265.60235595703125	61.54569625854492	0.0	42.383201599121094	212.10386657714844	170.02188110351562
330.060546875	379.7696838378906	249.5016632080078	225.7523651123047	388.6842346191406	252.44300842285156	76.30558776855469	52.36495590209961	639.0047607421875	502.28887939453125	296.79144287109375	818.4691162109375	640.255126953125	252.6008758544922	442.7775573730469	518.9791870117188	443.56817626953125	508.3403015136719	467.90069580078125	342.5339050292969	187.688720703125	330.3675231933594	481.9513244628906	724.2465209960938	515.8159790039062	538.0980224609375	706.0780029296875	740.7853393554688	284.6241455078125	413.91619873046875	308.8179016113281	88.59008026123047	29.390132904052734	91.1869888305664	104.22994232177734	69.68094635009766	303.3005065917969	320.80767822265625	315.3990173339844	118.27264404296875	0.0	0.0	55.9735107421875	366.1148376464844	156.11277770996094	266.2312927246094	360.12066650390625	339.6082458496094	261.7027587890625	299.33599853515625	301.3227844238281	223.5681915283203	0.0	0.0	45.4638786315918	90.93287658691406	170.6942138671875	270.5328674316406	313.1684265136719	170.88076782226562	86.98452758789062	82.3871078491211	61.1806640625	14.931021690368652	9.120545387268066	13.200510025024414	14.241874694824219	0.0	0.0	0.0	0.0	0.0	0.0	0.0	0.0	0.0	0.0	0.0	87.387451171875	38.44643783569336	3.7188596725463867	78.44729614257812	75.20490264892578	103.81088256835938	0.0	0.0	10.342674255371094	13.57734489440918	23.607257843017578	86.99327087402344	75.25457000732422	31.373916625976562	14.096501350402832	19.81057357788086	23.589895248413086	63.19782638549805	0.0	0.0	0.0	0.0	0.0	0.0	0.0	0.0	0.0	0.0	0.0	0.0	0.0	76.23831176757812	37.098636627197266	61.59258270263672	305.2603759765625	313.1949768066406	308.1547546386719	321.4618835449219	214.4661102294922	276.09197998046875	373.04681396484375	369.26617431640625	269.1828918457031	351.1736145019531	387.16552734375	311.4949035644531	304.51458740234375	282.89251708984375	166.488037109375	139.66049194335938	0.0	0.0	0.0	0.0	0.0	0.0	0.0	0.0	0.0	0.0	0.0	0.0	0.0	0.0	0.0	0.0	224.6204376220703	544.9193725585938	635.6692504882812	573.8901977539062	925.563720703125	1098.1046142578125	1112.9622802734375	988.3077392578125	166.90611267089844	411.5004577636719	415.25469970703125	782.2562866210938	688.3533325195312	754.6732177734375	942.66650390625	1026.09912109375	490.8414306640625	579.489013671875	589.28076171875	519.5057373046875	397.2806396484375	528.7037963867188	566.9552001953125	672.852783203125	417.01116943359375	730.439697265625	721.7284545898438	555.1054077148438	847.7254638671875	983.3135375976562	783.6878051757812	631.5294799804688	64.36556243896484	0.0	0.0	35.59222412109375	100.55999755859375	71.5719223022461	20.37363624572754	28.604204177856445	52.17435073852539	12.796350479125977	0.0	0.0	100.69603729248047	0.0	0.0	7.153241157531738	752.5570068359375	922.9318237304688	934.7413940429688	709.5802612304688	441.69085693359375	340.3347473144531	271.21343994140625	265.48028564453125	589.5393676757812	718.3627319335938	806.005615234375	810.1959228515625	491.57763671875	530.69482421875	591.9061889648438	340.0838623046875	0.0	0.0	0.0	0.0	125.5688247680664	211.03257751464844	228.5103759765625	324.40362548828125	0.0	0.0	23.254182815551758	0.4895809590816498	78.35721588134766	190.1887969970703	153.42335510253906	149.58253479003906	243.767822265625	185.72976684570312	130.75672912597656	224.33531188964844	203.92320251464844	224.3132781982422	341.6085510253906	428.87420654296875	384.9146728515625	288.3348693847656	416.701171875	237.8936767578125	0.0	0.0	0.0	49.56427764892578	0.0	0.0	0.0	0.0	211.10223388671875	258.42840576171875	257.453125	87.10325622558594	46.6776008605957	22.3919677734375	0.0	158.00852966308594	149.53707885742188	156.6489715576172	328.5891418457031	350.853271484375
45.16130828857422	863.6314697265625	1176.18603515625	431.809326171875	63.31708526611328	959.524169921875	837.3418579101562	110.50879669189453	61.53887939453125	397.4355773925781	500.17193603515625	438.0311279296875	150.7431640625	348.924560546875	1069.8006591796875	576.9871826171875	338.1263427734375	667.991455078125	511.5294494628906	103.64837646484375	251.15892028808594	384.423828125	310.56976318359375	214.3103485107422	50.240779876708984	468.4349060058594	432.452880859375	268.5960693359375	404.9154968261719	824.0377197265625	690.3279418945312	234.15896606445312	0.0	285.00689697265625	345.8575744628906	161.12217712402344	18.3156681060791	263.0419616699219	256.7443542480469	100.0025863647461	124.60729217529297	94.97218322753906	37.94058609008789	34.37641143798828	0.0	0.0	205.87332153320312	101.01814270019531	131.12570190429688	216.21913146972656	220.4474334716797	163.2799530029297	87.84595489501953	80.36858367919922	16.48040008544922	60.487247467041016	92.12631225585938	81.34062957763672	44.999820709228516	0.0	69.72891235351562	151.26809692382812	76.68505096435547	49.15218734741211	0.0	0.0	9.68470287322998	8.687288284301758	0.0	0.0	6.117286205291748	27.816341400146484	0.0	0.0	46.802818298339844	16.02014923095703	0.0	0.0	88.58112335205078	104.31015014648438	0.0	0.0	97.91743469238281	83.6040267944336	3.0083978176116943	0.0	28.594921112060547	34.07438278198242	0.0	57.083621978759766	0.0	22.941680908203125	0.0	31.479951858520508	13.021894454956055	25.81490707397461	0.0	0.0	0.0	0.0	0.0	0.0	24.47417449951172	33.500389099121094	0.0	0.0	0.0	0.0	0.0	0.0	0.0	20.10025405883789	33.99953079223633	228.1706085205078	178.85446166992188	189.7001190185547	20.41030502319336	275.34515380859375	308.28857421875	101.40313720703125	44.87796401977539	135.75595092773438	214.54469299316406	95.88743591308594	289.7873840332031	354.9176330566406	274.7057800292969	155.07083129882812	0.0	0.0	0.0	0.0	0.0	0.0	0.0	47.369232177734375	0.0	0.0	0.0	0.0	0.0	0.0	0.0	0.0	188.63577270507812	558.5316162109375	965.73095703125	728.52978515625	332.0905456542969	466.4717102050781	507.5251159667969	265.87652587890625	361.77801513671875	533.2613525390625	234.00633239746094	0.0	210.42141723632812	299.8551330566406	292.5674133300781	219.79823303222656	327.0164489746094	501.7060241699219	536.0601196289062	405.0142822265625	333.29901123046875	496.3851013183594	441.4704284667969	282.0829162597656	240.24490356445312	336.7142333984375	338.47265625	182.077392578125	570.5534057617188	746.2351684570312	504.8544006347656	368.9737548828125	0.0	107.77978515625	0.0	0.0	0.0	239.9938201904297	70.26649475097656	0.0	22.074953079223633	57.32109451293945	162.96841430664062	0.0	136.79049682617188	68.98229217529297	50.65538787841797	0.0	155.1214141845703	604.9483032226562	695.7698974609375	555.6749877929688	269.37860107421875	222.24200439453125	158.2790985107422	4.9396586418151855	285.136962890625	227.94955444335938	187.21051025390625	11.29443645477295	30.361440658569336	347.5123596191406	429.53851318359375	192.76780700683594	0.0	145.30972290039062	231.5450897216797	222.11981201171875	0.0	237.85577392578125	58.514923095703125	180.91429138183594	0.0	254.5703582763672	325.04638671875	50.33945846557617	0.0	227.62957763671875	343.7268981933594	25.240737915039062	202.4325714111328	332.8081970214844	275.8973693847656	18.87006378173828	10.83580493927002	24.198240280151367	269.6427307128906	107.89520263671875	0.0	312.8844299316406	406.6040344238281	97.81884765625	293.9559020996094	456.1610107421875	238.61595153808594	0.0	0.0	28.762176513671875	352.2855224609375	176.21591186523438	0.0	200.73561096191406	408.3173828125	201.01339721679688	74.1330795288086	86.87418365478516	47.747039794921875	113.4702377319336	0.0	0.0	159.78952026367188	109.69168853759766
662.857666015625	1118.7218017578125	802.283935546875	354.980224609375	1458.4090576171875	1331.788330078125	295.3714599609375	409.84954833984375	1498.2991943359375	754.8685913085938	254.15443420410156	1231.4093017578125	744.1748046875	318.31396484375	788.794189453125	1373.931640625	755.1354370117188	732.1768188476562	619.8574829101562	539.1029663085938	728.4771118164062	407.2644958496094	292.2880554199219	699.7520751953125	353.7940673828125	467.89520263671875	871.5614624023438	889.6561889648438	491.91290283203125	788.3328857421875	929.778076171875	714.9979858398438	0.0	206.24612426757812	172.4318084716797	6.860328197479248	409.5753173828125	515.026611328125	401.2437438964844	100.97899627685547	351.91876220703125	190.1520233154297	8.361989974975586	175.78439331054688	12.197339057922363	0.0	269.4150390625	412.5589294433594	192.31004333496094	222.38656616210938	255.88536071777344	199.36415100097656	157.39016723632812	0.0	26.108314514160156	37.123329162597656	0.0	0.0	131.3505096435547	124.50031280517578	339.0863342285156	427.7856140136719	406.0982971191406	160.44508361816406	0.0	0.0	0.0	0.0	0.0	0.0	0.0	0.0	6.2401041984558105	0.0	0.0	0.0	40.79813766479492	0.0	0.0	6.065754413604736	0.0	0.0	79.6632080078125	99.08617401123047	0.0	0.0	20.643871307373047	69.72643280029297	0.0	0.0	0.0	0.0	76.77191925048828	80.47789001464844	52.232975006103516	82.5840072631836	0.0	0.0	0.0	0.0	0.0	9.157463073730469	0.0	0.0	0.0	49.82257843017578	0.0	0.0	0.0	0.0	0.0	0.0	157.5341796875	303.6814270019531	362.42242431640625	367.9693298339844	180.38851928710938	288.4120178222656	227.01222229003906	215.33306884765625	346.4702453613281	398.1435852050781	315.2430419921875	328.4849853515625	443.8328552246094	517.2855224609375	449.6332092285156	400.34783935546875	0.0	0.0	0.0	0.0	0.0	0.0	0.0	0.0	0.0	0.0	4.853202819824219	0.0	0.0	0.0	0.0	0.0	127.79898071289062	682.681396484375	1038.198974609375	848.049560546875	724.2351684570312	1116.7752685546875	1257.4801025390625	1032.3717041015625	700.6166381835938	564.4763793945312	232.66455078125	146.51309204101562	674.8767700195312	538.1614379882812	937.5081787109375	1079.892333984375	525.3324584960938	757.0513916015625	902.6324462890625	830.4635009765625	538.8714599609375	720.3141479492188	823.1460571289062	604.4673461914062	681.1314086914062	695.9360961914062	632.9853515625	624.1222534179688	991.832275390625	1087.6319580078125	985.789794921875	784.214599609375	59.05771255493164	31.776796340942383	0.0	88.45894622802734	97.71553039550781	0.0	0.0	119.80389404296875	229.12335205078125	0.0	47.8201789855957	97.08097839355469	144.6134796142578	0.0	0.0	0.0	426.0292663574219	959.7960815429688	1008.698486328125	629.134765625	547.219970703125	620.01220703125	588.316162109375	304.2005615234375	424.7611999511719	70.34697723388672	126.97730255126953	328.70806884765625	966.7027587890625	1144.945068359375	1197.4293212890625	782.2969360351562	149.84100341796875	148.06033325195312	54.33632278442383	160.96163940429688	220.07484436035156	129.6132354736328	242.27333068847656	557.9326782226562	199.4295654296875	0.0	0.0	377.8929138183594	121.64277648925781	0.0	19.430940628051758	82.85664367675781	558.001220703125	510.80548095703125	85.26033782958984	264.7015686035156	376.1908264160156	0.0	274.3550109863281	463.3835144042969	180.91452026367188	385.18768310546875	472.330810546875	539.6897583007812	371.12091064453125	459.3219299316406	355.52008056640625	0.0	0.0	42.75065231323242	77.97759246826172	0.0	321.46923828125	509.1748046875	404.21893310546875	62.8546142578125	381.1865539550781	395.5753173828125	117.56534576416016	139.02149963378906	0.0	0.0	39.498939514160156	306.4903564453125
206.67559814453125	1201.242431640625	885.7689208984375	750.5151977539062	1141.6219482421875	1496.7872314453125	364.967529296875	1396.8917236328125	809.2474365234375	481.1378479003906	911.10546875	1238.3621826171875	28.39690589904785	113.6387710571289	1007.7482299804688	794.0274658203125	782.9826049804688	711.3218994140625	422.7372131347656	647.6089477539062	649.9447631835938	373.4453125	742.9986572265625	519.8466186523438	276.8919677734375	614.437744140625	823.5035400390625	547.435791015625	265.6127624511719	643.86083984375	380.50823974609375	130.35780334472656	0.0	179.9106903076172	147.2777862548828	183.2845916748047	219.58999633789062	314.2616882324219	25.439224243164062	332.29302978515625	202.2388916015625	7.811243534088135	176.30491638183594	246.32896423339844	326.7230224609375	157.48619079589844	427.9656677246094	307.5454406738281	111.60198974609375	92.60873413085938	109.7398910522461	128.4490203857422	112.58245086669922	0.0	66.42047882080078	0.0	182.91995239257812	372.7573547363281	322.2999572753906	89.648193359375	62.54322814941406	86.93069458007812	0.0	0.0	0.0	0.0	0.0	0.0	0.0	0.0	0.0	0.0	0.0	5.40350866317749	0.0	11.299598693847656	0.0	0.0	50.920997619628906	78.18826293945312	0.0	0.0	28.848909378051758	28.651620864868164	0.0	8.600210189819336	0.0	0.0	70.68717193603516	85.69911193847656	73.6272964477539	28.26148796081543	15.105533599853516	34.79426193237305	24.36941146850586	69.96827697753906	0.0	0.0	0.0	0.0	0.0	0.0	0.0	0.0	0.0	0.0	0.0	0.0	0.0	0.0	5.894251346588135	63.12020492553711	170.25840759277344	178.1596221923828	195.5187530517578	149.7006072998047	367.9755859375	426.8922119140625	326.1409912109375	208.31365966796875	313.3909606933594	463.1007080078125	433.1233825683594	352.4148254394531	205.39002990722656	263.28912353515625	305.6296081542969	161.14064025878906	5.726834774017334	0.0	0.0	0.0	0.0	0.0	0.0	0.0	0.0	0.0	0.0	0.0	0.0	0.0	0.0	0.0	90.08032989501953	200.14686584472656	329.6413269042969	303.1355285644531	533.2584838867188	727.82470703125	630.8491821289062	317.15045166015625	900.6900024414062	857.185791015625	584.896240234375	468.6847839355469	1024.0419921875	1135.7266845703125	1030.8582763671875	820.6034545898438	354.7976379394531	328.60662841796875	472.4424743652344	421.99163818359375	796.5507202148438	821.679443359375	793.6591186523438	376.3536071777344	818.3733520507812	1040.7764892578125	993.3626708984375	539.7957153320312	547.7505493164062	798.9461669921875	709.5410766601562	532.0833740234375	89.07437896728516	30.146303176879883	0.0	33.21855163574219	215.8565673828125	92.17559051513672	23.056921005249023	96.53890228271484	96.87769317626953	0.0	0.0	78.85063934326172	16.450498580932617	6.222456455230713	0.0	0.0	233.67703247070312	400.4405822753906	318.8336486816406	271.9789123535156	496.94915771484375	416.3358459472656	200.94107055664062	126.97865295410156	853.0601806640625	972.5481567382812	865.5938720703125	505.93408203125	377.5685119628906	443.5197448730469	529.504150390625	291.2456359863281	93.16053771972656	178.3668975830078	0.0	233.552490234375	137.2261962890625	143.31256103515625	260.7208557128906	380.66168212890625	174.44215393066406	30.096561431884766	179.1252899169922	157.55381774902344	50.38655090332031	446.5184631347656	427.2591857910156	163.0850830078125	548.9581298828125	568.639404296875	230.86163330078125	340.6686706542969	255.8433837890625	187.70840454101562	369.7258605957031	194.93356323242188	0.0	434.14501953125	429.8473205566406	24.619749069213867	131.93707275390625	224.58184814453125	0.0	22.74052619934082	0.0	68.33910369873047	60.56068420410156	17.967256546020508	42.50438690185547	265.24127197265625	77.35449981689453	283.6180419921875	142.13560485839844	52.76171875	19.661327362060547	204.16656494140625	273.3999328613281	124.72059631347656	421.0138854980469	281.4706115722656
586.94482421875	938.1995849609375	681.9354248046875	961.1307983398438	385.77386474609375	361.1802978515625	1327.443359375	924.0814819335938	98.34574127197266	1586.04150390625	1472.82470703125	77.82862854003906	737.497314453125	1430.594482421875	251.79165649414062	793.7787475585938	502.0588684082031	579.5418090820312	719.2755737304688	359.8734130859375	370.779296875	748.984130859375	640.2662353515625	252.65875244140625	638.1759033203125	659.5253295898438	294.84857177734375	399.6153564453125	513.6565551757812	652.4979858398438	767.3235473632812	807.5399780273438	385.36700439453125	365.52874755859375	155.19796752929688	145.73646545410156	274.22564697265625	4.168303489685059	335.9900207519531	122.83572387695312	0.0	340.2251892089844	329.58831787109375	7.61339807510376	52.749996185302734	217.90855407714844	0.0	128.97525024414062	206.1269989013672	167.2019805908203	77.05450439453125	0.8283783793449402	85.27685546875	143.9406280517578	52.791664123535156	21.6298770904541	125.41466522216797	102.1577377319336	0.0	0.0	113.39534759521484	192.8628692626953	277.2349853515625	289.6047058105469	0.0	0.0	0.0	79.62031555175781	0.0	0.0	24.400880813598633	79.90601348876953	0.0	0.0	0.0	0.0	0.0	13.70946216583252	0.0	13.178296089172363	2.8547561168670654	16.127376556396484	57.10048294067383	19.358192443847656	30.94696044921875	27.642961502075195	8.706402778625488	14.157605171203613	0.0	0.0	43.86568832397461	0.0	5.919649600982666	22.85854148864746	12.78817367553711	32.02254104614258	0.0	0.0	0.0	0.0	0.0	0.0	0.0	43.847171783447266	0.0	0.0	0.0	13.23702621459961	0.0	0.0	0.0	0.0	73.13386535644531	255.5181427001953	200.8505401611328	152.68496704101562	165.7788543701172	182.34532165527344	218.0542755126953	193.14566040039062	138.8696746826172	167.05165100097656	227.03341674804688	247.55140686035156	333.45465087890625	454.7701110839844	489.5821533203125	372.2434387207031	0.0	0.0	0.0	0.0	0.0	0.0	0.0	0.0	0.0	0.0	0.0	56.3691520690918	0.0	0.0	0.0	0.0	946.3539428710938	1162.1064453125	931.7003784179688	229.98728942871094	795.8092041015625	610.4037475585938	447.872802734375	355.95977783203125	87.86254119873047	575.44580078125	586.3558349609375	319.0559997558594	400.5741882324219	532.2313842773438	243.3197784423828	355.12677001953125	542.5390014648438	812.0320434570312	757.968017578125	305.4015808105469	322.4918212890625	551.1539306640625	448.4381408691406	344.17950439453125	312.9065856933594	320.1100158691406	486.7832946777344	521.2872314453125	778.2511596679688	1086.8812255859375	1088.0882568359375	742.740234375	33.96649169921875	0.0	21.9832706451416	0.0	41.99171447753906	43.5504035949707	0.0	0.0	57.68111801147461	0.0	0.0	49.764190673828125	168.25363159179688	183.85678100585938	9.49871826171875	0.0	762.4915161132812	874.5592651367188	388.93902587890625	80.85884857177734	136.3793182373047	284.25579833984375	255.18104553222656	150.2423095703125	257.31341552734375	382.427734375	257.43499755859375	132.1777801513672	408.4269714355469	374.2398376464844	827.973876953125	910.839111328125	181.85728454589844	78.81333923339844	463.720703125	152.5454864501953	54.868247985839844	301.4761962890625	337.42333984375	57.80543518066406	112.73648834228516	219.45840454101562	78.96022033691406	147.64306640625	144.95030212402344	0.0	21.06829261779785	110.97384643554688	71.43285369873047	279.6407470703125	351.7171936035156	212.02227783203125	366.3813781738281	538.4564819335938	328.7174377441406	12.522528648376465	461.6468200683594	345.3766784667969	302.54058837890625	446.2723693847656	151.224853515625	258.8525085449219	413.1216125488281	335.1334533691406	174.02249145507812	230.08351135253906	127.39942169189453	152.5303955078125	288.2073059082031	53.62794494628906	291.3996276855469	199.5470733642578	0.0	320.7146911621094	333.5029296875	138.9801788330078	3.513578176498413	175.2722625732422	37.772178649902344	0.0
3.8619465827941895	1.3281415700912476	1106.96826171875	1354.68505859375	15.568172454833984	230.50933837890625	1441.936767578125	1036.6907958984375	31.430030822753906	1110.5130615234375	1338.1383056640625	93.08338928222656	366.09149169921875	1318.2938232421875	788.9482421875	0.0	0.0	530.826904296875	698.9356079101562	419.2500915527344	99.49968719482422	590.4276733398438	481.2627868652344	287.40570068359375	509.5411682128906	605.218505859375	298.651123046875	62.18057632446289	568.8597412109375	454.2766418457031	258.72412109375	17.53223419189453	0.11334272474050522	0.0	276.73358154296875	349.2450866699219	0.0	0.0	342.6672668457031	253.15896606445312	0.0	274.6805419921875	302.7359924316406	17.65437126159668	0.0	268.97467041015625	154.32093811035156	9.512290000915527	24.084346771240234	106.51849365234375	147.19943237304688	66.78101348876953	23.94196891784668	100.39778137207031	0.0	24.838903427124023	86.97525024414062	85.05245971679688	0.0	7.281271934509277	109.97918701171875	19.62254524230957	49.43696212768555	1.8282955884933472	0.0	0.0	0.0	46.08124542236328	0.0	0.0	0.0	8.598716735839844	0.0	0.0	41.135921478271484	56.82064437866211	0.0	9.18860912322998	26.59708023071289	2.192486047744751	0.0	0.0	0.0	21.433256149291992	0.0	0.0	0.0	17.657196044921875	0.0	0.0	25.920021057128906	0.38644808530807495	5.641510009765625	44.13590621948242	32.427730560302734	0.0	0.0	0.0	0.0	0.0	0.0	0.0	0.0	61.694786071777344	0.0	0.0	0.0	52.3253288269043	0.0	0.0	49.45317077636719	37.57215118408203	0.0	45.549259185791016	142.52508544921875	150.64649963378906	34.613807678222656	68.72211456298828	221.40512084960938	176.51649475097656	92.38471984863281	181.7200164794922	141.6166229248047	134.13198852539062	172.906005859375	236.07846069335938	184.55908203125	60.15675735473633	0.0	1.3941030502319336	0.0	0.0	0.8992425203323364	5.746411323547363	0.0	0.0	19.68606185913086	0.0	0.0	36.19923400878906	0.0	0.0	0.0	42.21413040161133	19.80624771118164	142.9817657470703	461.4952697753906	660.8551025390625	78.52865600585938	184.70751953125	445.7497253417969	401.25396728515625	88.5794448852539	358.19091796875	417.1781311035156	179.36724853515625	133.20208740234375	339.85638427734375	288.31903076171875	49.279544830322266	27.214946746826172	264.518798828125	351.00006103515625	417.2401123046875	90.54275512695312	333.4255676269531	323.42437744140625	348.5072021484375	265.5837097167969	309.5885009765625	316.8230895996094	325.8619689941406	545.6924438476562	528.2980346679688	346.1540222167969	218.58331298828125	0.0	0.41109877824783325	59.36836242675781	0.0	0.0	55.75230026245117	103.32738494873047	0.0	70.87535858154297	51.846824645996094	8.953131675720215	0.0	97.37924194335938	50.995208740234375	0.0	0.0	1.5163947343826294	154.38160705566406	412.1590881347656	426.96722412109375	43.01215744018555	156.5851287841797	192.030517578125	119.47593688964844	110.18334197998047	258.3573913574219	197.83749389648438	114.77263641357422	334.7941589355469	313.368408203125	178.68382263183594	53.35679626464844	3.650393009185791	0.0	224.18177795410156	151.16954040527344	0.0	234.3314666748047	267.5738220214844	0.0	0.0	266.5253601074219	166.1270294189453	84.34407806396484	165.6368408203125	158.51907348632812	0.0	77.63648986816406	32.00440216064453	274.63677978515625	419.7870788574219	157.17620849609375	146.239990234375	287.8575439453125	167.69056701660156	0.0	319.5326232910156	281.18798828125	0.0	0.0	324.9325866699219	111.4217300415039	0.0	0.0	0.0	0.0	104.50235748291016	317.9383850097656	0.0	0.0	333.39788818359375	369.0650939941406	0.0	201.081787109375	302.09393310546875	143.21377563476562	0.0	298.8428039550781	271.1661376953125	71.1328125
214.0714569091797	1403.5211181640625	784.3654174804688	1029.9849853515625	988.9570922851562	1380.157958984375	714.1422729492188	1266.076171875	939.8059692382812	796.43994140625	742.8663330078125	1105.1395263671875	281.1933288574219	0.0	1206.6514892578125	984.781005859375	669.3145141601562	610.0385131835938	652.9696044921875	452.5454406738281	671.054443359375	741.681640625	846.2110595703125	603.3714599609375	428.62493896484375	336.1823425292969	507.0376892089844	342.6815185546875	78.87735748291016	648.8161010742188	657.0426025390625	370.32659912109375	0.0	169.2958221435547	34.00248718261719	106.44086456298828	0.0	132.3815155029297	2.3590948581695557	127.39258575439453	550.1282958984375	511.5875549316406	377.8495788574219	351.23443603515625	357.0623779296875	174.5736083984375	262.5365295410156	175.03036499023438	88.25373840332031	47.04663848876953	110.96946716308594	0.0	139.85055541992188	208.23194885253906	277.240478515625	61.08487319946289	294.0000915527344	285.73040771484375	232.0030059814453	24.838333129882812	61.74837112426758	175.68869018554688	54.52900314331055	12.955927848815918	0.0	0.0	0.0	0.0	0.0	0.0	0.0	71.1380615234375	0.0	0.0	0.0	94.92670440673828	0.0	0.0	0.0	103.11782836914062	0.0	0.0	47.73981857299805	0.0	0.0	15.881548881530762	33.40635681152344	42.715003967285156	3.3595669269561768	32.467525482177734	49.215145111083984	16.16202735900879	29.77608299255371	29.45665168762207	0.0	15.943916320800781	0.0	0.0	0.0	0.0	0.0	0.0	0.0	0.0	0.0	0.0	0.0	0.0	32.71527862548828	0.0	0.0	62.343170166015625	72.0892562866211	103.73287200927734	194.6733856201172	172.6311798095703	427.01800537109375	430.3102111816406	410.05059814453125	324.9500732421875	200.1427001953125	183.1165313720703	204.02554321289062	100.79510498046875	134.4882049560547	228.5797576904297	288.83880615234375	193.20498657226562	36.42060852050781	0.0	0.0	0.0	0.0	0.0	0.0	0.0	0.0	0.0	0.0	0.0	0.0	0.0	0.0	0.0	100.4045181274414	286.0513610839844	364.2442932128906	61.77781677246094	197.31396484375	311.4143981933594	219.85850524902344	256.4138488769531	1394.595458984375	1482.9891357421875	1024.17431640625	690.7974243164062	781.2289428710938	599.1958618164062	263.34100341796875	235.97659301757812	207.39527893066406	189.1501922607422	388.6000671386719	246.2770233154297	946.4442749023438	1017.252197265625	1034.9310302734375	529.2577514648438	676.4300537109375	883.4354858398438	874.2040405273438	446.55010986328125	411.73968505859375	532.8444213867188	517.822509765625	325.74847412109375	52.363643646240234	23.026769638061523	0.0	104.75013732910156	135.65811157226562	189.2703094482422	14.79062271118164	154.11721801757812	0.0	0.0	54.01852798461914	0.0	30.843469619750977	0.0	156.48316955566406	0.0	134.95155334472656	215.58676147460938	137.43702697753906	151.50747680664062	425.47259521484375	608.6299438476562	699.0250854492188	401.2556457519531	1057.1458740234375	1165.420654296875	930.5941772460938	390.96429443359375	95.2354507446289	165.86581420898438	156.636474609375	57.55882263183594	100.54754638671875	184.96226501464844	75.36792755126953	213.7682647705078	144.0830841064453	57.97225570678711	255.30184936523438	257.384521484375	178.50787353515625	286.78436279296875	531.556396484375	299.1429748535156	54.19639205932617	119.37638092041016	361.58746337890625	57.987060546875	483.01806640625	487.18853759765625	311.92333984375	379.8812255859375	340.35040283203125	233.5917205810547	227.7056427001953	201.2242889404297	0.0	53.707271575927734	137.05618286132812	87.43202209472656	112.4927978515625	312.8622131347656	274.0450134277344	166.7818145751953	0.0	61.75012969970703	12.962850570678711	103.9730453491211	0.0	79.86450958251953	0.0	130.6178741455078	296.56353759765625	299.7613525390625	219.5951690673828	339.8985900878906	470.34735107421875	311.9347229003906	239.42758178710938	310.3470458984375
0.0	898.1497192382812	541.204345703125	501.9300537109375	142.173095703125	803.0615234375	454.6271667480469	856.67431640625	130.5472412109375	489.6956481933594	1131.7548828125	1031.699951171875	48.363861083984375	364.6138610839844	971.2814331054688	244.03086853027344	434.37939453125	433.9703063964844	461.7391662597656	260.6227111816406	316.2347412109375	409.8821716308594	715.2094116210938	331.8876647949219	200.52157592773438	549.46728515625	635.3760986328125	325.69171142578125	234.57174682617188	557.178955078125	414.6230773925781	123.2591552734375	0.0	138.772705078125	56.9458122253418	51.679386138916016	35.800594329833984	240.83155822753906	56.13644027709961	96.2164535522461	73.74818420410156	15.7426118850708	322.1169738769531	142.0950164794922	172.7869415283203	162.29989624023438	316.06671142578125	82.4688949584961	151.18714904785156	190.7213592529297	139.35499572753906	46.14339065551758	55.795894622802734	105.85984802246094	90.15753173828125	19.201400756835938	130.42575073242188	203.9945831298828	97.03700256347656	3.5468244552612305	26.624370574951172	38.22541046142578	26.648828506469727	10.871450424194336	0.0	0.0	0.0	36.512596130371094	0.0	0.0	0.0	81.14252471923828	0.0	0.0	4.316545486450195	77.8799057006836	0.0	0.0	61.76942443847656	49.57981491088867	7.435354709625244	0.0	65.36399841308594	18.73551368713379	2.708677291870117	0.0	34.986549377441406	0.0	11.911516189575195	35.35622787475586	34.1202392578125	37.79191207885742	0.0	22.517213821411133	25.74610710144043	44.01773452758789	0.0	0.0	0.0	0.0	0.0	0.0	0.0	0.0	0.0	0.0	0.0	40.490150451660156	0.0	0.0	5.353582382202148	45.67870330810547	54.991729736328125	132.8917236328125	273.87042236328125	142.20896911621094	76.8160171508789	362.0978698730469	334.9127502441406	169.2196044921875	101.068115234375	259.5545959472656	336.8554382324219	144.3816375732422	146.28732299804688	229.29803466796875	255.1278839111328	151.09547424316406	0.0	0.0	0.0	0.0	0.0	0.0	0.0	0.0	0.0	0.0	0.0	0.0	0.0	0.0	0.0	29.264101028442383	176.5513458251953	688.0217895507812	678.087158203125	178.23072814941406	257.5047607421875	592.0692138671875	562.9252319335938	121.70321655273438	469.0856018066406	600.0238037109375	524.510498046875	312.032470703125	536.8411865234375	787.9465942382812	758.3751831054688	272.0727233886719	243.78363037109375	509.86175537109375	479.41693115234375	278.72479248046875	312.2710266113281	611.0424194335938	616.9617919921875	264.0216064453125	327.6086120605469	744.8298950195312	673.7647094726562	300.06707763671875	371.13592529296875	483.1575622558594	431.8466491699219	305.7113952636719	2.319826364517212	95.83313751220703	118.09443664550781	0.0	45.83124542236328	200.2298126220703	112.88477325439453	0.0	0.0	85.26201629638672	0.0	0.0	32.02545928955078	46.10850524902344	35.79564666748047	0.0	229.72364807128906	447.37786865234375	395.4933166503906	69.03218078613281	125.49772644042969	281.6475830078125	154.7759552001953	80.45198059082031	390.8612976074219	671.500244140625	576.7113647460938	122.4393539428711	212.53350830078125	297.2264404296875	139.314208984375	75.89851379394531	28.52739906311035	70.46063995361328	199.71798706054688	26.7373104095459	86.53160858154297	0.0	358.53009033203125	160.1562042236328	71.40324401855469	159.31288146972656	183.7375030517578	22.20306968688965	0.0	380.5305480957031	366.77685546875	77.29257202148438	242.59910583496094	339.33575439453125	279.6435546875	289.0672302246094	51.96363067626953	339.6089172363281	365.5849914550781	256.4428405761719	0.0	265.64691162109375	307.790771484375	0.0	164.77879333496094	249.65574645996094	80.06649017333984	0.0	0.0	113.83414459228516	51.99729919433594	118.6113052368164	0.0	212.3672637939453	115.27127838134766	112.30915832519531	38.935142517089844	0.0	171.3639678955078	193.34515380859375	125.20870208740234	121.8095474243164	274.82269287109375	185.79312133789062
61.71116638183594	292.70220947265625	1219.9560546875	878.9244995117188	295.3277282714844	936.6028442382812	1266.3818359375	832.1715698242188	1185.7314453125	885.5375366210938	928.7643432617188	638.9017333984375	991.3844604492188	723.690673828125	1056.46826171875	27.929336547851562	76.39949035644531	649.3707275390625	599.3464965820312	504.75762939453125	588.3666381835938	836.6898193359375	868.8864135742188	908.4229125976562	672.9467163085938	714.0416870117188	438.31903076171875	159.67164611816406	631.8165283203125	856.4227905273438	534.6751708984375	240.9197540283203	0.0	81.89502716064453	383.3097839355469	297.4975280761719	0.0	89.59904479980469	163.08236694335938	89.11012268066406	314.66162109375	403.287109375	548.0527954101562	416.35516357421875	361.4720764160156	217.14930725097656	289.3641052246094	91.78558349609375	34.27564239501953	185.1802978515625	270.84149169921875	282.8184814453125	72.90909576416016	192.10023498535156	284.97882080078125	312.54498291015625	217.01861572265625	337.0224609375	224.57923889160156	54.493865966796875	147.1068878173828	161.39662170410156	67.74465942382812	55.490116119384766	0.0	0.0	0.0	0.0	0.0	0.0	0.0	0.0	0.0	0.0	23.333961486816406	5.644141674041748	0.0	0.0	41.38859176635742	0.0	0.0	0.0	0.0	80.95648193359375	0.0	22.28874969482422	70.63424682617188	20.33282470703125	0.0	23.601186752319336	17.638134002685547	89.2140121459961	22.388044357299805	0.0	14.56594467163086	39.6681022644043	0.0	0.0	0.0	0.0	0.0	0.0	0.0	4.890440464019775	0.0	0.0	0.0	1.6940354108810425	0.0	26.967954635620117	53.12510299682617	73.08016204833984	0.6053553223609924	4.918140888214111	234.11354064941406	348.7099609375	206.3711395263672	462.9437561035156	465.9176940917969	561.0285034179688	161.3480682373047	321.4889831542969	183.46055603027344	186.17918395996094	433.95916748046875	466.2176818847656	385.13720703125	244.793212890625	4.556925296783447	3.5662825107574463	0.0	0.0	0.0	0.0	0.0	0.0	0.0	0.0	0.0	0.0	0.0	0.0	0.0	40.48598098754883	117.76856994628906	316.227294921875	1136.17626953125	1287.0841064453125	110.30088806152344	291.6937561035156	452.73480224609375	258.7499694824219	933.588134765625	1241.3546142578125	1266.9156494140625	1172.579833984375	1003.503173828125	859.5574951171875	421.3562927246094	141.59429931640625	61.3055534362793	237.22804260253906	668.834716796875	905.4813842773438	544.44677734375	772.2156982421875	928.9776611328125	1069.6865234375	580.5606079101562	738.9420166015625	727.3681030273438	784.5171508789062	980.4878540039062	1008.9200439453125	473.1156921386719	347.3072509765625	0.0	35.28843307495117	82.88233947753906	23.754802703857422	128.96115112304688	151.6174774169922	224.8180389404297	0.0	80.35392761230469	27.538440704345703	0.0	0.0	192.6733856201172	186.2564697265625	0.0	0.0	69.85502624511719	298.7593994140625	911.417236328125	1080.9326171875	90.47547912597656	375.2215576171875	754.2761840820312	902.8226318359375	777.05126953125	1001.9542846679688	1087.1395263671875	847.432373046875	345.201904296875	216.37823486328125	177.09759521484375	96.03335571289062	0.0	127.7160873413086	66.80860137939453	390.34600830078125	0.0	144.226806640625	0.0	154.3056640625	32.721160888671875	291.3409423828125	299.6795959472656	296.1749267578125	16.579788208007812	355.8215026855469	178.72842407226562	46.23015213012695	187.70068359375	363.14068603515625	347.54571533203125	170.11622619628906	520.7210693359375	376.3320007324219	308.8823547363281	317.81390380859375	372.6954650878906	89.36490631103516	32.62210464477539	0.0	341.52703857421875	366.5133972167969	100.2543716430664	70.27770233154297	0.0	0.0	217.87852478027344	285.7480163574219	0.0	10.219329833984375	268.51611328125	214.24159240722656	97.43353271484375	201.3339385986328	550.27197265625	497.09429931640625	237.02745056152344	339.9264831542969	468.7786560058594	350.9215087890625
546.1318359375	1279.5242919921875	873.5361938476562	365.2230529785156	1540.51318359375	1435.8677978515625	0.0	362.6285400390625	1363.9208984375	414.33526611328125	101.52088928222656	798.0713500976562	902.879150390625	176.53964233398438	193.85452270507812	1256.2264404296875	733.7120971679688	664.4365844726562	388.6427307128906	364.29327392578125	598.2197875976562	238.6920623779297	269.3234558105469	538.6493530273438	340.24664306640625	152.42001342773438	342.3154602050781	668.945556640625	268.42034912109375	514.1570434570312	743.904052734375	782.01220703125	73.80279541015625	381.94842529296875	97.1085205078125	1.0090358257293701	354.1922912597656	457.94427490234375	190.52587890625	68.85924530029297	265.11572265625	91.5653305053711	92.02518463134766	79.66610717773438	94.6388931274414	0.0	0.0	304.3318786621094	184.08358764648438	195.60537719726562	208.2445526123047	126.82554626464844	64.67604064941406	0.0	79.11003875732422	68.18267822265625	0.0	0.0	82.26085662841797	89.18863677978516	147.2177276611328	117.73589324951172	198.35585021972656	107.11658477783203	0.0	0.0	0.0	0.0	0.0	0.0	0.0	0.0	6.891754150390625	17.726306915283203	0.0	0.0	42.57411575317383	0.0	0.0	0.0	0.0	0.0	105.74655151367188	44.341487884521484	0.0	16.438549041748047	14.388288497924805	50.76948547363281	0.0	0.0	0.0	70.39192199707031	93.01271057128906	21.630895614624023	16.29230499267578	27.14940071105957	0.0	0.0	0.0	0.0	0.0	73.11083221435547	0.0	0.0	0.0	50.74784851074219	0.0	0.0	0.0	0.0	0.0	0.0	98.69770812988281	269.9081726074219	309.9355163574219	309.3191833496094	162.1006317138672	271.4664001464844	213.24075317382812	177.18545532226562	265.3980407714844	121.20806121826172	151.09591674804688	196.5947723388672	325.1041564941406	386.8158874511719	321.33502197265625	257.4179992675781	12.401738166809082	0.0	0.0	0.0	0.0	0.0	0.0	0.0	0.0	2.824054718017578	0.0	0.0	0.0	0.0	0.0	0.0	271.1418151855469	972.4458618164062	1075.103759765625	457.33258056640625	500.9003601074219	796.9708862304688	847.1075439453125	677.5572509765625	428.2397766113281	229.93385314941406	353.2281799316406	349.8108825683594	423.2237854003906	98.2176742553711	128.34494018554688	442.27154541015625	418.3869934082031	663.0530395507812	854.8028564453125	718.0916137695312	347.4731140136719	638.3123168945312	737.4386596679688	524.9830932617188	368.44317626953125	348.3756408691406	313.3531494140625	367.68597412109375	686.6782836914062	861.9856567382812	780.8843383789062	615.41796875	50.243675231933594	0.0	0.0	50.46189498901367	119.8469467163086	0.0	0.0	159.77871704101562	196.81201171875	0.0	0.0	161.34300231933594	185.29953002929688	18.50281524658203	98.0634765625	83.3540267944336	447.34918212890625	712.4918212890625	686.2396850585938	414.45794677734375	292.33428955078125	360.3587341308594	455.8832702636719	335.0682067871094	202.8609161376953	105.43113708496094	122.3158950805664	92.47138977050781	403.20989990234375	253.77989196777344	537.3781127929688	586.8941040039062	165.60638427734375	108.48682403564453	273.4029846191406	224.74957275390625	231.58694458007812	0.7839638590812683	421.3587341308594	434.0403747558594	193.67515563964844	49.76729202270508	0.0	374.6114501953125	135.51268005371094	0.0	11.470855712890625	263.48870849609375	494.6534118652344	297.3923034667969	111.31756591796875	267.865234375	244.39114379882812	0.0	118.95329284667969	288.56109619140625	123.35006713867188	63.66440963745117	338.58087158203125	447.0068359375	222.5094757080078	225.37857055664062	296.035888671875	188.8925323486328	0.0	303.9081726074219	170.52784729003906	0.0	368.5951232910156	494.64080810546875	313.4960632324219	1.404172658920288	332.6854248046875	261.9200439453125	141.83229064941406	30.03569793701172	4.325922966003418	4.819477081298828	0.0	179.1902618408203
276.8433837890625	605.8807373046875	430.6535949707031	279.4621276855469	859.5670166015625	793.6068725585938	121.83106994628906	523.0358276367188	494.95220947265625	267.1379089355469	549.0245361328125	754.6207275390625	83.87171936035156	207.60487365722656	199.25765991210938	508.8480224609375	536.100830078125	582.281494140625	520.1515502929688	299.65643310546875	327.28668212890625	425.0356140136719	747.9806518554688	624.4808349609375	436.60894775390625	696.308349609375	713.2473754882812	417.84759521484375	78.38599395751953	102.6729965209961	370.06268310546875	214.90087890625	0.0	95.658447265625	88.56512451171875	56.122894287109375	256.8454284667969	390.29376220703125	203.37249755859375	63.19821548461914	0.0	92.77812194824219	235.85455322265625	226.73379516601562	287.24609375	387.2593994140625	292.6268310546875	118.174072265625	160.1060791015625	296.10821533203125	262.5639953613281	92.92013549804688	41.140987396240234	0.0	95.7701644897461	61.373050689697266	351.8348693847656	370.59857177734375	224.6964569091797	180.9546661376953	4.9316840171813965	0.0	90.73529052734375	17.49595832824707	0.0	0.0	0.0	0.0	0.0	0.0	0.0	33.343605041503906	26.21661376953125	18.475011825561523	0.0	82.81644439697266	0.0	0.0	0.0	49.34589767456055	0.0	27.11772346496582	115.82948303222656	44.97404861450195	0.0	0.16015447676181793	31.737533569335938	0.0	31.54913330078125	52.47884750366211	61.986244201660156	53.91733169555664	21.758939743041992	22.000329971313477	27.872472763061523	0.0	0.0	0.0	0.0	0.0	0.0	0.0	0.0	0.0	0.0	0.0	0.0	0.0	9.41127872467041	35.33685302734375	45.747928619384766	25.503253936767578	232.2682342529297	294.7353515625	322.1451416015625	266.8468017578125	341.3660583496094	394.5392761230469	376.6060485839844	225.2190704345703	423.5890197753906	520.583984375	386.0788879394531	225.45574951171875	114.74555969238281	139.0651397705078	152.38980102539062	180.96258544921875	0.0	0.0	0.0	0.0	0.0	0.0	0.0	0.0	0.0	0.0	0.0	0.0	0.0	0.0	0.0	0.0	8.442198753356934	449.241455078125	667.2138671875	304.2268981933594	659.9249267578125	1203.44677734375	1184.077880859375	472.92645263671875	511.5885925292969	517.8069458007812	841.3700561523438	675.2066040039062	1044.77001953125	1231.15625	1173.686279296875	369.08251953125	400.31121826171875	541.5638427734375	560.2595825195312	330.7674255371094	669.8903198242188	759.8865966796875	726.2066650390625	440.2653503417969	800.7119750976562	946.8775024414062	728.7864379882812	445.8761901855469	485.9883117675781	625.611572265625	639.4146118164062	380.7087707519531	84.47135162353516	0.0	44.86625671386719	54.44449996948242	197.15676879882812	58.91740798950195	23.100934982299805	99.59623718261719	90.09721374511719	8.253701210021973	0.0	24.109453201293945	0.0	0.0	0.0	85.7592544555664	503.6604309082031	942.7061157226562	865.9688110351562	361.8372497558594	573.590576171875	577.0654907226562	235.0460205078125	117.15863037109375	895.7378540039062	1047.189453125	858.2880859375	497.3533630371094	511.3578796386719	521.5072021484375	170.31797790527344	127.9319839477539	0.4010418951511383	29.378320693969727	20.428590774536133	0.0	74.71976470947266	55.76361083984375	350.77447509765625	342.0181579589844	44.6906623840332	0.0	0.0	94.0518798828125	239.12672424316406	301.595703125	270.250244140625	228.11192321777344	398.14617919921875	344.13507080078125	145.5337371826172	235.33721923828125	53.247962951660156	267.61328125	357.23590087890625	250.2229766845703	205.46707153320312	364.3606872558594	262.8855895996094	119.31607055664062	0.0	0.0	162.72264099121094	123.70916748046875	0.0	0.0	0.0	51.54276657104492	228.78350830078125	304.361572265625	223.226318359375	29.887943267822266	51.69919204711914	0.0	28.020824432373047	186.69381713867188	366.9604797363281	389.5146484375	258.70623779296875	169.66046142578125
354.4721374511719	801.29931640625	631.8589477539062	710.7341918945312	354.6465148925781	322.3328552246094	700.501708984375	1131.1890869140625	615.1531372070312	806.9688110351562	1075.10302734375	1238.04052734375	837.122802734375	900.7879638671875	828.7530517578125	766.04931640625	551.6746215820312	502.5753173828125	501.27691650390625	391.8635559082031	247.2183837890625	598.5894165039062	841.7827758789062	573.383056640625	491.23846435546875	628.7184448242188	727.1058959960938	398.3889465332031	585.4542846679688	601.69189453125	623.9559326171875	469.5321044921875	241.6824188232422	393.56341552734375	208.4366455078125	119.5667724609375	448.0755920410156	458.0276794433594	188.26246643066406	165.5603485107422	0.0	3.2029383182525635	182.81137084960938	213.5850830078125	22.537240982055664	83.16680145263672	67.78273010253906	40.63136672973633	273.1458435058594	325.2920837402344	261.56524658203125	106.62246704101562	0.0	74.03223419189453	144.8029022216797	0.0	71.61979675292969	172.22352600097656	173.98838806152344	0.0	253.53524780273438	233.51116943359375	175.50921630859375	96.53958892822266	0.0	0.0	0.0	18.70125389099121	0.0	0.0	0.0	106.5108871459961	0.0	0.0	0.0	84.13349914550781	0.0	0.0	16.83461570739746	56.79305648803711	31.655132293701172	1.3052512407302856	64.80567932128906	4.57224178314209	0.0	0.0	20.936349868774414	0.0	0.0	21.409337997436523	0.0	0.0	1.1228255033493042	33.44862747192383	96.76449584960938	0.0	0.0	0.0	0.0	0.0	0.0	0.0	0.0	0.0	0.0	0.0	0.0	18.967058181762695	0.0	0.0	0.0	19.089153289794922	138.53634643554688	262.7663879394531	259.6246032714844	186.1219482421875	150.7212371826172	183.24937438964844	297.42474365234375	230.3704833984375	136.14208984375	215.5540771484375	294.5281066894531	200.78321838378906	399.6227111816406	417.01068115234375	457.0066223144531	362.2559814453125	0.0	0.0	0.0	0.0	0.0	0.0	0.0	0.0	0.0	0.0	0.0	0.0	0.0	0.0	0.0	0.0	878.9428100585938	1428.8934326171875	1349.2884521484375	557.7583618164062	1093.4896240234375	1274.910888671875	891.6915283203125	250.24539184570312	42.111202239990234	311.83203125	465.54693603515625	443.1091003417969	446.5789794921875	703.2251586914062	627.84130859375	235.6176300048828	676.0286865234375	883.3399047851562	938.2412109375	542.7067260742188	391.6585388183594	611.2139282226562	611.1353759765625	333.7733154296875	361.374755859375	619.7709350585938	643.2997436523438	329.69256591796875	936.655029296875	1090.387451171875	1126.14111328125	818.663818359375	0.0	0.0	71.7125473022461	81.90319061279297	54.34659194946289	17.90535545349121	90.77192687988281	71.92510986328125	72.1482925415039	0.0	33.4183235168457	0.0	147.7393035888672	23.66718292236328	144.20980834960938	67.87921142578125	966.6995239257812	1055.188720703125	886.2412719726562	348.1500549316406	275.23095703125	211.16085815429688	126.62968444824219	94.86746215820312	208.05020141601562	403.23236083984375	384.2022399902344	210.7903289794922	913.37939453125	989.8087158203125	671.3431396484375	327.0502624511719	150.71572875976562	106.00550842285156	489.67840576171875	392.06414794921875	112.17989349365234	116.28482055664062	613.1237182617188	471.4919128417969	0.0	0.0	200.60183715820312	106.1334228515625	125.23236846923828	0.0	199.6465606689453	41.341617584228516	130.36073303222656	41.873355865478516	245.748779296875	305.6115417480469	245.900634765625	496.97418212890625	444.1107177734375	299.1752014160156	463.5951843261719	483.1083679199219	260.1876525878906	96.22602081298828	303.21807861328125	140.99339294433594	63.14204406738281	162.15982055664062	0.0	115.88628387451172	101.99020385742188	109.20333862304688	346.02935791015625	408.21136474609375	203.98727416992188	120.9632568359375	0.0	3.2046163082122803	105.7292709350586	197.16880798339844	0.0	54.97120666503906	75.94163513183594	163.48289489746094
227.47305297851562	422.230712890625	1010.5159912109375	886.5626220703125	116.73068237304688	535.4806518554688	1082.0809326171875	499.1346740722656	290.3680419921875	482.2431640625	309.6487731933594	537.6795654296875	300.9710998535156	236.7533721923828	981.8216552734375	988.8405151367188	124.9466552734375	704.5576171875	687.756591796875	389.97564697265625	177.990966796875	519.72998046875	394.9862060546875	340.40765380859375	172.27139282226562	379.3221740722656	617.8935546875	343.0711975097656	292.2378234863281	695.7301025390625	1017.526123046875	545.9807739257812	216.01712036132812	139.7686767578125	215.9595184326172	207.12539672851562	0.0	194.5655975341797	253.80543518066406	99.79624938964844	138.0516815185547	223.0519561767578	97.70858001708984	117.12289428710938	0.0	0.0	219.71127319335938	157.60406494140625	123.5357666015625	132.30128479003906	135.79544067382812	74.87487030029297	126.67538452148438	151.0074005126953	93.59188079833984	19.018455505371094	27.115659713745117	80.15789794921875	154.123046875	70.44671630859375	284.3649597167969	349.1881103515625	332.4866943359375	103.59660339355469	0.0	0.0	0.0	106.6885757446289	0.0	0.0	62.2499885559082	102.16532135009766	0.0	0.0	0.0	30.77792739868164	0.0	0.0	0.0	102.4248046875	0.0	2.67724871635437	18.728553771972656	30.227558135986328	32.67003631591797	52.19855499267578	15.72961139678955	32.415836334228516	0.0	23.143918991088867	50.581912994384766	0.0	81.02249145507812	97.58790588378906	68.0068130493164	50.59938430786133	0.0	0.0	2.371344566345215	0.0	0.0	0.0	0.0	26.77246856689453	0.0	0.0	8.414176940917969	0.0	0.0	0.0	0.0	0.0	97.82978820800781	231.9833984375	240.54212951660156	156.58718872070312	89.09465789794922	227.01768493652344	418.80389404296875	265.72381591796875	247.95065307617188	336.7486572265625	213.1654815673828	163.44044494628906	335.5025329589844	599.4990844726562	494.0650634765625	291.10845947265625	0.0	0.0	0.0	0.0	0.0	0.0	0.0	0.0	0.0	0.0	0.0	0.0	0.0	0.0	0.0	0.0	612.8304443359375	930.807861328125	731.6478271484375	438.65521240234375	203.30162048339844	645.2109985351562	723.6328735351562	560.3233032226562	392.6372375488281	895.7595825195312	835.981689453125	232.03794860839844	541.547119140625	363.8915100097656	227.2958526611328	343.1180419921875	441.36767578125	752.4956665039062	737.2137451171875	392.31915283203125	311.437744140625	618.6636962890625	760.72998046875	507.7435302734375	455.08587646484375	551.30126953125	562.7031860351562	383.2288513183594	727.7144165039062	1001.0653686523438	865.9271240234375	387.5882568359375	14.900050163269043	31.76158332824707	0.0	0.0	46.83095932006836	49.599159240722656	83.00332641601562	0.0	134.60015869140625	3.818239450454712	112.08465576171875	0.0	87.83451843261719	120.194580078125	41.172855377197266	0.0	555.9853515625	658.527099609375	403.16162109375	352.734619140625	402.2213134765625	505.8199462890625	445.7740478515625	96.58953094482422	375.48614501953125	585.1959228515625	516.945556640625	259.705810546875	774.1229248046875	903.4201049804688	811.37646484375	403.8621826171875	10.369803428649902	241.5926971435547	385.7987060546875	82.00631713867188	0.0	245.20799255371094	114.4736099243164	153.8710174560547	0.0	212.176513671875	486.0653076171875	279.8979187011719	21.835874557495117	0.0	205.85707092285156	75.3504409790039	0.0	308.0005798339844	416.3752136230469	31.0295467376709	77.99972534179688	151.70065307617188	183.8708953857422	269.5844421386719	106.54507446289062	211.03724670410156	438.36651611328125	395.5635070800781	152.75865173339844	446.35455322265625	451.99932861328125	53.70654296875	173.3714141845703	119.14679718017578	146.5060272216797	124.08932495117188	67.85835266113281	85.06593322753906	225.68362426757812	206.5797576904297	40.81464767456055	222.90980529785156	77.32673645019531	125.900390625	0.0	50.271270751953125	65.54440307617188	131.1498260498047
340.5816345214844	788.5984497070312	538.4721069335938	509.8612365722656	814.06884765625	989.283447265625	768.9552001953125	830.4429321289062	403.66986083984375	249.84706115722656	583.060791015625	580.03662109375	32.34077453613281	0.0	396.023681640625	708.2042846679688	563.1591796875	605.6325073242188	580.5111694335938	258.7004699707031	417.1176452636719	658.3641967773438	765.5717163085938	341.9550476074219	241.86474609375	104.61711120605469	382.63201904296875	223.5340576171875	56.10182571411133	186.5968475341797	470.863037109375	242.74803161621094	0.0	69.98628997802734	56.60914993286133	67.65046691894531	144.4107208251953	212.80606079101562	98.02798461914062	107.48553466796875	366.605224609375	345.2742614746094	211.54153442382812	121.10517883300781	185.96812438964844	140.99830627441406	78.83381652832031	104.56864929199219	123.70172882080078	193.10923767089844	133.35214233398438	20.424705505371094	101.30170440673828	149.3032684326172	215.61277770996094	33.77140426635742	205.6358642578125	295.47296142578125	189.00015258789062	0.0	9.534631729125977	109.98948669433594	131.2881317138672	18.950603485107422	0.0	0.0	0.0	25.884546279907227	0.0	0.0	0.0	80.14944458007812	0.0	0.0	0.0	99.39244842529297	0.0	0.0	0.0	105.28036499023438	0.0	0.0	92.38566589355469	44.040008544921875	11.389946937561035	12.870089530944824	56.37369918823242	35.82032012939453	73.00669860839844	12.442299842834473	78.32731628417969	0.0	25.870065689086914	43.67245864868164	10.274323463439941	0.0	0.0	0.0	0.0	0.0	0.0	0.0	0.0	0.0	6.87105655670166	5.32196569442749	13.0923433303833	17.220863342285156	26.235910415649414	5.430141448974609	23.498489379882812	17.836597442626953	188.554931640625	199.13848876953125	255.01463317871094	130.59889221191406	381.87945556640625	399.0801696777344	344.66168212890625	254.3358612060547	123.55152893066406	98.21194458007812	196.7721710205078	137.84698486328125	100.37561798095703	113.61186218261719	174.17225646972656	173.82191467285156	13.69705581665039	0.0	0.0	0.0	0.0	0.0	0.0	0.0	0.0	0.0	0.0	0.0	0.0	0.0	0.0	0.0	31.318084716796875	603.7352294921875	669.0305786132812	172.56884765625	422.46746826171875	867.3787231445312	654.5221557617188	187.91868591308594	1000.8618774414062	1141.906494140625	911.1070556640625	386.43048095703125	303.260498046875	309.85955810546875	268.8731689453125	168.7616729736328	325.83416748046875	446.91192626953125	521.0855712890625	226.84364318847656	846.6441650390625	1102.765625	878.6011962890625	337.5953063964844	466.95697021484375	673.6629638671875	657.8701171875	324.9410705566406	170.99472045898438	299.140625	354.8410949707031	187.5574493408203	97.20585632324219	0.0	81.22382354736328	0.0	189.3464813232422	48.95295715332031	126.1744384765625	0.0	0.0	8.398469924926758	139.72067260742188	15.393183708190918	21.311782836914062	0.0	179.38372802734375	34.330623626708984	490.7047424316406	731.6298217773438	538.6697998046875	71.19255828857422	411.68719482421875	474.2095642089844	496.42791748046875	266.81640625	848.0844116210938	1053.5216064453125	579.7070922851562	120.7635498046875	5.993961334228516	158.24697875976562	187.0430450439453	103.77613067626953	14.74484920501709	38.208675384521484	58.520503997802734	15.238040924072266	107.01246643066406	51.241127014160156	363.630615234375	67.80513000488281	172.22897338867188	226.95310974121094	344.8257141113281	135.5409393310547	0.0	0.0	265.468017578125	90.6186752319336	451.5469970703125	401.5417175292969	299.3833923339844	250.8184356689453	77.73538970947266	233.0362548828125	179.61961364746094	151.30735778808594	0.0	16.689044952392578	113.91385650634766	153.47891235351562	29.075519561767578	110.38807678222656	189.874267578125	195.2522735595703	0.0	0.0	0.0	143.93707275390625	116.83023071289062	166.60052490234375	99.80480194091797	133.52407836914062	262.6963195800781	270.6828308105469	208.33839416503906	155.47140502929688	351.78961181640625	269.9731750488281	25.670093536376953	121.61006164550781
6.496592998504639	14.644112586975098	970.8638916015625	784.8683471679688	9.898947715759277	182.8725128173828	1125.2786865234375	548.8176879882812	13.725733757019043	751.0440063476562	1067.3385009765625	42.59463119506836	10.563287734985352	1022.7417602539062	854.7633666992188	1.0439274311065674	0.0	449.1873779296875	456.68548583984375	205.85931396484375	37.120662689208984	465.2113952636719	336.10064697265625	135.18722534179688	272.3717346191406	444.0334167480469	245.14437866210938	68.86461639404297	434.05426025390625	406.8464050292969	199.88302612304688	6.008236885070801	0.21314334869384766	0.0	154.45640563964844	106.31141662597656	0.0	13.702672958374023	203.81759643554688	69.57353210449219	0.0	167.1887664794922	191.65769958496094	14.937718391418457	0.0	192.16806030273438	145.86380004882812	9.877963066101074	18.019058227539062	70.58440399169922	50.48638153076172	9.223002433776855	33.905277252197266	79.89909362792969	0.0	5.9072585105896	83.14423370361328	54.439064025878906	16.020200729370117	0.0	97.76220703125	0.0	16.483531951904297	0.0	0.0	0.0	3.9666550159454346	40.326045989990234	0.0	0.0	38.853431701660156	30.69386863708496	0.0	0.0	24.372568130493164	33.42160415649414	0.0	6.23480749130249	42.00364685058594	0.07862268388271332	0.0	0.0	0.0	40.1580924987793	0.0	0.0	0.0	0.0	0.0	0.0	6.982681751251221	0.0	0.0	0.0	32.126338958740234	0.0	0.0	0.0	0.0	0.0	0.0	0.0	0.0	35.50125503540039	0.0	0.0	0.0	42.622371673583984	0.0	0.0	43.448707580566406	19.110082626342773	0.0	48.567134857177734	123.66702270507812	108.8891830444336	4.499151229858398	45.90316390991211	134.53402709960938	92.4891357421875	20.320327758789062	118.5180435180664	115.67623138427734	121.46699523925781	76.86113739013672	180.67381286621094	117.47759246826172	33.40196990966797	0.2583255469799042	19.817014694213867	0.0	0.0	0.0	5.854490280151367	0.0	0.0	6.638545513153076	0.0	0.0	32.663490295410156	0.0	0.0	0.0	35.110591888427734	15.825226783752441	115.6165542602539	155.83201599121094	129.23655700683594	54.972007751464844	152.10911560058594	246.7669219970703	119.07150268554688	113.87374877929688	215.56808471679688	210.4665069580078	60.215965270996094	84.65825653076172	200.35769653320312	195.3108673095703	47.79074478149414	26.60800552368164	212.28839111328125	209.6460723876953	217.81056213378906	78.0427474975586	205.34226989746094	164.89837646484375	249.3906707763672	172.70130920410156	198.6640625	188.5440216064453	241.6001434326172	285.2826232910156	283.37982177734375	240.1465301513672	200.02960205078125	0.0	27.87394142150879	62.82366180419922	0.0	0.0	55.05344772338867	91.93124389648438	0.0	7.437916278839111	76.39899444580078	19.16535758972168	0.0	51.36431884765625	79.41415405273438	0.0	0.0	0.0	59.94374084472656	116.78388214111328	32.667476654052734	36.93024826049805	126.80416107177734	125.58419799804688	78.46454620361328	79.77889251708984	113.18226623535156	73.67325592041016	75.69290924072266	154.2932891845703	177.9917755126953	108.37633514404297	32.8077392578125	1.1925934553146362	32.38385772705078	221.66835021972656	12.469708442687988	0.0	195.96170043945312	192.0509490966797	25.32604217529297	0.0	222.492919921875	95.31764221191406	49.20793533325195	77.17859649658203	189.33448791503906	0.0	48.63739013671875	27.603679656982422	229.509033203125	280.06787109375	86.51155853271484	72.396728515625	211.2954559326172	166.1393280029297	0.0	195.36318969726562	215.66397094726562	50.36530685424805	0.0	202.23228454589844	131.01658630371094	0.0	0.0	0.0	0.0	111.56693267822266	175.234375	0.0	0.0	195.2974853515625	160.0003204345703	0.0	74.158203125	184.43191528320312	111.2513656616211	0.0	169.60157775878906	210.82278442382812	54.845611572265625
358.10235595703125	1453.4217529296875	1261.1474609375	73.1449203491211	1327.7945556640625	1577.6689453125	107.9684066772461	487.93853759765625	1222.652099609375	745.9580688476562	927.7166137695312	845.6212768554688	447.9236145019531	271.8274841308594	860.3681030273438	921.9591674804688	711.0833740234375	604.513671875	242.18617248535156	134.81185913085938	627.1445922851562	320.77423095703125	574.0648193359375	718.4317016601562	344.7805480957031	694.0798950195312	781.9490356445312	813.0552978515625	392.44403076171875	706.7095336914062	778.2601928710938	544.6214599609375	0.0	354.8798522949219	302.4963073730469	19.59058380126953	316.1412048339844	348.2881164550781	0.0	0.0	203.82008361816406	45.24296188354492	0.0	127.08683013916016	139.49818420410156	194.84515380859375	392.79571533203125	432.4109802246094	98.55915832519531	21.538188934326172	0.0	0.0	91.9612808227539	1.5279104709625244	28.70318603515625	70.39018249511719	0.0	82.63174438476562	147.55258178710938	189.89797973632812	287.9627380371094	392.0082092285156	248.13330078125	147.43321228027344	0.0	0.0	27.667104721069336	0.0	0.0	0.0	0.0	0.0	0.0	0.0	0.0	0.0	53.031497955322266	74.49066925048828	0.0	60.359779357910156	0.0	0.0	39.7534065246582	0.0	0.0	14.803733825683594	0.0	0.0	39.749061584472656	0.0	0.0	67.49954223632812	112.67009735107422	51.86592483520508	81.59951782226562	83.24134826660156	0.0	0.0	13.47198486328125	10.147039413452148	0.0	0.0	0.0	0.0	0.0	0.0	0.0	0.0	0.0	0.0	6.165218830108643	33.89494323730469	93.10245513916016	171.66294860839844	176.8073272705078	80.82038116455078	200.15261840820312	217.57591247558594	242.15628051757812	300.3309326171875	393.1999816894531	437.8957824707031	467.2367858886719	342.71270751953125	280.98199462890625	384.26861572265625	375.52423095703125	381.7058410644531	24.802867889404297	0.0	0.0	66.61763763427734	0.0	0.0	21.508214950561523	0.0	0.0	0.0	0.0	0.0	0.0	0.0	0.0	0.0	88.73421478271484	596.576904296875	526.60107421875	268.1996765136719	487.81964111328125	564.2913818359375	347.29669189453125	71.18900299072266	407.1437683105469	339.5855407714844	415.6737060546875	510.2037048339844	847.0791015625	1034.1435546875	1198.4725341796875	1127.1767578125	331.88818359375	362.07080078125	394.95684814453125	308.7045593261719	321.62457275390625	394.1683349609375	486.9837951660156	353.8705749511719	719.6384887695312	1006.343994140625	1056.9537353515625	961.6687622070312	805.311279296875	1224.3575439453125	1118.6868896484375	876.2325439453125	58.842796325683594	0.0	0.0	11.185805320739746	125.12104034423828	0.0	0.0	75.6691665649414	170.2089080810547	0.24333412945270538	118.64424133300781	0.0	34.32866668701172	0.0	29.18514633178711	0.0	254.26473999023438	305.8313903808594	280.2701416015625	72.1119384765625	307.77215576171875	154.25485229492188	63.43743896484375	123.4423828125	192.66082763671875	168.478271484375	429.5248718261719	457.1524353027344	952.482666015625	1286.9786376953125	1203.5269775390625	788.5703735351562	217.0302734375	208.3512725830078	34.52204513549805	129.54629516601562	254.75167846679688	98.23284912109375	46.296836853027344	117.13421630859375	235.33338928222656	0.0	80.54234313964844	276.1690673828125	159.05142211914062	168.88209533691406	136.1516571044922	136.91944885253906	446.2546691894531	258.8685607910156	64.48190307617188	246.55886840820312	221.483154296875	156.4695281982422	472.8009948730469	510.53240966796875	179.1566925048828	420.453369140625	530.9600830078125	489.38214111328125	139.75462341308594	272.11981201171875	0.0	0.0	0.0	390.5058288574219	280.7077941894531	120.34542083740234	219.44004821777344	351.8397521972656	77.70867156982422	0.0	196.4033203125	174.34730529785156	0.0	149.69012451171875	72.63916015625	0.0	105.37055969238281	296.7032775878906
255.3340606689453	864.5339965820312	679.9640502929688	327.0473937988281	470.3131408691406	765.26708984375	799.1561279296875	561.3341064453125	122.93021392822266	169.37646484375	485.0704650878906	450.9678955078125	34.71931838989258	53.505584716796875	345.1982727050781	731.0977172851562	568.2064208984375	538.890625	376.8278503417969	210.08688354492188	246.66551208496094	615.4410400390625	610.5380249023438	292.10284423828125	185.4776611328125	105.48844909667969	435.89764404296875	225.07635498046875	0.0	170.5264892578125	526.0663452148438	289.6855773925781	0.0	88.41747283935547	83.09742736816406	44.700340270996094	171.0493927001953	125.99366760253906	37.5316047668457	59.24492263793945	257.5209655761719	305.8486633300781	179.79319763183594	69.05667114257812	88.59922790527344	115.20684051513672	47.60840606689453	48.97382736206055	144.27012634277344	138.5481719970703	77.44998168945312	9.49125862121582	105.1108169555664	288.8443908691406	175.33868408203125	36.235496520996094	87.90304565429688	185.4126434326172	129.79571533203125	20.667200088500977	0.0	101.3750991821289	158.77359008789062	3.8629581928253174	0.0	0.0	0.0	24.014368057250977	0.0	0.0	40.83262252807617	26.555259704589844	0.0	0.0	0.0	68.15363311767578	0.0	0.0	0.0	85.42034912109375	23.945262908935547	13.249029159545898	32.56829071044922	14.476144790649414	37.06553268432617	113.68502044677734	26.724855422973633	11.8787260055542	41.193145751953125	8.439034461975098	110.70133209228516	0.0	0.0	28.880115509033203	25.74561309814453	0.0	0.0	0.0	0.0	0.0	0.0	0.0	0.0	0.0	1.770601511001587	0.0	17.027015686035156	0.0	13.060149192810059	0.0	25.066850662231445	18.016014099121094	107.19564819335938	210.57733154296875	248.68240356445312	31.758203506469727	199.7270965576172	385.43304443359375	371.5659484863281	195.03085327148438	112.01422119140625	170.45166015625	153.475830078125	142.0343475341797	42.88768768310547	97.38128662109375	180.96194458007812	222.151123046875	0.0	0.0	0.0	6.618766784667969	0.0	0.0	0.0	0.0	0.0	0.0	0.0	0.0	0.0	0.0	0.0	0.0	176.6313934326172	646.931640625	378.634033203125	49.660308837890625	572.6942138671875	669.4871215820312	201.4666290283203	80.72356414794922	600.7938842773438	967.58544921875	839.8043212890625	207.11932373046875	98.86466979980469	248.151123046875	299.8083801269531	126.3761215209961	467.6142883300781	525.0948486328125	402.13848876953125	73.75074768066406	683.3059692382812	943.3692626953125	746.9046630859375	251.4474334716797	348.32550048828125	594.5208740234375	565.442138671875	323.5249938964844	71.53002166748047	243.44735717773438	376.9657287597656	296.1026916503906	70.03803253173828	33.36836242675781	65.33673095703125	0.0	73.11530303955078	129.45266723632812	117.40419006347656	0.0	0.0	0.0	161.5421905517578	14.176451683044434	32.17478942871094	33.149173736572266	183.1746063232422	78.1076889038086	488.5783386230469	531.3536987304688	295.4911193847656	0.0	462.2674255371094	570.4894409179688	460.7237548828125	130.8109130859375	519.7761840820312	762.1038208007812	502.17767333984375	87.4844741821289	8.232563018798828	178.32789611816406	174.04824829101562	93.73371887207031	19.1147518157959	113.94514465332031	48.15475845336914	44.90988540649414	57.9134407043457	167.43548583984375	262.0989074707031	18.533111572265625	45.55778884887695	207.56787109375	409.0409240722656	147.56434631347656	0.0	0.0	310.2520446777344	100.27334594726562	346.4803466796875	339.06494140625	230.6072540283203	98.62064361572266	0.0	215.5445098876953	236.92019653320312	215.1630401611328	0.0	0.0	160.68814086914062	254.0655975341797	0.0	135.95684814453125	245.9286346435547	225.87506103515625	0.0	0.0	97.71753692626953	128.65264892578125	149.7421417236328	73.01345825195312	68.83749389648438	122.80904388427734	205.4669952392578	273.292724609375	126.43750762939453	127.26821899414062	185.79351806640625	225.13198852539062	24.316383361816406	110.44075775146484
36.68843460083008	1204.8302001953125	1501.0777587890625	605.6389770507812	983.2114868164062	1522.2608642578125	797.588134765625	667.8140869140625	1450.7879638671875	958.305908203125	1008.4637451171875	701.9886474609375	677.5009155273438	832.4393310546875	918.2929077148438	641.1594848632812	690.3961181640625	719.6456909179688	463.61212158203125	416.78619384765625	629.1893310546875	578.1707153320312	671.789306640625	811.3386840820312	584.9591674804688	690.5510864257812	789.0928344726562	688.262451171875	673.5761108398438	722.4039306640625	633.884521484375	110.896240234375	0.0	320.127197265625	381.9442138671875	95.30622100830078	260.6289367675781	353.25628662109375	92.72270202636719	0.0	280.2718200683594	63.382686614990234	23.238605499267578	364.26666259765625	125.19883728027344	410.42523193359375	478.46038818359375	374.1624755859375	145.87937927246094	111.76676177978516	65.23729705810547	0.0	122.9496078491211	0.0	130.88259887695312	297.12188720703125	0.0	51.711341857910156	131.99635314941406	180.6973419189453	363.221923828125	297.5906677246094	210.0923309326172	51.0357780456543	0.0	0.0	0.0	0.0	0.0	0.0	0.0	0.0	0.0	0.0	0.0	0.0	28.141563415527344	3.9744255542755127	42.17034912109375	89.48014831542969	0.0	0.0	54.8476448059082	1.0749574899673462	0.0	19.9473819732666	24.625829696655273	32.39129638671875	52.98480987548828	25.299928665161133	0.0	0.0	61.104393005371094	36.39872360229492	8.592216491699219	75.28846740722656	0.0	0.0	0.0	0.0	0.0	0.0	0.0	0.0	0.0	0.0	0.0	12.188506126403809	0.0	27.050750732421875	59.23115539550781	52.48740768432617	111.92942810058594	138.13278198242188	272.3343505859375	220.19644165039062	101.83642578125	290.5004577636719	336.9268798828125	336.7093200683594	367.95135498046875	487.52520751953125	443.3312072753906	384.95660400390625	327.2733459472656	361.0698547363281	343.6332702636719	256.8593444824219	22.829933166503906	0.0	0.0	0.0	0.0	0.0	0.0	0.0	0.0	0.0	0.0	0.0	0.0	0.0	0.0	0.0	89.67388153076172	437.5898132324219	730.7061767578125	501.8018798828125	423.11474609375	777.114501953125	646.746337890625	347.7460021972656	590.5888671875	460.083251953125	470.8100280761719	785.9288330078125	839.6766357421875	1203.8897705078125	1296.2183837890625	1011.9061889648438	324.8418884277344	396.3973083496094	509.1782531738281	515.6541748046875	282.0997009277344	483.2941589355469	679.7020874023438	795.8698120117188	779.2012329101562	1104.9515380859375	1147.6588134765625	1098.543212890625	1019.02734375	1130.1973876953125	900.5234375	811.5817260742188	73.75987243652344	40.97596740722656	0.0	16.0665225982666	64.1299819946289	25.26814079284668	0.0	0.0	219.4163055419922	66.35999298095703	31.86578369140625	0.0	126.12886810302734	3.3831746578216553	0.0	0.0	152.94589233398438	420.5716552734375	379.58294677734375	213.76426696777344	294.0251159667969	357.7061462402344	422.3902587890625	703.2265625	303.73602294921875	319.2552490234375	558.979248046875	681.1757202148438	1149.6566162109375	1194.7802734375	993.9059448242188	742.0707397460938	76.35653686523438	222.79861450195312	191.17230224609375	151.63546752929688	160.3929901123047	102.37041473388672	43.19343185424805	48.47833251953125	114.28812408447266	131.72744750976562	219.06214904785156	227.3540496826172	140.11329650878906	171.0806427001953	194.2766571044922	233.86465454101562	493.8692321777344	547.7312622070312	168.54750061035156	392.7869567871094	397.564453125	216.5430145263672	477.5342712402344	464.3579406738281	264.2129211425781	374.3479309082031	416.03045654296875	85.49040985107422	220.0250244140625	92.01783752441406	0.0	0.0	0.0	65.63639831542969	238.89089965820312	138.20001220703125	86.15991973876953	311.65142822265625	191.2113037109375	0.0	237.65261840820312	123.19481658935547	118.5806655883789	312.3994445800781	0.0	111.58190155029297	387.5195007324219	394.11590576171875
218.37008666992188	258.4588623046875	529.5073852539062	1231.5050048828125	793.1475219726562	861.2278442382812	609.5272216796875	1094.9287109375	752.7432250976562	380.8780517578125	1439.2762451171875	1211.2005615234375	169.90675354003906	1364.3770751953125	1437.1468505859375	287.97796630859375	609.72802734375	792.2405395507812	909.9526977539062	937.8965454101562	665.3775634765625	579.7138671875	534.5825805664062	440.9062805175781	183.0485382080078	793.5104370117188	828.7119750976562	433.738037109375	847.8961791992188	793.969970703125	408.31298828125	78.2024154663086	0.0	0.0	0.0	174.52499389648438	338.414306640625	466.2445373535156	209.40277099609375	351.4512634277344	383.1334228515625	202.87820434570312	305.3435974121094	284.6869812011719	31.68620491027832	335.35223388671875	348.5094909667969	74.4955825805664	84.04672241210938	193.1802215576172	285.5552673339844	223.21453857421875	326.27410888671875	343.2264404296875	333.04144287109375	5.576389789581299	0.0	112.42800903320312	54.02274703979492	25.171749114990234	134.59719848632812	102.45433807373047	0.0	0.0	0.0	0.0	0.0	0.7634621858596802	0.0	0.0	0.0	30.84252166748047	0.0	0.0	7.353861331939697	92.10169982910156	0.0	0.0	25.372339248657227	33.829383850097656	0.0	1.3652149438858032	75.55827331542969	43.226436614990234	0.0	23.58812713623047	89.64631652832031	25.115684509277344	0.0	21.25499153137207	0.0	40.25634765625	28.075031280517578	0.0	57.52238845825195	28.49750518798828	0.0	0.0	0.0	0.0	0.0	0.0	0.0	0.0	0.0	0.0	9.922794342041016	44.229251861572266	0.0	0.0	0.0	64.6218490600586	350.24176025390625	324.6712951660156	369.186767578125	318.681640625	222.6805419921875	255.18809509277344	224.80929565429688	160.80784606933594	168.43634033203125	264.9933166503906	294.2601318359375	275.9538879394531	301.5001525878906	249.72923278808594	257.4285888671875	161.92889404296875	16.863492965698242	0.0	0.0	0.0	0.0	0.0	0.0	0.0	0.0	0.0	0.0	0.0	0.0	0.0	0.0	35.98638916015625	166.7394561767578	117.4430160522461	112.21751403808594	395.08367919921875	840.28125	1496.7615966796875	1332.2406005859375	925.5263061523438	962.406005859375	902.8375854492188	319.42156982421875	389.1622314453125	318.5515441894531	396.6975402832031	625.0648193359375	394.33441162109375	543.865478515625	731.2824096679688	779.826904296875	668.2657470703125	740.3517456054688	994.6663818359375	940.9588012695312	676.4930419921875	486.8438415527344	757.2266845703125	577.987060546875	390.8728942871094	622.5675659179688	587.0191040039062	499.3930358886719	414.79876708984375	132.798095703125	128.91317749023438	54.41516876220703	49.04417037963867	71.43233489990234	0.0	0.0	0.0	88.9058609008789	5.42528772354126	0.0	0.0	109.44115447998047	0.0	0.0	0.0	4.515603065490723	405.51312255859375	761.6196899414062	669.537109375	783.3213500976562	1249.4205322265625	1140.4090576171875	443.83184814453125	467.8503112792969	217.4884033203125	328.87750244140625	209.4781494140625	194.2986297607422	442.8970642089844	348.66058349609375	158.84298706054688	0.0	0.0	0.0	83.33333587646484	180.17318725585938	17.70139503479004	548.0214233398438	460.84417724609375	210.47787475585938	145.81851196289062	332.04376220703125	140.47988891601562	15.890138626098633	278.5904846191406	153.60086059570312	106.91266632080078	522.61376953125	488.4176330566406	454.9532775878906	437.695556640625	369.05133056640625	122.25177764892578	248.01254272460938	102.19296264648438	198.2121124267578	600.8163452148438	454.9059143066406	0.0	562.91357421875	504.1333923339844	0.0	24.68107032775879	0.0	0.0	0.0	67.92191314697266	61.332149505615234	297.9300537109375	212.14749145507812	328.99102783203125	326.55572509765625	361.7726745605469	300.1011657714844	295.8447570800781	76.677734375	222.31088256835938	383.9447937011719	222.65965270996094
103.04853057861328	569.6585693359375	787.9556274414062	599.1741943359375	402.1988525390625	758.049560546875	958.92626953125	854.2750854492188	312.5113525390625	406.8548583984375	1050.2010498046875	883.5977783203125	31.158472061157227	0.0	522.1705932617188	568.6626586914062	369.1754455566406	530.6884155273438	503.4016418457031	201.4046173095703	337.471923828125	589.78759765625	724.5162963867188	305.7242736816406	254.22903442382812	482.263427734375	628.4154052734375	281.47918701171875	25.121723175048828	295.28265380859375	516.7444458007812	268.37939453125	0.0	60.14923095703125	124.27759552001953	78.76988220214844	23.80348777770996	54.453975677490234	118.2183609008789	71.65174102783203	195.8304901123047	139.46224975585938	191.185546875	67.65232849121094	262.40545654296875	266.163330078125	120.5295639038086	44.07670593261719	94.24375915527344	54.20793151855469	47.48196792602539	0.0	87.46630096435547	83.09539794921875	0.0	0.0	142.6549072265625	233.66064453125	143.02159118652344	48.38816833496094	0.0	113.02985382080078	189.29205322265625	57.78895568847656	0.0	0.0	0.0	81.2426986694336	0.0	0.0	0.0	116.91615295410156	0.0	31.379140853881836	0.0	74.96928405761719	0.0	0.0	19.730493545532227	126.69745635986328	15.257158279418945	0.0	8.198418617248535	0.0	26.178508758544922	0.0	19.36685562133789	0.0	72.83518981933594	76.53514099121094	81.71148681640625	0.0	10.33211898803711	55.95753479003906	70.94725799560547	0.0	0.0	0.0	0.0	0.14947167038917542	0.0	0.0	0.0	0.0	0.0	0.0	0.0	6.077404022216797	28.845155715942383	0.0	0.0	7.463826656341553	119.0478744506836	116.53446197509766	176.1933135986328	43.97755432128906	180.20570373535156	376.9580993652344	334.8563537597656	115.86726379394531	113.79023742675781	257.7769470214844	301.6557312011719	167.4153289794922	103.94100189208984	178.5527801513672	209.6677703857422	253.17161560058594	0.0	0.0	0.0	0.0	0.0	0.0	0.0	0.0	0.0	0.0	0.0	0.0	0.0	0.0	0.0	0.0	52.72389602661133	372.8667907714844	244.89381408691406	133.57321166992188	234.31300354003906	415.5503234863281	229.05813598632812	73.83246612548828	693.1790161132812	969.268310546875	778.52685546875	231.0560760498047	467.2255859375	1001.4962768554688	837.939453125	143.60110473632812	174.77398681640625	269.31915283203125	296.2333679199219	167.05604553222656	533.8580322265625	824.3369750976562	722.2313842773438	159.572265625	447.73883056640625	805.9585571289062	764.1181640625	235.65867614746094	300.5658874511719	614.56396484375	656.6533203125	411.8423156738281	115.93849182128906	0.0	104.92817687988281	0.0	168.8131561279297	135.3478546142578	143.38597106933594	0.0	20.78322410583496	0.0	149.72840881347656	0.0	32.17658615112305	0.0	202.94383239746094	20.953969955444336	181.0019989013672	280.62078857421875	197.24729919433594	0.0	183.37863159179688	243.38339233398438	92.05904388427734	0.0	540.1724853515625	731.865966796875	547.615478515625	84.81475830078125	199.1498565673828	331.7904052734375	236.621337890625	211.6761932373047	69.14047241210938	110.9294662475586	257.94921875	52.74066925048828	99.20728302001953	0.0	226.12713623046875	46.49200439453125	94.27114868164062	180.97142028808594	355.6229553222656	0.16060993075370789	0.0	170.66610717773438	454.48944091796875	35.0245475769043	228.3406524658203	251.45071411132812	174.90586853027344	229.4212646484375	133.03231811523438	288.30230712890625	205.2596435546875	247.7170867919922	0.0	195.88584899902344	175.873046875	245.4476318359375	0.0	102.88321685791016	134.007568359375	217.95684814453125	0.0	45.76614761352539	1.9800913333892822	158.20962524414062	0.0	85.25183868408203	66.9002685546875	172.63902282714844	131.47349548339844	0.0	5.562015533447266	164.1912841796875	247.28067016601562	198.5010223388672	45.04204177856445	128.16415405273438
10.478899002075195	271.0187683105469	1181.117919921875	785.4042358398438	14.44816780090332	609.1276245117188	1251.4019775390625	655.048095703125	20.394147872924805	831.4600219726562	1250.544189453125	285.1990051269531	54.142662048339844	785.4017333984375	1074.6837158203125	280.56689453125	20.8767032623291	601.3847045898438	546.2547607421875	297.0227355957031	123.05325317382812	601.154541015625	548.4801635742188	266.5957946777344	174.01080322265625	528.4779663085938	416.8633117675781	236.36178588867188	223.4967041015625	561.4730834960938	441.4276428222656	184.3914337158203	0.0	0.0	142.74398803710938	95.8076171875	0.0	23.762310028076172	215.2223663330078	55.47364044189453	0.0	118.7567367553711	261.79473876953125	19.551986694335938	0.0	58.124454498291016	172.43295288085938	8.482358932495117	52.66798400878906	106.59192657470703	51.797637939453125	0.0	80.4363784790039	136.8446807861328	2.652972936630249	0.0	113.25119018554688	71.23489379882812	0.0	0.0	123.22041320800781	137.73336791992188	9.590234756469727	0.0	0.0	0.0	0.0	43.703224182128906	0.0	0.0	28.377016067504883	80.71747589111328	0.0	0.0	54.73225402832031	70.17664337158203	0.0	0.0	92.020263671875	45.32942581176758	0.0	0.0	0.0	2.925495147705078	0.0	0.0	0.0	0.0	7.895904064178467	0.0	0.0	0.0	8.695734024047852	0.0	0.0	6.717001914978027	0.0	0.0	0.0	8.60110855102539	0.0	0.0	0.0	39.45408630371094	0.0	0.0	0.0	33.12403106689453	0.0	0.0	19.99130630493164	18.749404907226562	0.0	79.38028717041016	149.1251678466797	124.56043243408203	0.0	162.57028198242188	171.45631408691406	141.0876922607422	0.0	207.8289031982422	210.73480224609375	120.3392105102539	72.6712646484375	299.62933349609375	275.9438171386719	143.32293701171875	0.0	0.0	0.0	0.0	0.0	0.0	0.0	31.98928451538086	0.0	0.0	0.0	37.55280303955078	0.0	0.0	0.0	23.224599838256836	78.00888061523438	205.55960083007812	240.96702575683594	127.55565643310547	91.7126235961914	268.6685791015625	313.88641357421875	138.52093505859375	192.45704650878906	395.8010559082031	412.5859069824219	114.45708465576172	278.0323486328125	369.6630554199219	269.4291076660156	60.87935256958008	111.04932403564453	313.5787353515625	353.702392578125	243.76641845703125	168.55897521972656	326.43310546875	335.45562744140625	308.27630615234375	249.59303283691406	395.63232421875	337.3752746582031	301.8404541015625	428.6642150878906	681.8128051757812	570.6605224609375	389.9039611816406	0.0	63.6839485168457	185.89146423339844	0.0	0.0	130.35935974121094	147.13589477539062	0.0	0.0	188.39161682128906	136.00819396972656	0.0	0.0	216.1251220703125	100.43949127197266	0.0	64.92431640625	150.7412872314453	184.69862365722656	15.05544376373291	104.72489166259766	269.7803039550781	256.4847412109375	48.35935592651367	205.43931579589844	238.20408630371094	120.84007263183594	41.37084197998047	265.6532287597656	326.1261291503906	249.41380310058594	59.77817153930664	0.0	148.4474334716797	322.22332763671875	0.0	0.0	249.97100830078125	324.244873046875	28.7806453704834	0.0	268.2026062011719	228.91506958007812	79.64733123779297	0.0	286.7193298339844	125.30463409423828	20.879638671875	72.97763061523438	331.60546875	427.3320007324219	163.73110961914062	93.76799011230469	241.69471740722656	260.87750244140625	0.0	62.47202682495117	214.95460510253906	236.91876220703125	0.0	42.500244140625	233.27342224121094	211.7497100830078	0.0	0.0	0.0	95.75969696044922	177.2440185546875	0.0	0.0	153.8801727294922	164.7720947265625	0.0	32.19253158569336	212.7034454345703	161.93101501464844	0.0	0.0	147.8916473388672	132.8831024169922
56.14973449707031	569.5167846679688	905.6480102539062	494.7703552246094	265.6308288574219	432.9418640136719	892.1734008789062	438.1519470214844	237.0345458984375	325.54339599609375	991.6856689453125	595.1492309570312	71.44011688232422	23.621633529663086	878.3064575195312	371.1103820800781	320.0683288574219	606.0860595703125	454.0419006347656	223.84310913085938	365.84912109375	847.9844970703125	743.8164672851562	587.2393798828125	426.1210021972656	785.6419067382812	711.5831909179688	411.7982482910156	99.9684829711914	588.43798828125	431.82427978515625	263.9686584472656	18.150365829467773	153.54974365234375	185.56707763671875	36.21062088012695	221.70556640625	282.2366943359375	181.87557983398438	0.6077001094818115	157.6650390625	170.22348022460938	300.93695068359375	224.0827178955078	324.69219970703125	203.97145080566406	331.7613220214844	200.75033569335938	155.32858276367188	192.5271453857422	161.8149871826172	0.0	0.0	52.35207748413086	65.33023834228516	17.608190536499023	289.4083557128906	321.78082275390625	271.0446472167969	197.0685577392578	49.02524948120117	164.3593292236328	25.443992614746094	31.024267196655273	0.0	0.0	0.0	43.09751510620117	0.0	0.0	67.56967163085938	69.39157104492188	0.0	0.0	14.449179649353027	68.7198486328125	0.0	0.0	66.74447631835938	60.57654571533203	8.877784729003906	19.695064544677734	10.051387786865234	21.558753967285156	0.0	43.065921783447266	10.207060813903809	0.0	47.834129333496094	63.04471969604492	66.06066131591797	33.043212890625	37.05149841308594	37.42470169067383	0.0	26.55196762084961	0.0	0.0	0.0	0.0	0.0	0.0	0.0	0.0	0.0	0.0	0.0	16.631961822509766	20.6439266204834	0.0	9.874150276184082	54.39360427856445	70.30618286132812	176.83694458007812	256.886962890625	81.44171905517578	351.817626953125	467.4470520019531	468.9874267578125	333.3720703125	238.55860900878906	370.82818603515625	324.2536315917969	188.21762084960938	118.73319244384766	239.97706604003906	301.4275207519531	216.74742126464844	0.0	0.0	0.0	21.862735748291016	0.0	0.0	0.0	0.0	0.0	0.0	0.0	0.0	0.0	0.0	0.0	28.605566024780273	332.855224609375	886.9707641601562	710.7730712890625	217.630859375	603.5039672851562	971.6771850585938	633.8243408203125	155.80679321289062	860.74755859375	1035.1090087890625	891.866455078125	774.572265625	1061.6910400390625	1137.812744140625	700.3685913085938	443.7691955566406	355.36322021484375	564.9419555664062	497.12225341796875	205.06304931640625	658.2788696289062	770.8612060546875	660.3316040039062	551.685302734375	662.1722412109375	732.0702514648438	585.4370727539062	480.3579406738281	652.689697265625	775.7705688476562	659.7201538085938	477.9631042480469	0.0	0.0	95.60093688964844	0.0	130.62696838378906	38.61112594604492	175.5614013671875	0.0	0.0	0.0	100.16605377197266	0.0	16.200700759887695	76.24960327148438	224.21026611328125	0.0	549.8117065429688	695.5347900390625	501.3201599121094	22.808181762695312	275.8291015625	318.95074462890625	119.63172149658203	41.17401885986328	985.1190795898438	961.7330932617188	745.5487060546875	552.5518188476562	240.41172790527344	179.0166778564453	171.57608032226562	73.17304229736328	19.555788040161133	248.2395477294922	326.7601623535156	52.22673416137695	0.0	344.0157165527344	411.0592956542969	107.23048400878906	7.061507225036621	170.6953887939453	159.0077362060547	174.0394287109375	143.66879272460938	460.3778991699219	401.2640075683594	171.58494567871094	156.63624572753906	212.8330841064453	216.32566833496094	170.9010009765625	189.626708984375	322.32843017578125	386.988037109375	294.5502624511719	178.23562622070312	282.80322265625	392.7668151855469	176.05287170410156	37.54970169067383	164.24766540527344	164.60238647460938	64.5619125366211	0.0	0.0	136.81797790527344	162.5465545654297	107.96041107177734	181.5099639892578	82.6842269897461	42.79848861694336	0.0	0.0	142.30113220214844	230.46873474121094	271.1502685546875	159.45579528808594	402.9047546386719	368.4178161621094
15.397696495056152	851.4765625	1042.5023193359375	263.0496826171875	91.64248657226562	1058.5740966796875	767.89892578125	611.4631958007812	132.29937744140625	352.4630126953125	1036.7174072265625	642.0355224609375	51.20655822753906	118.6275634765625	1006.5098266601562	388.61993408203125	440.135986328125	544.5078125	442.2947082519531	190.48269653320312	387.31695556640625	552.8212280273438	568.3121948242188	289.80517578125	79.91397857666016	565.1572875976562	524.4446411132812	268.0345764160156	51.737178802490234	601.172607421875	417.8773193359375	148.88050842285156	0.0	38.50901412963867	99.31031799316406	15.398747444152832	45.38898849487305	168.88441467285156	58.276527404785156	76.02973937988281	135.04014587402344	90.43476867675781	195.11061096191406	36.232112884521484	133.4535369873047	93.50895690917969	213.5049591064453	76.24026489257812	107.69550323486328	100.87724304199219	39.70615005493164	0.0	172.593994140625	86.75071716308594	46.76003646850586	0.0	88.5850601196289	149.75299072265625	165.37806701660156	7.214416027069092	9.946685791015625	109.48295593261719	0.0	0.0	0.0	0.0	0.0	31.82171058654785	0.0	0.0	47.21998596191406	84.30955505371094	0.0	0.0	52.79541015625	118.0848388671875	0.0	0.0	114.3579330444336	82.02638244628906	3.2890989780426025	0.0	20.761737823486328	28.805814743041992	6.429001331329346	2.744758367538452	29.519617080688477	12.887578964233398	0.0	72.3934555053711	29.448348999023438	0.0	0.0	33.38420486450195	0.0	2.863049268722534	0.0	0.0	0.0	0.0	0.0	0.0	0.0	0.0	0.0	0.0	0.0	0.0	0.0	0.0	0.0	40.39927291870117	89.21292877197266	192.59071350097656	234.8949432373047	67.08297729492188	38.574615478515625	318.5773620605469	250.52426147460938	76.62908172607422	95.13662719726562	204.7078094482422	186.6862335205078	142.24160766601562	67.7071533203125	211.100830078125	272.3796691894531	144.26832580566406	0.0	0.0	0.0	0.0	0.0	0.0	0.0	0.0	0.0	0.0	0.0	0.0	0.0	0.0	0.0	24.872196197509766	74.5853042602539	217.27017211914062	140.29672241210938	77.58158874511719	361.38055419921875	577.576416015625	406.4501037597656	74.40213775634766	482.85418701171875	699.2587280273438	452.1833801269531	110.27098846435547	305.5644836425781	554.6636352539062	457.8243713378906	110.66577911376953	318.81317138671875	398.8968505859375	359.4509582519531	195.5471649169922	399.32379150390625	760.1000366210938	543.9550170898438	171.08421325683594	364.3954162597656	572.3124389648438	539.4130859375	274.1706237792969	223.73721313476562	423.7361755371094	325.68182373046875	296.8108215332031	3.356487512588501	68.17257690429688	105.2436294555664	0.0	0.0	93.76960754394531	94.07050323486328	0.0	0.0	13.380203247070312	109.19137573242188	0.0	45.75605392456055	56.69976806640625	133.4800567626953	0.0	143.98887634277344	276.32373046875	219.35935974121094	0.0	295.2020263671875	394.7935485839844	251.86729431152344	0.0	306.37835693359375	464.31683349609375	352.11468505859375	48.50765609741211	91.95096588134766	225.33871459960938	123.08464813232422	63.34864044189453	0.0	169.95840454101562	51.3223762512207	31.55354118347168	35.93212890625	122.43035125732422	257.8976745605469	75.0689926147461	53.27492141723633	278.31988525390625	351.0353088378906	0.0	0.0	335.9895935058594	407.8876037597656	45.41432571411133	247.03041076660156	396.0522155761719	274.69622802734375	152.89747619628906	92.41836547851562	125.0974349975586	257.2444763183594	152.0874786376953	0.0	264.04833984375	353.4161071777344	119.2280044555664	46.8017463684082	222.0006866455078	172.552734375	0.0	0.0	0.0	102.8897933959961	146.5377960205078	0.0	72.08330535888672	61.14765548706055	133.63095092773438	132.87876892089844	103.9042739868164	97.6998062133789	151.56582641601562	122.09085083007812	19.10027313232422	188.5556182861328	143.7871856689453
335.7236022949219	966.8616943359375	837.2359619140625	398.8495788574219	482.003662109375	649.7191162109375	989.0047607421875	842.5945434570312	0.0	1081.1651611328125	946.9075927734375	551.2523803710938	177.29568481445312	977.2225952148438	911.2640991210938	912.2457885742188	558.7379760742188	478.38079833984375	572.2926025390625	319.79864501953125	210.3758544921875	539.501953125	646.2568969726562	344.3102722167969	526.7124633789062	580.8634033203125	711.4451904296875	271.32647705078125	373.3814392089844	639.8762817382812	822.7826538085938	396.7328186035156	69.9472427368164	315.2010192871094	196.21900939941406	151.8769989013672	191.04335021972656	81.68666076660156	162.38821411132812	132.75381469726562	140.0227813720703	209.0377960205078	145.528076171875	103.99838256835938	0.0	56.84231948852539	231.3356170654297	131.54647827148438	128.3380126953125	118.7824935913086	129.47743225097656	34.98558044433594	130.07406616210938	129.29165649414062	76.03988647460938	63.55866622924805	107.80316162109375	110.26532745361328	73.57260131835938	21.181352615356445	142.0389404296875	159.04888916015625	179.8566131591797	39.284969329833984	0.0	0.0	0.0	47.86852264404297	0.0	0.0	0.0	98.99746704101562	0.0	0.0	13.75956916809082	28.283891677856445	0.0	0.0	0.0	97.2500228881836	26.998750686645508	0.0	36.49514389038086	14.644271850585938	4.941190242767334	87.26081085205078	1.4098683595657349	9.721952438354492	51.50379943847656	0.0	62.63902282714844	0.0	27.629812240600586	0.0	22.84056282043457	51.95363998413086	0.0	0.0	0.0	10.441539764404297	0.0	0.0	0.0	0.0	0.0	0.0	0.0	0.0	0.0	0.0	50.72075271606445	29.6624813079834	140.4112548828125	355.6146240234375	321.70428466796875	87.4935073852539	139.17919921875	262.1483459472656	341.6271667480469	246.73980712890625	149.05030822753906	329.2447509765625	236.82704162597656	183.8394317626953	135.12451171875	448.0931091308594	385.4017028808594	237.1260223388672	0.0	0.0	0.0	0.0	0.0	0.0	0.0	0.0	0.0	0.0	0.0	0.0	0.0	0.0	0.0	0.0	213.0628204345703	936.1807861328125	986.9200439453125	598.767822265625	821.0690307617188	682.1431884765625	330.775146484375	210.4959716796875	490.0693664550781	652.193359375	687.295166015625	204.92156982421875	260.57598876953125	293.53826904296875	274.9459228515625	321.8697814941406	592.3888549804688	828.5487060546875	761.0255737304688	410.123779296875	430.2857360839844	708.1647338867188	654.7664184570312	360.9197998046875	414.2322082519531	454.0113525390625	526.5847778320312	396.7452392578125	474.363525390625	884.729736328125	783.2228393554688	382.393310546875	98.09109497070312	126.02082824707031	0.0	0.0	63.80430221557617	118.82825469970703	38.87202453613281	0.0	0.0	53.612403869628906	0.0	0.0	29.535234451293945	266.0315246582031	0.0	0.0	383.3122863769531	805.7415771484375	760.0372314453125	139.66018676757812	496.8966064453125	471.85540771484375	335.7853698730469	138.67129516601562	223.51954650878906	369.3645935058594	296.9610900878906	170.1110382080078	332.2144775390625	617.0972290039062	618.6443481445312	271.2718200683594	39.58628845214844	0.0	339.3061218261719	298.3075866699219	97.26966094970703	196.47103881835938	191.85655212402344	32.19200134277344	0.0	259.7014465332031	326.1171875	228.6964111328125	106.05908966064453	159.7352294921875	234.61163330078125	138.48269653320312	278.1638488769531	119.09200286865234	173.82058715820312	115.18546295166016	58.35981369018555	448.97344970703125	429.1338806152344	152.61753845214844	180.79800415039062	239.20120239257812	307.9031066894531	248.62913513183594	72.7343521118164	326.951416015625	354.16436767578125	0.0	0.0	324.72802734375	309.3611755371094	161.86915588378906	148.98504638671875	91.04762268066406	92.86856842041016	169.08447265625	170.25595092773438	195.86181640625	149.20880126953125	121.9200210571289	0.0	66.1037368774414	191.32022094726562	168.0872344970703
417.46820068359375	523.0648803710938	393.77825927734375	605.6947021484375	228.87832641601562	195.3231201171875	1136.2169189453125	1112.6783447265625	87.5801773071289	443.1895446777344	723.2770385742188	517.6212768554688	291.5799865722656	373.8233947753906	672.9291381835938	1251.5023193359375	393.5609130859375	277.16192626953125	596.8209228515625	323.0000305175781	387.6268310546875	838.1646728515625	959.5164184570312	409.6704406738281	248.51023864746094	246.8308868408203	519.9641723632812	352.2767333984375	275.28912353515625	775.5479736328125	939.0552368164062	619.9629516601562	348.53155517578125	385.9382629394531	44.98429489135742	118.5080795288086	198.34803771972656	5.947018146514893	195.3477325439453	103.03450012207031	260.0933532714844	480.97393798828125	301.728515625	95.37541198730469	85.0788803100586	151.93089294433594	64.57299041748047	210.539306640625	325.32421875	357.3178405761719	223.71934509277344	12.457255363464355	201.2577667236328	321.9617919921875	248.86671447753906	32.81879425048828	251.71270751953125	294.54962158203125	156.82447814941406	46.521461486816406	51.27352523803711	202.5615997314453	203.45997619628906	97.84479522705078	0.0	0.0	0.0	12.778031349182129	0.0	0.0	28.658550262451172	59.850669860839844	0.0	9.88858699798584	0.0	7.561734676361084	0.0	0.0	0.0	88.83487701416016	0.0	60.00364685058594	125.76410675048828	5.944446563720703	60.12479782104492	49.90858840942383	11.16684627532959	11.245219230651855	0.0	0.0	117.63042449951172	0.0787288099527359	0.0	22.51815414428711	54.08368682861328	42.3715705871582	0.0	0.0	0.0	0.0	0.0	0.0	2.8092451095581055	0.0	0.0	0.0	0.0	0.0	0.0	0.0	0.0	0.0	114.73854064941406	164.39154052734375	169.1422882080078	144.71658325195312	282.4256286621094	456.5334777832031	415.3230285644531	294.8550720214844	69.23692321777344	145.07513427734375	179.9002227783203	191.13174438476562	320.8105773925781	456.0619201660156	383.1999816894531	274.95062255859375	0.0	0.0	0.0	0.0	0.0	0.0	0.0	0.0	0.0	0.0	0.0	0.0	0.0	0.0	0.0	0.0	1143.5828857421875	1374.36669921875	967.5826416015625	165.16110229492188	576.1858520507812	415.4668884277344	284.23822021484375	327.1418151855469	688.2850341796875	1407.618896484375	1356.04541015625	454.655517578125	266.5044860839844	514.9785766601562	362.9587707519531	227.4020538330078	485.29150390625	752.8085327148438	657.8218383789062	238.832275390625	536.9398803710938	915.7782592773438	853.0860595703125	511.699462890625	376.24627685546875	625.0123901367188	626.3162231445312	487.900634765625	548.4893188476562	828.8026123046875	765.910888671875	450.7588806152344	0.0	0.0	47.28445053100586	0.0	54.32004165649414	94.06713104248047	77.67535400390625	0.0	4.052056789398193	0.0	64.56916809082031	42.404598236083984	118.10533142089844	81.54766845703125	0.0	20.472116470336914	952.8638305664062	1095.743896484375	675.6231079101562	93.31916046142578	289.642333984375	667.2105712890625	608.52392578125	209.25401306152344	665.444580078125	1057.6243896484375	813.77587890625	255.42373657226562	139.5938720703125	195.54588317871094	456.6704406738281	411.0244445800781	103.3229751586914	196.98049926757812	451.3479309082031	187.7938690185547	0.0	0.0	257.3595886230469	82.96589660644531	40.73497009277344	243.86622619628906	477.9078674316406	371.9660339355469	0.0	0.0	399.1809387207031	297.9144287109375	110.56173706054688	194.5624542236328	465.572021484375	329.8069763183594	195.69155883789062	507.4490966796875	425.41339111328125	169.19908142089844	22.955820083618164	0.0	390.26019287109375	370.98797607421875	164.63873291015625	416.1944274902344	560.7520751953125	153.28761291503906	149.630126953125	219.11636352539062	67.32438659667969	147.65011596679688	268.32550048828125	170.3521728515625	52.99714660644531	159.91175842285156	152.4700469970703	335.4331359863281	233.61044311523438	121.38841247558594	170.9835662841797	334.413818359375	86.18328857421875	157.45785522460938
369.8211669921875	703.9545288085938	1113.93115234375	899.5352172851562	1253.2454833984375	1003.6024780273438	871.792236328125	90.65937805175781	1202.55517578125	644.9317626953125	124.54969024658203	861.8168334960938	693.6699829101562	375.37506103515625	620.7811279296875	1362.9615478515625	560.5843505859375	819.9337768554688	716.7547607421875	461.4512939453125	570.976806640625	538.5919799804688	169.67454528808594	590.6524658203125	349.80548095703125	242.59915161132812	553.5715942382812	744.8953857421875	309.28271484375	676.06103515625	900.1636962890625	686.8211059570312	0.0	36.133628845214844	369.4922180175781	169.56959533691406	275.17364501953125	315.6161804199219	309.121826171875	25.281936645507812	335.3189697265625	269.3927917480469	128.39723205566406	144.84127807617188	30.556333541870117	0.0	115.34827423095703	336.2124938964844	111.38566589355469	163.12484741210938	163.1689453125	170.76504516601562	88.41719055175781	108.50855255126953	41.688838958740234	78.8243408203125	0.0	0.0	132.6147918701172	63.73728942871094	193.478759765625	274.4984130859375	213.56829833984375	93.20633697509766	0.0	0.0	0.0	0.0	0.0	0.0	20.09517478942871	0.0	0.0	0.0	0.0	0.0	39.49770736694336	51.6763801574707	0.0	30.153400421142578	0.0	0.7761141061782837	0.0	87.5123519897461	0.0	0.0	35.50544738769531	21.130504608154297	0.0	24.720989227294922	46.101043701171875	0.0	89.89315032958984	21.6375675201416	13.655584335327148	67.97781372070312	0.0	0.0	0.0	0.0	0.0	47.602840423583984	1.8473244905471802	0.0	0.0	38.810768127441406	0.0	0.0	0.0	0.0	0.0	0.0	163.916748046875	223.3914794921875	308.3550720214844	197.90895080566406	195.4253387451172	192.74002075195312	223.19482421875	209.1168975830078	242.92735290527344	233.0989532470703	189.80735778808594	187.66368103027344	341.4026184082031	503.5290832519531	413.9809875488281	276.240234375	0.0	0.0	0.0	0.0	0.0	0.0	0.0	32.60484313964844	0.0	0.0	0.8801694512367249	30.287742614746094	0.0	0.0	0.0	0.0	28.922685623168945	156.5250701904297	811.6983642578125	864.072509765625	549.9393310546875	771.223388671875	719.8445434570312	418.2966003417969	577.849609375	687.6257934570312	478.39727783203125	193.9230499267578	495.13037109375	124.21871948242188	230.6475830078125	672.4146728515625	334.146728515625	609.4308471679688	653.8477783203125	702.808349609375	475.89178466796875	724.5494995117188	688.6510009765625	548.5036010742188	465.6335144042969	415.5391845703125	479.51812744140625	470.4992980957031	698.7921142578125	1035.2159423828125	863.9108276367188	554.1317749023438	80.9585189819336	12.332950592041016	0.0	0.0	127.79804229736328	0.0	62.08355712890625	35.64011764526367	250.09356689453125	0.0	46.30522155761719	23.884008407592773	156.939453125	62.240177154541016	63.89450454711914	11.880136489868164	293.25140380859375	533.7237548828125	666.5673828125	591.0440673828125	502.31768798828125	492.93597412109375	322.1290283203125	139.83551025390625	334.7281799316406	198.60977172851562	112.82493591308594	218.9011993408203	531.9462890625	600.3279418945312	803.9761352539062	622.6934204101562	0.0	100.66803741455078	16.643400192260742	321.1300354003906	192.0666961669922	223.26211547851562	120.09219360351562	257.49017333984375	202.2003631591797	156.29791259765625	165.28749084472656	322.3973693847656	127.59065246582031	0.0	43.74018478393555	150.31002807617188	472.4281311035156	528.3139038085938	161.07276916503906	65.8243179321289	240.0500946044922	15.84107780456543	76.97811126708984	343.6475830078125	39.46648406982422	137.828857421875	535.8793334960938	419.5572814941406	129.34762573242188	410.470458984375	440.8208312988281	0.0	0.0	0.0	300.44488525390625	286.58807373046875	170.3275909423828	312.91729736328125	305.9137268066406	169.72190856933594	263.6005554199219	391.3283386230469	118.91947174072266	24.71023178100586	34.02834701538086	0.0	0.0	291.4241027832031
116.43323516845703	365.6033020019531	719.798583984375	1059.5447998046875	855.4927978515625	1301.281005859375	804.5513916015625	983.7269897460938	1532.2408447265625	1184.9656982421875	445.92889404296875	950.4306030273438	720.4859008789062	481.16021728515625	664.7745361328125	879.0000610351562	495.3854064941406	714.7359619140625	863.7703247070312	717.4832763671875	798.1456298828125	713.130859375	458.55755615234375	360.34991455078125	608.9342041015625	773.662841796875	946.9752807617188	717.7565307617188	601.3800659179688	628.2909545898438	482.7902526855469	406.3776550292969	0.0	0.0	0.0	129.43841552734375	199.3184356689453	444.1388244628906	215.98406982421875	250.26654052734375	377.6649169921875	313.7454833984375	57.46906280517578	105.57279205322266	285.4345397949219	392.6961975097656	245.2876739501953	206.36163330078125	65.56073760986328	119.85580444335938	272.401611328125	142.7642364501953	139.41714477539062	221.88954162597656	264.67919921875	4.90117883682251	0.0	128.8829345703125	194.16888427734375	153.0685577392578	334.6548767089844	396.3556823730469	301.2843322753906	60.88212203979492	0.0	0.0	0.0	0.0	0.0	0.0	0.0	61.255828857421875	0.0	0.0	0.0	63.675601959228516	4.462879180908203	0.0	0.0	67.42532348632812	0.0	0.0	32.36351776123047	33.60688400268555	0.0	6.018327236175537	76.35861206054688	0.0	0.0	10.877645492553711	80.2718276977539	54.34333419799805	70.45407104492188	13.3812255859375	86.3748550415039	48.58620071411133	0.0	0.0	0.0	0.0	0.0	0.0	0.0	0.0	0.0	0.0	0.0	0.0	49.20232391357422	2.1736462116241455	0.0	0.0	225.17166137695312	217.7053985595703	325.7506103515625	319.8082580566406	173.87063598632812	225.05995178222656	229.03086853027344	208.37930297851562	525.251953125	591.0546264648438	480.1313781738281	346.8285217285156	265.92205810546875	248.44468688964844	282.56170654296875	258.95721435546875	6.287817478179932	0.0	0.0	0.0	0.0	0.0	0.0	0.0	0.0	0.0	0.0	0.0	0.0	0.0	0.0	0.0	110.50459289550781	86.22203826904297	216.26458740234375	373.18768310546875	374.20733642578125	1157.3878173828125	1293.797119140625	721.3068237304688	842.1922607421875	1045.6256103515625	695.6857299804688	253.27423095703125	1084.8341064453125	1295.674560546875	1323.8800048828125	642.5369262695312	381.03521728515625	548.9692993164062	785.28564453125	604.3484497070312	461.2723388671875	698.1648559570312	859.809326171875	676.4254150390625	1016.508544921875	1115.8668212890625	919.1861572265625	545.1627197265625	859.2368774414062	897.4321899414062	888.793701171875	708.1962280273438	105.44288635253906	87.00865936279297	22.56928253173828	74.71859741210938	91.99322509765625	0.0	6.872171878814697	215.31019592285156	248.7357940673828	14.300046920776367	32.58116912841797	112.05953216552734	43.69894790649414	0.0	0.0	163.8000946044922	0.3609096109867096	333.99169921875	641.5264282226562	554.151611328125	601.548583984375	901.866455078125	879.5045166015625	420.2220764160156	455.3409423828125	211.07858276367188	480.8656005859375	507.77801513671875	987.5747680664062	1102.0789794921875	1016.278076171875	432.03240966796875	0.0	40.11741256713867	46.18247604370117	93.79344940185547	135.01182556152344	87.03314208984375	403.8028564453125	424.2435302734375	52.611244201660156	0.0	436.2247314453125	363.9039001464844	195.69412231445312	177.4018096923828	335.6611328125	335.4143981933594	562.3461303710938	572.3653564453125	427.79815673828125	316.7242126464844	556.05126953125	137.49942016601562	162.5116729736328	289.19390869140625	232.46539306640625	322.1608581542969	337.725341796875	267.3836364746094	216.55905151367188	180.6621856689453	112.79808044433594	189.79368591308594	0.0	0.0	0.0	83.37997436523438	0.0	281.61151123046875	232.5894775390625	193.35702514648438	227.9222412109375	367.5910949707031	191.01132202148438	101.34761810302734	36.07541275024414	178.78977966308594	193.79623413085938	166.21546936035156
317.3666076660156	853.8048095703125	876.4464721679688	550.2916259765625	1060.5865478515625	1284.741943359375	825.958251953125	347.9397888183594	1367.086181640625	1240.055419921875	131.00473022460938	1276.9322509765625	988.22705078125	534.3605346679688	1101.787353515625	1393.998291015625	566.8081665039062	768.2594604492188	711.8539428710938	702.8637084960938	657.5225219726562	643.4945678710938	279.8741760253906	680.976318359375	578.4625854492188	472.3447570800781	891.9468383789062	897.9561767578125	482.88848876953125	816.2884521484375	961.9364624023438	692.077880859375	0.0	0.0	91.44869232177734	35.22880554199219	152.8983917236328	377.2450256347656	366.7420654296875	90.41386413574219	375.88653564453125	479.9416809082031	187.23638916015625	244.7606658935547	75.02725982666016	0.0	283.8512878417969	400.4010314941406	48.60306167602539	202.914306640625	234.9776611328125	240.33401489257812	158.8560333251953	117.40180969238281	96.1103286743164	94.35791778564453	19.326663970947266	0.0	156.6330108642578	132.10836791992188	218.91209411621094	371.5526123046875	295.1159973144531	138.14752197265625	0.0	0.0	0.0	0.0	0.0	0.0	0.0	0.0	0.0	0.0	0.0	0.0	22.110511779785156	27.91441535949707	0.0	6.352729320526123	0.0	0.0	36.598548889160156	70.789794921875	0.0	0.0	39.23706817626953	66.77450561523438	0.0	0.0	24.8673152923584	0.0	85.35262298583984	37.628334045410156	0.0	73.45064544677734	0.0	0.0	0.0	0.0	0.0	0.0	0.0	0.0	0.0	0.0	0.0	0.0	0.0	0.0	0.0	0.0	141.3650665283203	274.6850891113281	372.5085754394531	358.8673400878906	169.65895080566406	254.9546356201172	345.13983154296875	244.12045288085938	215.0906524658203	324.4328308105469	365.56658935546875	343.678466796875	409.2679443359375	469.9351806640625	430.2694396972656	367.3427734375	0.0	0.0	0.0	0.0	0.0	0.0	0.0	0.0	0.0	0.0	0.0	0.0	0.0	0.0	0.0	0.0	80.27649688720703	228.1059112548828	731.1806030273438	858.3810424804688	465.46270751953125	1018.3760375976562	1067.7083740234375	1027.95751953125	638.8662109375	998.4650268554688	874.7457275390625	333.4216613769531	573.52880859375	171.23387145996094	757.802978515625	954.3279418945312	369.71136474609375	789.0712280273438	844.1731567382812	812.9295043945312	494.9078063964844	791.5327758789062	981.517333984375	894.7943115234375	467.092041015625	505.0097961425781	698.0011596679688	672.6221923828125	981.9287719726562	1218.8929443359375	1089.6409912109375	744.83544921875	81.10020446777344	47.6011962890625	0.0	71.3798828125	71.28810119628906	0.0	0.0	104.17122650146484	183.72312927246094	0.0	0.0	30.407655715942383	190.49951171875	60.818058013916016	0.0	0.0	116.30844116210938	527.67138671875	835.8594360351562	678.3580932617188	603.2439575195312	708.3742065429688	745.0306396484375	341.7209167480469	347.54327392578125	285.73614501953125	132.45892333984375	343.3453063964844	585.8306274414062	842.285888671875	1019.7821655273438	665.4097290039062	0.0	85.83064270019531	0.0	151.3266143798828	190.48052978515625	177.11033630371094	0.0	524.365966796875	205.66258239746094	32.85002899169922	136.83132934570312	454.3035888671875	186.7682342529297	0.0	72.11986541748047	106.09036254882812	493.39166259765625	596.2556762695312	417.99749755859375	259.3842468261719	387.3926086425781	158.0552978515625	135.49696350097656	459.1172180175781	89.86624145507812	349.5235900878906	540.7064208984375	530.0896606445312	175.86712646484375	517.5995483398438	469.5771179199219	0.0	0.0	0.0	40.787471771240234	10.164199829101562	0.0	311.5016174316406	298.13177490234375	159.35853576660156	267.0348815917969	481.664794921875	267.97418212890625	155.44033813476562	23.401145935058594	0.0	84.4622802734375	335.40478515625
2.6283621788024902	22.903902053833008	1369.80810546875	1041.8092041015625	4.780404567718506	459.0408630371094	1361.773681640625	531.238525390625	20.995779037475586	998.6702270507812	1316.52978515625	137.47500610351562	24.224651336669922	1323.5120849609375	1191.01123046875	0.0	0.0	587.3436889648438	586.4315185546875	275.9269104003906	103.50858306884766	547.1865234375	392.9770202636719	197.6754913330078	433.4256896972656	639.0675048828125	430.28582763671875	128.96615600585938	625.0152587890625	653.8621826171875	295.6708068847656	43.71115493774414	0.0	0.0	226.70376586914062	131.63943481445312	0.0	27.043460845947266	212.40957641601562	70.09191131591797	0.0	128.3371124267578	228.94766235351562	31.625762939453125	0.0	355.2575988769531	211.5203399658203	12.08077335357666	38.190006256103516	77.49773406982422	68.0458755493164	0.0	59.29986572265625	86.2006607055664	0.0	0.0	95.37377166748047	86.92250061035156	25.83134651184082	11.426916122436523	178.75819396972656	90.55638122558594	51.316490173339844	3.2070295810699463	0.0	0.0	0.0	40.91600799560547	0.0	0.0	33.92445373535156	47.14509582519531	0.0	0.0	31.706968307495117	9.622695922851562	0.0	21.208065032958984	72.3658218383789	30.234291076660156	0.0	0.0	0.0	0.0	0.0	2.0422523021698	0.0	0.0	14.18839168548584	0.0	0.0	14.259684562683105	31.351261138916016	0.0	41.675994873046875	31.273021697998047	0.0	0.0	0.0	30.993202209472656	0.0	0.0	0.0	41.69142532348633	0.0	0.0	0.0	61.76450729370117	0.0	0.0	49.25778579711914	16.46002769470215	0.0	41.80672073364258	143.84210205078125	123.00993347167969	0.0	93.3309555053711	187.26144409179688	149.85215759277344	80.92823028564453	235.2882843017578	201.7557373046875	155.677001953125	115.93617248535156	226.68748474121094	191.76637268066406	80.11619567871094	0.5539854168891907	15.94270133972168	0.0	0.0	0.0	0.0	0.0	0.0	0.0	0.0	0.0	18.4998722076416	0.0	0.0	0.0	38.25531768798828	31.481069564819336	156.06214904785156	262.3079833984375	214.9332275390625	70.14974212646484	172.72021484375	290.52099609375	138.2869873046875	151.63832092285156	280.52728271484375	282.0868225097656	150.243896484375	169.98336791992188	607.5579223632812	545.2925415039062	120.60102081298828	43.46433639526367	254.55307006835938	274.2626647949219	296.244140625	110.55768585205078	237.10333251953125	251.88880920410156	321.2940368652344	305.2928161621094	409.14129638671875	385.7095031738281	398.8806457519531	483.5705261230469	505.90380859375	446.6706237792969	322.41021728515625	0.0	32.09995651245117	128.76614379882812	0.0	0.0	99.82311248779297	147.66334533691406	0.0	22.21341896057129	161.1308135986328	47.06480407714844	0.0	50.297096252441406	80.18588256835938	0.0	0.0	0.7534000277519226	125.23695373535156	146.6406707763672	46.63136672973633	48.99355697631836	158.79611206054688	117.35623168945312	80.42569732666016	102.77457427978516	144.251953125	162.8331756591797	135.35568237304688	437.6493835449219	541.517333984375	316.1130676269531	88.07469177246094	1.3568832874298096	77.27571105957031	313.64508056640625	2.5358426570892334	0.0	262.2483215332031	243.754638671875	20.911142349243164	0.0	279.5495910644531	130.13668823242188	45.18238067626953	140.2610626220703	212.10707092285156	30.303789138793945	96.45252990722656	43.23552703857422	274.7865295410156	309.77801513671875	53.23585510253906	121.90076446533203	235.3432159423828	186.46856689453125	0.0	272.04248046875	327.5596618652344	186.329833984375	0.0	278.5532531738281	160.2821807861328	0.0	0.0	0.0	0.0	172.93482971191406	211.82481384277344	0.0	0.0	205.02487182617188	182.78427124023438	0.0	105.13516235351562	217.19020080566406	154.56236267089844	0.0	245.68882751464844	241.0003662109375	74.34637451171875
34.1855583190918	661.70751953125	605.7683715820312	748.46337890625	151.78550720214844	425.5352478027344	883.1259155273438	1137.6754150390625	82.89401245117188	299.8006286621094	1348.2684326171875	851.923828125	50.19990158081055	1027.01171875	1425.8062744140625	100.73346710205078	445.60986328125	636.5160522460938	769.0734252929688	409.3225402832031	80.391357421875	623.4310302734375	681.6885375976562	355.26611328125	115.99935150146484	635.1076049804688	490.7300720214844	223.2372589111328	441.1148986816406	610.819580078125	391.56182861328125	101.857666015625	0.0	178.64443969726562	86.11221313476562	154.43685913085938	274.2101745605469	411.20147705078125	229.77105712890625	235.5986328125	7.612208366394043	8.7112455368042	258.8128967285156	144.13253784179688	0.0	139.78955078125	248.930419921875	22.053974151611328	272.7290344238281	263.2354736328125	277.5986328125	82.26704406738281	10.039872169494629	73.34434509277344	98.00292205810547	10.243824005126953	44.09889602661133	142.26568603515625	30.370187759399414	0.0	104.96467590332031	67.14181518554688	0.0	1.7484261989593506	2.437685966491699	0.0	0.0	11.938677787780762	0.0	0.0	4.815810680389404	88.83668518066406	0.0	0.0	19.02713966369629	31.892108917236328	0.0	0.0	16.64984703063965	22.363588333129883	22.730398178100586	0.0	90.43498992919922	38.534873962402344	0.0	59.64717483520508	0.0	0.0	0.0	4.59403657913208	0.0	5.266934871673584	9.531225204467773	0.0	14.416295051574707	0.0	0.0	0.0	0.0	0.0	0.0	0.0	0.0	20.43539047241211	0.0	0.0	0.0	44.449729919433594	0.0	0.0	1.1012415885925293	38.94571304321289	225.69195556640625	262.86578369140625	304.8982238769531	293.68499755859375	57.5936279296875	182.3125762939453	248.30032348632812	150.3594970703125	49.86593246459961	103.91254425048828	145.66339111328125	133.9361572265625	103.61737060546875	320.62432861328125	208.6349639892578	132.4987030029297	0.0	0.0	0.0	0.0	0.0	0.0	0.0	0.0	0.0	10.319672584533691	0.0	0.0	0.0	0.0	0.0	36.264190673828125	216.55471801757812	832.0781860351562	996.5380859375	503.606201171875	747.6146850585938	1309.9443359375	1025.4576416015625	420.2576599121094	76.34494018554688	150.5255584716797	312.51617431640625	209.9496612548828	120.9779281616211	179.74462890625	285.72418212890625	100.97427368164062	480.2911682128906	652.204345703125	721.9266357421875	420.75738525390625	362.4143981933594	706.3985595703125	683.1472778320312	366.5759582519531	107.98798370361328	246.38198852539062	251.63575744628906	294.79205322265625	416.403564453125	514.638916015625	352.89361572265625	310.93994140625	36.580623626708984	23.562883377075195	0.0	0.0	23.720712661743164	1.5349010229110718	53.289161682128906	0.0	28.012737274169922	53.50446319580078	66.93804931640625	0.0	0.0	180.9774932861328	3.633776903152466	0.0	669.0970458984375	1029.5201416015625	808.971923828125	378.9286193847656	430.71173095703125	397.57061767578125	117.6357421875	58.90919494628906	23.488428115844727	161.95140075683594	171.77268981933594	70.87874603271484	79.82131958007812	140.7301788330078	96.092041015625	77.42536163330078	0.0	29.690778732299805	205.32003784179688	89.15292358398438	81.77500915527344	132.97671508789062	511.2720947265625	340.5708923339844	0.0	235.2393798828125	233.39749145507812	9.60042667388916	0.0	244.80860900878906	135.57595825195312	55.70057678222656	259.9129333496094	350.54473876953125	388.5460205078125	315.18768310546875	0.0	330.3661804199219	412.6410827636719	10.085490226745605	145.43064880371094	404.01629638671875	264.54296875	0.0	225.3743438720703	299.2113342285156	93.20509338378906	0.0	0.0	0.0	0.0	172.6165771484375	318.91741943359375	285.7080383300781	176.8780975341797	224.2722625732422	94.65361022949219	0.0	279.51776123046875	231.12234497070312	0.0	62.87690734863281	255.4614715576172	152.81434631347656
290.61346435546875	1183.623046875	852.6068115234375	48.16183090209961	469.81146240234375	933.5964965820312	142.29132080078125	286.6431579589844	191.3372344970703	105.5924301147461	0.0	630.570068359375	119.83714294433594	128.51295471191406	877.4002075195312	1123.4422607421875	557.1008911132812	447.0729064941406	419.2020568847656	251.30926513671875	354.4899597167969	463.9798889160156	472.28778076171875	383.5366516113281	15.836480140686035	201.26544189453125	718.9965209960938	634.7501831054688	344.0608215332031	701.8738403320312	931.5310668945312	616.7957153320312	7.7003960609436035	233.080322265625	259.3776550292969	78.2546615600586	196.3440704345703	150.91098022460938	40.641056060791016	2.2064995765686035	382.1766052246094	398.5996398925781	194.8200225830078	100.92504119873047	0.0	0.0	241.94325256347656	349.1565856933594	101.09208679199219	8.843385696411133	0.0	0.0	193.56141662597656	331.85943603515625	250.02749633789062	146.34423828125	0.0	22.56803321838379	81.6475601196289	59.31953048706055	153.35104370117188	243.2500457763672	207.8435821533203	120.74164581298828	0.0	0.0	10.116174697875977	38.61124038696289	18.770450592041016	9.437494277954102	0.0	6.1056742668151855	0.0	0.0	0.0	40.58710861206055	0.0	0.0	0.0	73.58319091796875	12.660689353942871	0.0	18.49359703063965	19.3784236907959	9.036563873291016	67.51380157470703	131.57192993164062	22.56836700439453	0.0	0.0	35.690093994140625	14.177397727966309	40.983890533447266	10.954266548156738	0.0	87.48756408691406	0.0	0.0	0.0	31.27548599243164	0.0	0.0	0.0	0.0	12.073509216308594	0.0	0.0	0.0	0.0	0.0	0.0	0.0	192.7924346923828	418.7903747558594	404.68414306640625	121.39061737060547	193.18695068359375	426.0417785644531	499.252197265625	347.6763000488281	120.97419738769531	197.87802124023438	307.6210021972656	209.8710479736328	230.93072509765625	388.33392333984375	361.55535888671875	272.87506103515625	0.0	0.0	0.0	0.0	0.0	0.0	0.0	0.0	0.0	0.0	0.0	0.0	0.0	0.0	0.0	0.0	174.62547302246094	753.0068359375	876.8378295898438	419.58740234375	759.3960571289062	869.893310546875	630.5661010742188	151.99822998046875	926.125	1226.41796875	1185.245361328125	526.7683715820312	60.864952087402344	0.0	420.8485107421875	605.3118286132812	567.3599853515625	818.3984375	758.4563598632812	274.129638671875	575.1619873046875	829.9077758789062	899.0504760742188	443.5372009277344	421.2228698730469	602.517822265625	670.5524291992188	517.6708984375	454.6456298828125	755.2422485351562	727.23388671875	507.4788513183594	123.23186492919922	251.2123565673828	0.0	0.0	55.95126724243164	99.6792221069336	0.0	58.921016693115234	34.84938430786133	9.197549819946289	25.283344268798828	53.12918472290039	106.16980743408203	138.0897979736328	0.0	0.0	274.1675109863281	580.3251953125	477.3825988769531	81.34870910644531	796.284423828125	1010.9451293945312	852.1572265625	327.0871276855469	336.51165771484375	478.92333984375	462.7729187011719	275.88140869140625	239.4077606201172	613.8468017578125	816.2824096679688	548.5357666015625	72.06243896484375	141.2556610107422	196.29507446289062	203.87460327148438	116.03143310546875	57.78214645385742	17.58600616455078	0.0	93.2010269165039	238.2816925048828	396.3029479980469	473.98443603515625	0.0	0.0	86.74855041503906	126.39652252197266	217.42247009277344	115.25309753417969	83.94155883789062	93.13587951660156	7.455018520355225	188.0582275390625	272.76715087890625	297.77081298828125	0.0	255.44395446777344	463.5998840332031	400.71575927734375	208.30686950683594	447.2757568359375	463.4097900390625	21.17828941345215	0.0	313.3403015136719	314.6370544433594	108.52100372314453	40.44828796386719	85.60246276855469	22.503421783447266	61.79111862182617	311.8424377441406	294.8304138183594	81.10665893554688	57.61684036254883	0.0	0.0	50.48029327392578	217.0497283935547
1056.7529296875	1132.6820068359375	834.7422485351562	782.4296875	703.8655395507812	518.32958984375	1322.786376953125	750.6840209960938	335.1644592285156	893.6507568359375	807.1118774414062	449.4573059082031	291.0076904296875	288.0023498535156	216.3477325439453	953.66162109375	648.08837890625	611.5376586914062	619.6233520507812	277.4065246582031	586.3220825195312	851.7864379882812	697.4127807617188	343.8727111816406	469.7729187011719	311.0114440917969	391.51275634765625	355.1382141113281	362.1534118652344	659.8916015625	927.1478881835938	789.8973999023438	479.7174987792969	374.3565368652344	209.7008514404297	110.59358215332031	288.394775390625	4.066295146942139	189.39418029785156	22.412546157836914	331.04608154296875	443.6057434082031	211.85459899902344	59.038230895996094	138.133544921875	147.1929473876953	23.492422103881836	151.20863342285156	204.9884490966797	202.51095581054688	114.71492767333984	8.309544563293457	127.79779815673828	181.17530822753906	91.3838119506836	14.343046188354492	368.4874572753906	368.6842041015625	149.0521697998047	124.3440170288086	192.86447143554688	303.758544921875	330.062255859375	224.670166015625	0.0	0.0	0.0	73.11180877685547	0.0	0.0	26.612873077392578	66.35502624511719	0.0	30.169300079345703	0.0	0.0	0.0	0.0	0.0	116.8907241821289	0.0	40.071128845214844	56.56378173828125	14.437253952026367	51.95970916748047	14.928438186645508	4.689720630645752	0.0	39.15345764160156	44.793670654296875	130.54014587402344	10.340420722961426	59.938568115234375	31.97214698791504	56.560970306396484	63.03390884399414	0.0	0.0	0.0	0.0	0.0	0.0	0.0	25.257081985473633	0.0	0.0	0.0	0.0	0.0	0.0	0.0	0.0	194.7615966796875	211.64501953125	141.95387268066406	93.9475326538086	347.96807861328125	428.8941650390625	463.3576354980469	346.1698913574219	114.30835723876953	203.8596954345703	225.78231811523438	248.70657348632812	319.7187805175781	573.2861328125	574.9764404296875	308.3326721191406	0.0	0.0	0.0	0.0	0.0	0.0	0.0	0.0	0.0	0.0	0.0	0.0	0.0	0.0	0.0	0.0	992.1281127929688	1228.501708984375	782.48681640625	144.05809020996094	872.0614013671875	487.4877624511719	329.5779724121094	172.25918579101562	1037.85693359375	1533.57568359375	1296.5958251953125	472.9991149902344	533.2606811523438	595.1989135742188	527.2249755859375	312.0309143066406	589.2950439453125	836.93994140625	642.2877807617188	254.07009887695312	793.5001831054688	964.9918212890625	896.9593505859375	584.1262817382812	450.7581787109375	728.2386474609375	738.1721801757812	619.5970458984375	632.4838256835938	995.604248046875	1094.2122802734375	733.9033813476562	32.35024642944336	0.0	36.86982727050781	0.0	127.27767181396484	43.76029968261719	75.51113891601562	0.0	0.0	0.0	0.0	83.11210632324219	114.53418731689453	125.14668273925781	13.980915069580078	52.01222229003906	827.37158203125	922.6358642578125	440.2999572753906	17.66602897644043	242.9351348876953	483.29766845703125	384.9134826660156	137.42189025878906	951.70849609375	1175.0115966796875	752.9491577148438	329.674560546875	372.3970642089844	541.4583740234375	749.9081420898438	651.7492065429688	136.23806762695312	253.17636108398438	616.34716796875	80.8307113647461	17.93609046936035	141.8491668701172	319.7239990234375	54.75608444213867	92.5280532836914	215.86083984375	326.54095458984375	346.8861389160156	0.0	0.0	386.74432373046875	468.2937927246094	207.29214477539062	204.22511291503906	295.0631408691406	181.5900421142578	300.1568603515625	452.3864440917969	218.3861541748047	152.95877075195312	144.68795776367188	38.0909309387207	387.84393310546875	435.810302734375	157.6305389404297	337.3917541503906	375.5227966308594	178.671630859375	215.24952697753906	295.1998291015625	101.50507354736328	158.56454467773438	196.27174377441406	60.69343566894531	106.01756286621094	117.89115905761719	137.54336547851562	337.2139587402344	116.96720123291016	27.85486602783203	244.1866455078125	304.0385437011719	144.14883422851562	58.73709487915039
30.965078353881836	786.9208984375	1056.1575927734375	562.4674682617188	620.6087036132812	1466.7215576171875	1036.4720458984375	1577.217041015625	871.9752807617188	1219.185546875	1336.79052734375	1540.1094970703125	275.6898498535156	835.6079711914062	1212.7747802734375	496.2728576660156	621.188720703125	713.8771362304688	569.2439575195312	798.1641845703125	711.308349609375	521.549560546875	786.95947265625	727.321533203125	404.9462890625	797.4380493164062	903.131103515625	418.04754638671875	717.8401489257812	777.3264770507812	368.2620544433594	137.33282470703125	0.0	40.79753112792969	106.13764190673828	0.0	41.814598083496094	302.8211364746094	81.44219207763672	411.9624328613281	134.5382537841797	117.27294921875	342.43804931640625	408.03033447265625	331.1219787597656	328.0915222167969	393.3309020996094	163.78060913085938	97.75069427490234	108.11270904541016	140.98313903808594	112.25291442871094	104.34661865234375	45.8915901184082	77.15206146240234	56.07896423339844	235.91015625	317.87213134765625	152.2391815185547	0.0	93.84807586669922	130.16958618164062	2.4471607208251953	0.0	0.0	0.0	0.0	0.0	0.0	0.0	0.0	0.0	0.0	0.0	0.0	26.484342575073242	0.0	0.0	56.11453628540039	19.4794864654541	0.0	0.0	41.913658142089844	14.632959365844727	0.0	0.0	0.04892648756504059	0.0	28.955127716064453	133.97091674804688	0.0	32.41995620727539	39.536903381347656	0.0	52.65752029418945	58.57210159301758	0.0	0.0	0.0	0.0	0.0	0.0	0.0	0.0	0.0	0.0	0.0	29.89537239074707	0.0	0.0	11.984148979187012	65.7747802734375	99.7187271118164	172.32803344726562	253.0985107421875	214.8866424560547	166.97653198242188	305.79010009765625	247.70529174804688	243.6768341064453	326.96453857421875	463.048095703125	331.1734313964844	307.9164733886719	318.1324157714844	301.4689636230469	290.7322082519531	147.2985076904297	17.378042221069336	0.0	0.0	0.0	10.892748832702637	0.0	0.0	0.0	0.0	0.0	0.0	0.0	0.0	0.0	0.0	40.396427154541016	107.53048706054688	1.645937442779541	152.28419494628906	102.35991668701172	178.19020080566406	637.9495849609375	548.659912109375	635.0511474609375	815.69873046875	644.4234619140625	538.2188110351562	658.793701171875	1201.6832275390625	963.7013549804688	812.8345947265625	570.4383544921875	284.1159362792969	308.30450439453125	438.6531677246094	553.3927001953125	515.5736694335938	495.3394470214844	713.7460327148438	690.46630859375	798.5582885742188	898.6954345703125	821.1567993164062	513.0457763671875	725.0006713867188	771.5567626953125	627.638427734375	483.0208435058594	48.71120834350586	94.47126007080078	0.0	44.78816223144531	88.37960815429688	83.220458984375	0.0	0.0	115.93976593017578	108.02810668945312	0.0	0.0	0.0	63.320674896240234	0.0	0.0	83.6634521484375	235.41929626464844	230.4209747314453	169.44454956054688	241.61407470703125	355.71002197265625	306.9333801269531	467.63275146484375	795.5154418945312	712.4348754882812	634.6939086914062	389.6904296875	548.8982543945312	580.5752563476562	429.4126281738281	158.02847290039062	0.0	179.176025390625	0.0	249.6595916748047	127.72409057617188	241.8412322998047	280.1996154785156	380.2331848144531	163.70822143554688	0.0	309.8763427734375	204.610107421875	156.5064239501953	441.51177978515625	351.1457824707031	112.11946868896484	484.2942199707031	538.202392578125	297.1253356933594	593.1339111328125	336.02069091796875	151.35879516601562	408.09515380859375	350.3612060546875	22.229190826416016	476.2923889160156	455.8343811035156	0.0	315.0957336425781	367.7555236816406	0.0	28.378170013427734	0.0	0.0	39.46076965332031	0.0	0.0	196.96253967285156	20.614715576171875	321.7819519042969	57.95819854736328	144.44384765625	250.1817169189453	373.9922790527344	201.4663543701172	240.06871032714844	378.6451416015625	332.7851867675781
25.68222999572754	1121.4869384765625	741.3917846679688	666.83544921875	409.0415954589844	930.2896118164062	1087.9864501953125	970.2431640625	186.54331970214844	1163.7154541015625	1146.2200927734375	309.583984375	784.3012084960938	1229.4891357421875	508.2606506347656	545.0474853515625	570.2418823242188	548.8601684570312	607.2797241210938	531.0679931640625	297.06964111328125	736.6301879882812	766.1959228515625	482.15582275390625	662.88037109375	731.2387084960938	354.4341735839844	223.31053161621094	480.5817565917969	652.8539428710938	666.830322265625	288.3526916503906	0.0	289.1667175292969	127.25740814208984	162.3434600830078	154.60369873046875	207.87326049804688	297.2098388671875	306.259521484375	0.0	280.383544921875	356.7555236816406	119.29425811767578	254.91029357910156	300.2816467285156	48.61769104003906	79.22178649902344	148.650390625	192.797607421875	262.97113037109375	156.88876342773438	44.4323844909668	94.98989868164062	75.90299224853516	100.3177261352539	140.21734619140625	101.79965209960938	0.0	12.835332870483398	134.23477172851562	67.99778747558594	21.378129959106445	26.698068618774414	0.0	0.0	0.0	0.0	0.0	0.0	0.0	65.3482437133789	0.0	0.0	0.0	23.164608001708984	0.0	0.0	79.71217346191406	49.464576721191406	11.6649169921875	0.0	91.43252563476562	84.32066345214844	0.0	34.5127067565918	0.0	72.0155258178711	8.015382766723633	7.994171619415283	28.1961727142334	44.17506790161133	0.0	24.016202926635742	5.687236785888672	26.856990814208984	0.0	0.0	0.0	0.0	0.0	0.0	0.0	3.961488962173462	0.0	0.0	0.0	44.006439208984375	0.0	0.0	7.892396926879883	0.0	116.35395812988281	230.9833221435547	294.87744140625	156.03726196289062	106.13792419433594	288.4012756347656	272.9248046875	246.22605895996094	260.6119689941406	231.3186492919922	294.3880615234375	123.80571746826172	265.7578125	496.6405029296875	325.0020751953125	176.6600799560547	0.0	0.0	0.0	0.0	0.0	0.0	0.0	0.0	0.0	0.0	0.0	19.60856819152832	0.0	0.0	0.0	0.0	130.07711791992188	878.4739990234375	1021.9972534179688	546.2275390625	488.5679626464844	539.7285766601562	396.8458557128906	566.4053955078125	341.3438415527344	648.8306884765625	743.3557739257812	531.7992553710938	720.0130615234375	880.7676391601562	506.1425476074219	10.347137451171875	289.4775390625	578.086669921875	864.1646118164062	613.6712646484375	323.4512939453125	634.40576171875	662.3649291992188	421.50384521484375	504.09991455078125	652.697265625	672.4771118164062	425.5758361816406	716.1222534179688	1013.39208984375	829.4261474609375	296.6133117675781	58.7443733215332	78.87873840332031	0.0	8.594598770141602	104.99597930908203	211.32066345214844	0.0	0.0	93.36437225341797	13.741964340209961	84.3355712890625	0.0	145.82730102539062	49.68149185180664	59.0500373840332	0.0	313.8413391113281	687.32421875	811.3356323242188	478.5277404785156	223.58404541015625	307.57904052734375	510.1514892578125	341.90167236328125	436.2061462402344	518.0702514648438	400.7261962890625	29.306623458862305	576.2633056640625	558.0922241210938	236.99127197265625	79.68156433105469	93.46208190917969	6.565976619720459	373.1472473144531	492.46929931640625	136.56283569335938	72.53465270996094	240.95132446289062	171.8074493408203	47.6138801574707	223.1519012451172	67.12740325927734	106.81675720214844	111.20494079589844	86.27596282958984	333.1253356933594	51.11463165283203	328.4812316894531	318.50909423828125	290.03179931640625	372.55023193359375	167.41738891601562	498.5750427246094	435.571533203125	0.0	381.9154968261719	344.3163146972656	205.90304565429688	195.93096923828125	54.32029342651367	279.0489196777344	287.50946044921875	138.25064086914062	0.0	180.76910400390625	160.43331909179688	123.77413940429688	18.195049285888672	194.51670837402344	203.56761169433594	294.63629150390625	0.0	213.02220153808594	418.9023132324219	321.84246826171875	148.52978515625	183.4720001220703	48.353572845458984	102.27731323242188
216.84698486328125	174.8979034423828	479.75018310546875	780.83837890625	40.87538146972656	0.0	690.501708984375	788.7694702148438	15.667962074279785	0.9602512121200562	1048.3240966796875	795.999755859375	32.98863983154297	12.60595703125	994.4249877929688	524.0592651367188	480.7236022949219	557.5020751953125	704.4479370117188	365.0313415527344	54.94682312011719	445.1714782714844	584.2939453125	278.3038330078125	7.005406379699707	460.4499816894531	487.28326416015625	243.44918823242188	0.29097169637680054	458.58746337890625	338.40179443359375	170.52926635742188	39.057518005371094	45.137901306152344	106.17904663085938	141.6666717529297	330.80462646484375	327.77947998046875	225.90603637695312	162.14450073242188	0.15323463082313538	0.0	165.58717346191406	48.73933410644531	3.5540592670440674	0.0	155.2202911376953	42.888641357421875	372.7951965332031	381.6166687011719	306.5388488769531	74.33329010009766	0.0	47.49320602416992	31.57624626159668	0.0	31.831844329833984	138.2484588623047	78.61447143554688	0.0	29.792692184448242	64.37379455566406	0.0	0.7669305205345154	22.20563507080078	0.0	0.0	23.954700469970703	0.0	0.0	0.0	116.09944152832031	0.0	0.0	0.0	116.44246673583984	0.0	0.0	27.487411499023438	82.87752532958984	79.48947143554688	74.08773803710938	120.19099426269531	34.68863296508789	21.268497467041016	8.12386417388916	7.2748703956604	0.0	0.0	2.927504777908325	0.0	0.0	0.0	0.0	0.0	0.0	0.0	0.0	0.0	0.0	37.782310485839844	0.0	0.0	10.063985824584961	23.109771728515625	0.0	0.0	33.46559143066406	0.0	0.0	0.0	16.184526443481445	399.9549560546875	413.1355895996094	388.2408752441406	236.37838745117188	127.79203033447266	188.06053161621094	194.4658966064453	105.69456481933594	44.320404052734375	90.23123168945312	163.91331481933594	110.9326171875	0.24409987032413483	116.68876647949219	142.17254638671875	82.38329315185547	0.0	0.0	0.0	0.0	0.0	0.0	0.0	0.0	0.0	8.56739616394043	0.0	10.039347648620605	0.10943925380706787	0.0	0.0	4.491333484649658	625.429931640625	587.8009643554688	499.4838562011719	271.35711669921875	1160.555419921875	1231.9410400390625	1017.5032348632812	478.4093017578125	7.628921031951904	211.84210205078125	203.89414978027344	107.67745971679688	32.99583053588867	268.94293212890625	226.79234313964844	95.17668151855469	703.04833984375	731.4282836914062	634.4110717773438	216.52655029296875	560.7894287109375	678.965087890625	592.1209106445312	234.6275177001953	46.584781646728516	242.08792114257812	229.19024658203125	230.71298217773438	64.3743896484375	272.15447998046875	249.86627197265625	248.6044921875	19.280113220214844	32.6014289855957	77.58988189697266	0.0	0.0	0.0	94.3451156616211	0.0	8.987835884094238	0.0	155.95443725585938	0.0	15.06114387512207	31.068065643310547	184.97152709960938	0.0	999.3521118164062	1002.9783935546875	764.601806640625	281.68194580078125	389.9542541503906	398.4785461425781	202.01809692382812	0.0	30.545698165893555	115.70652770996094	119.51988220214844	19.629491806030273	39.72873306274414	141.8467254638672	122.72724151611328	35.905128479003906	0.0	0.0	17.881668090820312	0.0	237.71856689453125	237.78530883789062	447.59625244140625	166.20950317382812	0.031035952270030975	68.86107635498047	254.25582885742188	0.0	0.333340048789978	152.9066925048828	265.37445068359375	11.794259071350098	228.28411865234375	257.8616943359375	304.2548828125	225.03765869140625	0.0	178.9551544189453	246.16943359375	181.7859649658203	60.22209930419922	247.9698028564453	228.4945068359375	182.51820373535156	6.112887382507324	164.06216430664062	143.65283203125	100.40624237060547	0.0	0.0	0.0	98.8569107055664	325.69573974609375	253.33773803710938	105.28650665283203	230.67315673828125	115.12411499023438	50.0203742980957	112.8472900390625	180.821533203125	0.0	0.0	109.68631744384766	155.7965545654297
30.05552864074707	931.260009765625	1075.9786376953125	556.6791381835938	221.15484619140625	1301.006591796875	677.4391479492188	1173.1405029296875	285.06573486328125	503.6943054199219	1084.61962890625	1298.40869140625	53.9588508605957	104.44100189208984	934.5989379882812	458.23388671875	543.2701416015625	601.4711303710938	588.6599731445312	367.82000732421875	465.6951599121094	555.3300170898438	853.6412963867188	558.2665405273438	197.13662719726562	541.1600341796875	628.9951171875	341.808837890625	110.8984603881836	670.8532104492188	520.0438842773438	186.9441375732422	0.0	140.49923706054688	138.05259704589844	72.68824005126953	26.10976219177246	359.046142578125	85.80718994140625	173.52133178710938	137.161865234375	96.743408203125	330.5587158203125	234.5227813720703	211.578125	176.27706909179688	308.2021789550781	133.8229522705078	127.33746337890625	149.7097930908203	162.90255737304688	71.72501373291016	113.55986785888672	0.0	86.40723419189453	6.016129970550537	133.192138671875	261.5703430175781	280.44854736328125	23.252281188964844	15.470104217529297	63.032615661621094	0.0	11.022394180297852	0.0	0.0	0.0	22.40011978149414	0.0	0.0	0.0	98.82658386230469	0.0	0.0	0.0	52.51298904418945	0.0	0.0	102.15027618408203	82.90717315673828	0.0	0.0	59.66423797607422	22.855976104736328	20.716079711914062	0.0	4.297891616821289	0.0	23.17279624938965	77.08722686767578	0.0	15.530990600585938	0.0	9.282986640930176	3.427175283432007	15.8467378616333	0.0	0.0	0.0	0.0	0.0	0.0	0.0	0.0	0.0	0.0	0.0	28.215980529785156	0.0	0.0	9.113149642944336	32.74659729003906	91.48484802246094	142.44039916992188	268.7054138183594	284.9890441894531	91.521240234375	351.261474609375	425.49609375	202.83456420898438	87.09620666503906	205.4445343017578	317.5175476074219	200.94613647460938	122.62613677978516	273.9789123535156	318.04229736328125	172.1630401611328	12.077320098876953	0.0	0.0	0.0	0.0	0.0	0.0	0.0	0.0	0.0	0.0	0.0	0.0	0.0	0.0	37.601810455322266	58.20806121826172	398.471923828125	719.9354858398438	360.7793273925781	269.6073303222656	777.0707397460938	879.3907470703125	236.7666473388672	640.4435424804688	883.725830078125	876.6296997070312	475.8094482421875	528.13916015625	870.6756591796875	829.6002197265625	265.49005126953125	247.11170959472656	335.5384216308594	498.2727966308594	434.1713562011719	444.0785827636719	836.292236328125	775.059326171875	314.9893493652344	428.8705139160156	779.8190307617188	811.0957641601562	347.04583740234375	320.3802185058594	516.388427734375	420.6633605957031	334.44488525390625	34.24755859375	78.337890625	26.9107608795166	52.96754455566406	28.462682723999023	232.45094299316406	32.58104705810547	59.715145111083984	0.0	43.13423156738281	38.38420867919922	0.0	44.20615768432617	66.538330078125	74.37498474121094	0.0	159.81651306152344	607.5381469726562	544.60546875	306.62664794921875	204.17752075195312	308.2095642089844	161.4364776611328	152.72206115722656	490.8766784667969	781.6566162109375	635.0264892578125	259.02398681640625	239.7496337890625	316.3790588378906	164.08779907226562	57.33544921875	0.0	86.76374816894531	119.4891586303711	96.41316223144531	51.04514694213867	22.07727813720703	404.610107421875	408.55072021484375	49.290958404541016	268.68682861328125	363.9775390625	34.841552734375	0.0	390.06683349609375	500.4886779785156	76.84782409667969	313.02313232421875	502.1177978515625	313.4886779785156	333.82879638671875	130.537353515625	224.3236846923828	449.23797607421875	207.44862365722656	0.0	272.3597717285156	337.1811218261719	0.0	108.79366302490234	292.349609375	181.93896484375	0.0	0.0	0.0	63.29125213623047	123.54114532470703	0.0	203.92059326171875	179.343994140625	128.3007354736328	114.90633392333984	0.0	207.3726348876953	250.10586547851562	166.38214111328125	122.66570281982422	254.04647827148438	208.6602325439453
63.08542251586914	748.89208984375	1311.825439453125	666.179931640625	752.5494384765625	1474.6619873046875	1051.09619140625	941.2236328125	1409.683837890625	1364.03173828125	496.1494445800781	1211.0224609375	824.322509765625	406.491455078125	1158.98681640625	1307.2659912109375	597.412353515625	758.9973754882812	495.1778259277344	551.8946533203125	725.517578125	541.3197021484375	433.05877685546875	567.5004272460938	471.6293029785156	624.4583740234375	801.1935424804688	527.1715698242188	517.5149536132812	970.6216430664062	873.1044921875	297.2653503417969	0.0	94.02032470703125	297.2511901855469	161.67013549804688	160.127685546875	399.9486083984375	285.0093688964844	204.1927947998047	363.5169982910156	323.27734375	0.0	283.7774658203125	17.876174926757812	0.0	349.1280212402344	292.5597839355469	112.8663330078125	78.02980041503906	74.94670867919922	36.753662109375	106.62506866455078	0.0	90.73684692382812	84.7166748046875	14.857261657714844	25.344980239868164	58.1448860168457	28.5625	317.19622802734375	429.8997802734375	182.4296875	3.457728385925293	0.0	0.0	0.0	0.0	0.0	0.0	0.0	0.0	0.0	0.0	0.0	0.14101004600524902	16.504621505737305	53.722564697265625	24.177492141723633	16.645158767700195	0.0	0.0	0.0	67.24336242675781	0.0	17.985170364379883	24.027420043945312	0.0	0.0	0.0	0.0	40.3007698059082	76.32231140136719	27.966449737548828	36.23834228515625	80.0750732421875	0.0	0.0	0.0	0.0	0.0	0.0	0.0	0.0	0.0	0.0	0.0	0.0	0.0	0.0	0.0	30.00170135498047	134.35693359375	167.9143524169922	211.71591186523438	259.4548034667969	113.56075286865234	190.728515625	187.1054229736328	162.18731689453125	331.3747253417969	374.9925231933594	245.4775848388672	199.3294677734375	476.6024475097656	497.8249816894531	384.9065246582031	296.4974365234375	13.638764381408691	0.0	0.0	0.0	11.403594970703125	0.0	7.0795369148254395	0.0	0.0	0.0	3.416780948638916	0.0	0.0	0.0	0.0	0.0	78.32827758789062	79.44380950927734	544.8447875976562	784.1699829101562	267.48858642578125	685.7662353515625	682.0269165039062	295.34442138671875	516.3594970703125	695.5411376953125	289.4126281738281	282.2819519042969	450.20721435546875	418.2473449707031	820.4995727539062	637.2241821289062	321.60235595703125	355.1926574707031	548.5107421875	652.9533081054688	348.42034912109375	385.0737609863281	586.0826416015625	518.1969604492188	483.2932434082031	659.8089599609375	647.9432983398438	374.0155334472656	942.1331787109375	1111.0234375	853.689697265625	511.4845886230469	82.26065063476562	95.71467590332031	0.0	78.49446105957031	76.43314361572266	0.0	0.0	13.48602294921875	233.05804443359375	0.0	24.2147274017334	6.355953693389893	217.0338897705078	0.0	5.088862419128418	0.0	92.1546859741211	352.8540954589844	409.8501281738281	296.4273986816406	362.3734436035156	388.7508850097656	262.8887634277344	185.75054931640625	281.8830871582031	109.86016845703125	260.4969482421875	261.65118408203125	879.1522827148438	1066.08544921875	908.7201538085938	378.2111511230469	0.0	206.52525329589844	92.7564697265625	279.700927734375	197.69943237304688	197.6360626220703	31.909433364868164	327.7630310058594	229.26438903808594	0.0	225.38241577148438	302.9285583496094	128.7867889404297	51.95612335205078	78.66291809082031	0.8972450494766235	509.5759582519531	540.9840087890625	77.06070709228516	315.1983947753906	410.1661682128906	143.3232879638672	375.9103088378906	340.69122314453125	126.55300903320312	469.260498046875	446.33990478515625	132.70816040039062	269.0216979980469	480.2173767089844	135.58987426757812	0.0	0.0	0.0	260.2063903808594	202.94744873046875	0.0	380.7123107910156	301.7666015625	90.32473754882812	237.14572143554688	382.3782653808594	0.0	265.144287109375	32.185691833496094	0.0	234.75906372070312	309.1434020996094
27.925273895263672	1102.9307861328125	821.8362426757812	975.3723754882812	365.353271484375	1065.6019287109375	818.5723876953125	1091.8160400390625	270.70086669921875	800.6223754882812	1221.63232421875	703.8504638671875	552.3628540039062	1048.314208984375	969.6340942382812	179.38059997558594	638.8883056640625	622.2941284179688	751.374755859375	744.6943969726562	395.6255187988281	642.6655883789062	712.7631225585938	487.2609558105469	486.09136962890625	609.4412841796875	410.36468505859375	255.13864135742188	701.8815307617188	769.2857055664062	541.939697265625	190.0140838623047	0.0	74.7213363647461	21.015911102294922	207.4577178955078	174.25369262695312	278.70416259765625	325.2178955078125	372.70654296875	160.31065368652344	159.1046905517578	346.9018859863281	204.12376403808594	0.0	175.56991577148438	193.33688354492188	6.010051250457764	177.52857971191406	158.39981079101562	297.130859375	246.22802734375	134.3445281982422	73.15814971923828	91.85592651367188	0.0	55.09064865112305	75.69037628173828	21.857181549072266	9.497709274291992	252.82252502441406	184.29136657714844	53.703609466552734	28.956602096557617	0.0	0.0	0.0	0.0	0.0	0.0	0.0	96.4441909790039	0.0	0.0	0.0	27.81291961669922	0.0	0.0	85.610107421875	45.97774124145508	4.875569820404053	0.0	84.2470703125	60.00407409667969	0.0	11.495165824890137	0.0	51.384056091308594	6.574356555938721	44.00041198730469	0.0	19.702442169189453	2.537010908126831	0.0	22.928730010986328	17.990488052368164	0.0	0.0	0.0	0.0	0.0	0.0	0.0	8.381415367126465	0.0	0.0	0.0	58.290348052978516	0.0	0.0	37.07809066772461	26.849666595458984	151.32666015625	216.9171905517578	354.2914733886719	329.0648193359375	79.91349792480469	340.6617431640625	262.1272888183594	288.3860778808594	168.28358459472656	188.18991088867188	290.7505187988281	160.15237426757812	343.1453552246094	368.1780090332031	353.362548828125	179.88388061523438	0.0	0.0	0.0	0.0	0.0	0.0	0.0	0.0	0.0	0.0	0.0	17.238231658935547	0.0	0.0	0.0	33.31954574584961	60.762332916259766	614.0531005859375	791.364501953125	647.8177490234375	622.6065673828125	923.8788452148438	887.3199462890625	679.0097045898438	646.9542846679688	539.9989624023438	601.9813842773438	478.998779296875	164.05596923828125	401.3037414550781	400.364013671875	130.20941162109375	391.8539123535156	517.85498046875	891.5723266601562	773.5498046875	455.3539123535156	789.0780639648438	861.1051025390625	640.4031372070312	290.8879089355469	521.5680541992188	487.8014221191406	380.6875915527344	902.9365234375	898.3572998046875	604.9528198242188	388.51751708984375	58.120323181152344	63.20478439331055	0.0	0.0	69.85337829589844	139.09344482421875	0.0	0.0	43.72386932373047	108.85258483886719	56.57509231567383	0.0	102.53932189941406	124.65118408203125	15.087066650390625	0.0	321.06304931640625	731.1956787109375	730.3222045898438	540.3063354492188	410.1275939941406	512.3837280273438	373.9939880371094	353.9393310546875	246.09083557128906	352.79705810546875	358.92242431640625	47.050575256347656	533.958740234375	650.2574462890625	458.5248107910156	104.43790435791016	0.0	0.0	193.6361846923828	298.84356689453125	148.70330810546875	69.3449478149414	436.6308288574219	425.6838684082031	96.65174102783203	384.74468994140625	258.1806335449219	53.75550079345703	82.54812622070312	260.766845703125	25.5210018157959	35.19103240966797	409.4559020996094	501.2856750488281	378.9122619628906	478.89459228515625	28.448060989379883	348.2839050292969	255.31776428222656	0.0	285.9309387207031	351.9373779296875	127.2452392578125	0.0	414.7308349609375	402.4366760253906	26.15696907043457	0.0	0.0	0.0	0.0	98.56858825683594	97.13043212890625	169.06246948242188	274.45703125	349.1857604980469	131.40087890625	106.36715698242188	394.55389404296875	376.20281982421875	0.0	93.42410278320312	167.63731384277344	149.05308532714844
51.94620895385742	1095.108642578125	1018.8373413085938	650.29345703125	895.9486083984375	1374.64892578125	623.4286499023438	1359.6962890625	1126.727783203125	1046.051513671875	1158.3482666015625	1003.1173095703125	493.4996337890625	213.0240020751953	1128.3291015625	660.837158203125	654.1326293945312	657.105224609375	596.04638671875	525.7020874023438	589.7202758789062	474.00250244140625	633.853759765625	382.8845520019531	351.85528564453125	759.1864013671875	778.9620361328125	527.6539306640625	253.3585662841797	618.103759765625	596.0213623046875	112.6236801147461	0.0	291.8157043457031	212.09266662597656	108.56231689453125	251.30409240722656	344.822021484375	132.693603515625	263.0359802246094	186.28712463378906	74.29328918457031	146.67564392089844	102.55322265625	177.89981079101562	269.4831237792969	431.66278076171875	226.15182495117188	105.85115051269531	100.9158706665039	131.37953186035156	80.15509033203125	79.45360565185547	42.9835090637207	19.961204528808594	0.0	31.36903190612793	119.73937225341797	76.11209869384766	105.6003646850586	180.94406127929688	340.69622802734375	182.04428100585938	141.89755249023438	0.0	0.0	0.0	0.0	0.0	0.0	0.0	27.68739891052246	0.0	0.0	5.3083343505859375	0.0	0.0	22.03252410888672	28.558366775512695	44.44770431518555	0.0	0.0	53.5969123840332	43.43838119506836	0.0	37.17744827270508	35.81929397583008	30.359657287597656	0.0	1.999637246131897	0.0	0.0	83.0080795288086	37.38689041137695	27.625722885131836	39.599281311035156	0.0	0.0	0.0	0.0	0.0	0.0	0.0	0.0	0.0	0.0	0.0	9.691516876220703	0.0	0.0	0.0	35.12944793701172	142.3590850830078	138.60244750976562	260.0167236328125	158.46688842773438	115.15752410888672	161.3065185546875	244.3078155517578	177.77418518066406	281.4095764160156	421.042236328125	413.8093566894531	288.2557678222656	119.89102172851562	223.03697204589844	271.3579406738281	195.81546020507812	18.181724548339844	0.0	0.0	0.0	0.0	0.0	0.0	0.0	0.0	0.0	0.0	0.0	0.0	0.0	0.0	0.0	73.01004028320312	426.1993713378906	664.385009765625	323.39459228515625	353.46722412109375	664.5668334960938	479.3106689453125	377.174560546875	300.228271484375	399.766357421875	362.5716857910156	290.7526550292969	834.244384765625	992.8363037109375	1046.6392822265625	776.8749389648438	283.60003662109375	376.9677734375	641.2089233398438	445.7505187988281	270.33453369140625	440.15570068359375	610.82958984375	340.6478576660156	674.10205078125	915.07763671875	836.7293701171875	557.7716064453125	562.2548828125	855.9865112304688	793.0552368164062	597.8714599609375	102.34251403808594	0.0	0.0	0.0	131.86993408203125	0.0	0.0	0.0	206.7772216796875	15.764045715332031	156.7762451171875	0.0	6.731350898742676	0.0	0.0	0.0	188.206787109375	365.13323974609375	435.9124755859375	200.32708740234375	271.51470947265625	240.1575469970703	278.23785400390625	191.9812469482422	183.40809631347656	141.04641723632812	264.8187255859375	334.1100158691406	655.3512573242188	806.1747436523438	830.4009399414062	613.2149658203125	82.32136535644531	125.96739196777344	83.30667877197266	267.8126525878906	201.2729034423828	99.39306640625	277.4874572753906	268.32940673828125	133.99740600585938	0.0	216.255126953125	91.6480712890625	120.76844024658203	283.3179626464844	134.6145782470703	182.25450134277344	425.5353088378906	489.78485107421875	210.3837127685547	311.83905029296875	252.25733947753906	155.82431030273438	370.39404296875	159.53720092773438	80.6607894897461	362.17047119140625	297.13470458984375	142.78604125976562	79.79875946044922	261.31964111328125	40.267906188964844	0.0	0.0	91.48613739013672	167.66734313964844	76.43033599853516	83.35710144042969	346.06903076171875	83.64480590820312	223.81613159179688	135.97207641601562	147.88839721679688	136.8121337890625	173.9163055419922	134.5432891845703	0.0	368.87530517578125	336.3360595703125
825.6607055664062	1056.5643310546875	431.3137512207031	1019.2181396484375	824.4849853515625	597.3363647460938	1346.0830078125	1305.47216796875	123.60106658935547	836.1531982421875	1199.734619140625	357.3611145019531	45.68780517578125	1168.365478515625	944.0703125	493.3626403808594	608.8224487304688	324.2223815917969	663.0919189453125	423.72857666015625	186.9729461669922	637.3734130859375	749.6982421875	329.2304992675781	496.6164855957031	581.01123046875	373.1319274902344	319.01153564453125	453.8775939941406	390.6913146972656	692.7037353515625	670.489013671875	234.8503875732422	304.35784912109375	34.808616638183594	230.46640014648438	195.71298217773438	68.65013885498047	263.18560791015625	306.326904296875	135.797607421875	155.81556701660156	244.8707733154297	0.0	0.0	238.3263702392578	98.3685073852539	114.46025848388672	110.11018371582031	132.3743438720703	201.0190887451172	37.430572509765625	72.04093170166016	161.6814727783203	37.06261444091797	0.0	132.68341064453125	137.24905395507812	59.96159744262695	112.3584213256836	105.22312927246094	70.50311279296875	83.36052703857422	103.09760284423828	0.0	0.0	0.0	33.052581787109375	0.0	0.0	0.0	74.83772277832031	0.0	0.0	28.484281539916992	0.0	0.0	0.0	0.09189756214618683	0.0	0.0	0.0	17.940208435058594	24.156890869140625	54.532501220703125	36.06710433959961	0.0	58.88157272338867	48.13788986206055	9.746603965759277	87.79998779296875	0.0	9.485020637512207	0.0	0.0	27.325725555419922	0.0	0.0	0.0	0.0	0.0	0.0	0.0	17.053850173950195	0.0	0.0	0.0	40.72469711303711	0.0	0.0	0.0	0.0	187.03903198242188	236.37713623046875	212.09848022460938	159.6183624267578	176.06260681152344	293.9326171875	258.8924560546875	173.36009216308594	120.40465545654297	175.55665588378906	302.7264404296875	346.9173278808594	80.61241149902344	433.6997985839844	459.5481262207031	261.129150390625	0.0	0.0	0.0	0.0	0.0	0.0	0.0	0.0	0.0	0.0	0.0	0.0	0.0	0.0	0.0	0.0	337.75262451171875	798.3196411132812	802.3800048828125	410.95867919921875	529.3096923828125	354.656005859375	353.8500061035156	400.65789794921875	540.0003051757812	526.82080078125	607.5253295898438	261.3165588378906	283.02252197265625	641.1868896484375	746.7117309570312	390.1158752441406	495.810546875	685.592041015625	751.23876953125	422.66619873046875	471.6898193359375	623.5209350585938	468.2056884765625	307.93853759765625	376.62322998046875	536.3417358398438	634.029541015625	606.8698120117188	385.3257751464844	812.85546875	1031.22265625	719.3761596679688	177.766357421875	0.0	10.81395435333252	31.228397369384766	136.35177612304688	37.930171966552734	4.485326290130615	0.0	0.0	60.418365478515625	0.0	11.249910354614258	0.0	198.434326171875	0.0	19.40135955810547	456.2359619140625	651.3815307617188	594.9998168945312	343.0388488769531	302.1628112792969	336.2461853027344	246.9216766357422	190.52928161621094	251.39224243164062	402.5724182128906	382.11407470703125	281.93402099609375	199.53265380859375	395.58306884765625	369.48101806640625	336.6152648925781	101.04118347167969	15.069609642028809	451.0260925292969	384.5736999511719	169.99197387695312	0.0	207.01499938964844	119.05868530273438	13.167736053466797	249.71371459960938	166.7117919921875	48.652835845947266	55.516868591308594	96.7562026977539	167.0642852783203	324.807861328125	270.5718078613281	100.60346984863281	347.882568359375	267.81304931640625	53.34921646118164	461.5440368652344	343.208984375	0.0	187.2761993408203	291.2682189941406	50.135459899902344	269.538330078125	128.82095336914062	117.1070327758789	291.7927551269531	342.5198669433594	12.602458953857422	298.2809753417969	47.140506744384766	212.52691650390625	149.6246337890625	117.89128875732422	267.5068054199219	291.73114013671875	155.4732666015625	67.98845672607422	247.1616668701172	160.97911071777344	0.0	221.38351440429688	151.45782470703125	32.69560623168945
75.90525817871094	1180.5128173828125	1242.90087890625	349.6142883300781	1038.7525634765625	1394.89013671875	628.2893676757812	1007.9109497070312	1427.7694091796875	905.2557373046875	373.48779296875	1306.29052734375	1020.7066040039062	485.2707824707031	1022.7000732421875	1228.9324951171875	694.6220092773438	723.505859375	440.6012878417969	451.01019287109375	657.0394287109375	342.50604248046875	521.453857421875	622.9612426757812	348.2098083496094	430.76898193359375	712.8737182617188	531.2608032226562	591.4391479492188	858.3898315429688	775.22216796875	216.7521209716797	0.0	348.9602355957031	414.4378662109375	80.7902603149414	306.7651062011719	407.2923889160156	254.73330688476562	157.291259765625	370.7926940917969	226.61892700195312	0.0	267.5362548828125	71.49897766113281	73.6923828125	356.58905029296875	311.0213317871094	125.34680938720703	91.86554718017578	178.37135314941406	80.33876037597656	125.18356323242188	0.0	72.75508880615234	38.595882415771484	0.0	33.077491760253906	77.54430389404297	20.60280990600586	285.7818603515625	231.92584228515625	128.7339324951172	27.704071044921875	0.0	0.0	0.0	0.0	0.0	11.300252914428711	0.0	0.0	0.0	0.0	0.0	7.390459060668945	25.161317825317383	0.0	32.0196533203125	32.84064483642578	0.0	0.0	20.901473999023438	58.70916748046875	0.0	42.71572494506836	20.349788665771484	17.000770568847656	0.0	7.1477370262146	0.0	25.942304611206055	80.73236846923828	0.0	37.71449661254883	101.12824249267578	0.0	0.0	0.0	0.0	0.0	0.0	0.0	0.0	0.0	0.0	0.0	0.0	0.0	0.0	0.0	37.0817756652832	144.21177673339844	151.3145294189453	266.19683837890625	188.71554565429688	103.32499694824219	229.50038146972656	217.34703063964844	166.2371826171875	203.0433349609375	289.09912109375	176.3748321533203	218.9450225830078	453.00390625	462.1812744140625	239.55795288085938	247.19390869140625	14.461894989013672	0.0	0.0	0.0	0.0	0.0	33.17576599121094	0.0	0.0	0.0	22.720979690551758	0.0	0.0	0.0	0.0	0.0	82.04800415039062	413.06805419921875	951.773193359375	725.8017578125	477.9297180175781	738.8639526367188	789.9163818359375	296.9542236328125	604.7242431640625	532.4882202148438	212.5565948486328	318.8769836425781	271.521728515625	219.90145874023438	841.67724609375	682.2962646484375	394.5442810058594	457.3039855957031	712.4833374023438	594.7574462890625	335.7698974609375	481.8460388183594	597.49267578125	441.0920715332031	259.8393249511719	628.8407592773438	600.2277221679688	385.5762023925781	864.40625	915.8839721679688	598.8397216796875	459.1153564453125	77.50260162353516	16.29002571105957	0.0	106.8812255859375	60.98733139038086	0.0	0.0	47.262298583984375	202.58726501464844	1.8506702184677124	0.0	18.551015853881836	241.44288635253906	1.3638662099838257	0.0	0.0	154.80511474609375	464.9877014160156	608.2123413085938	443.67059326171875	404.9852294921875	419.93475341796875	216.8128662109375	77.05452728271484	268.5920715332031	69.50938415527344	253.6262664794922	275.5582275390625	581.680908203125	876.7012939453125	786.1873168945312	431.3686828613281	57.008033752441406	188.17527770996094	54.828269958496094	371.5324401855469	180.996337890625	155.4404754638672	65.19620513916016	365.62274169921875	234.6491241455078	0.0	258.5824279785156	270.7796630859375	59.732723236083984	61.89470672607422	95.9104232788086	30.99518394470215	488.2820129394531	483.07293701171875	0.0	254.7164306640625	378.3668212890625	0.0	387.5946350097656	385.8587341308594	135.5222930908203	461.8014831542969	423.1619567871094	154.5328369140625	378.6050109863281	449.6778564453125	53.70375061035156	11.054319381713867	0.0	126.97428894042969	287.7381286621094	45.53413391113281	115.8556900024414	414.1341247558594	329.3870544433594	91.62820434570312	384.2711486816406	355.34197998046875	0.0	228.3904266357422	0.0	0.0	302.1448974609375	278.4176940917969
30.55791473388672	307.36798095703125	1058.6116943359375	367.2265930175781	22.218276977539062	365.37109375	1061.3702392578125	304.423583984375	25.901683807373047	544.7808227539062	1133.44091796875	184.2997283935547	39.520259857177734	505.62738037109375	950.8143920898438	245.0272216796875	14.872269630432129	563.2916870117188	386.7068176269531	169.55125427246094	5.229218482971191	557.1033935546875	345.8351135253906	144.05589294433594	52.64363479614258	516.3820190429688	363.50067138671875	169.26646423339844	115.40678405761719	518.2156982421875	394.4638977050781	177.75384521484375	0.0	28.262956619262695	150.69639587402344	44.8270149230957	47.202903747558594	63.20009994506836	191.57505798339844	56.51958465576172	4.015870571136475	74.67127990722656	201.54397583007812	27.851789474487305	0.0	63.42225646972656	171.28335571289062	9.115260124206543	52.20571517944336	99.93670654296875	0.0	0.0	89.69680786132812	96.04906463623047	0.0	0.0	66.27980041503906	74.1076431274414	0.0	0.0	118.26887512207031	165.18682861328125	59.95813751220703	0.0	0.0	0.0	54.382015228271484	51.999473571777344	0.0	0.0	94.59739685058594	41.29042053222656	0.0	0.0	97.23863220214844	43.24760437011719	0.0	0.0	98.66668701171875	30.504165649414062	5.28115701675415	0.0	0.0	0.0	0.0	0.0	0.0	8.959099769592285	0.0	0.0	0.0	4.981008529663086	9.399748802185059	19.054031372070312	0.0	17.961776733398438	0.0	0.0	0.0	15.148564338684082	0.0	0.0	0.0	19.563505172729492	0.0	0.0	0.0	43.21493911743164	0.0	0.0	12.847593307495117	20.713415145874023	9.872668266296387	99.40978240966797	188.22900390625	89.80812072753906	2.9567017555236816	122.93771362304688	130.66322326660156	68.02356719970703	0.0	199.70046997070312	220.98037719726562	106.48409271240234	18.23988914489746	219.5255584716797	266.60064697265625	135.9496612548828	0.0	0.0	0.0	38.58698654174805	0.0	0.0	0.0	51.91287612915039	0.0	0.0	0.0	57.96567153930664	0.0	0.0	0.0	9.714227676391602	51.391544342041016	215.52684020996094	228.27767944335938	88.1963119506836	151.0645294189453	370.2955322265625	266.4281311035156	10.092984199523926	115.74811553955078	255.0888671875	204.38502502441406	0.0	153.44964599609375	322.6104431152344	318.33026123046875	82.20124053955078	163.07180786132812	332.06707763671875	235.6446075439453	224.6147918701172	157.10623168945312	295.61505126953125	174.9496612548828	216.18385314941406	184.67544555664062	354.05462646484375	275.9179992675781	246.6879425048828	285.84295654296875	553.1149291992188	444.2142028808594	358.30718994140625	8.438024520874023	122.31224822998047	210.27264404296875	0.0	7.8205742835998535	133.1748046875	153.3614501953125	0.0	22.646501541137695	199.81317138671875	143.11976623535156	0.0	18.407886505126953	199.77456665039062	133.3099822998047	0.0	114.14982604980469	116.2287826538086	138.26870727539062	20.973878860473633	170.97439575195312	205.3964385986328	170.68482971191406	36.50507354736328	128.05233764648438	123.26256561279297	90.36469268798828	41.47085952758789	290.2672424316406	428.32781982421875	392.49761962890625	96.78530883789062	0.0	246.28724670410156	176.0361785888672	43.742252349853516	0.0	297.39251708984375	211.1417236328125	28.712059020996094	0.0	258.7560729980469	126.46063995361328	57.80076217651367	0.0	286.13720703125	88.23081970214844	0.0	49.041221618652344	208.82521057128906	233.54541015625	11.370654106140137	12.674407958984375	182.09730529785156	236.9980010986328	0.0	40.74305725097656	227.17291259765625	236.12339782714844	0.0	24.350269317626953	137.19775390625	133.56045532226562	0.0	0.0	0.0	202.09002685546875	187.4291534423828	0.0	0.0	189.65872192382812	149.9639434814453	0.0	0.0	195.41981506347656	139.6580047607422	0.0	0.0	126.30607604980469	133.70196533203125
54.52619934082031	742.1708984375	806.1477661132812	883.5751342773438	304.13507080078125	1167.4422607421875	593.8958740234375	1051.68017578125	426.39111328125	498.662109375	1117.388916015625	732.490966796875	38.01853942871094	1344.686279296875	1297.0487060546875	0.0	580.7709350585938	655.4627685546875	721.6707153320312	634.7808837890625	551.5101928710938	478.4574890136719	590.14306640625	261.86614990234375	298.7713623046875	654.1460571289062	420.439697265625	233.800048828125	581.2369384765625	589.2452392578125	283.6544189453125	47.08530044555664	0.0	0.0	0.0	97.35697937011719	210.14605712890625	347.65283203125	319.33001708984375	329.9503479003906	271.22882080078125	89.91532135009766	308.8023376464844	165.85446166992188	0.0	255.9176483154297	226.8833465576172	12.501408576965332	140.2425537109375	137.60670471191406	280.7698059082031	96.26374816894531	177.42581176757812	155.23391723632812	134.73085021972656	14.699843406677246	6.359968662261963	60.75748825073242	0.0	6.061336994171143	99.79447174072266	97.01301574707031	0.0	5.550123691558838	0.0	0.0	0.0	2.542367696762085	0.0	0.0	0.0	74.80054473876953	0.0	0.0	15.587900161743164	51.1444091796875	0.0	8.23274040222168	30.065095901489258	0.0	0.0	0.0	89.5844497680664	12.584571838378906	12.03365707397461	40.39109420776367	55.58419418334961	56.116058349609375	0.0	54.618377685546875	1.9305733442306519	52.38356399536133	14.144502639770508	0.0	39.442481994628906	0.0	0.0	0.0	0.0	0.0	0.0	0.0	33.90895462036133	0.0	0.0	0.0	23.10274314880371	65.72900390625	0.0	0.0	32.35822296142578	41.860591888427734	178.4641571044922	221.47344970703125	384.41033935546875	323.4883117675781	59.887428283691406	245.47520446777344	193.30601501464844	134.39260864257812	131.7115020751953	145.71173095703125	196.7443084716797	163.28070068359375	111.84825897216797	184.46261596679688	150.5165557861328	106.9564208984375	8.92880916595459	0.0	0.0	0.0	0.0	0.0	0.0	0.0	0.0	0.0	0.0	0.7445909380912781	0.0	0.0	0.0	29.872716903686523	66.8729019165039	51.107276916503906	173.89981079101562	76.706298828125	525.829833984375	882.7508544921875	860.60400390625	568.8928833007812	736.2724609375	714.0439453125	265.74005126953125	283.0034484863281	108.6158447265625	296.03741455078125	311.8341369628906	117.91630554199219	440.0770263671875	445.5475769042969	586.5588989257812	404.3969421386719	424.1977233886719	648.254638671875	737.24951171875	517.4776000976562	311.9318542480469	436.29302978515625	395.2577819824219	289.47412109375	294.2951354980469	285.9249267578125	302.5625915527344	276.0135498046875	93.33551025390625	88.88031005859375	53.861061096191406	37.1744384765625	0.0	72.77387237548828	0.0	0.0	49.75551986694336	71.29110717773438	0.0	0.0	66.28568267822266	45.915836334228516	0.0	0.0	120.88497161865234	478.4900817871094	562.7350463867188	430.27093505859375	472.9359436035156	681.1854248046875	587.7423095703125	304.584716796875	224.44345092773438	202.1584930419922	152.3433074951172	77.6971664428711	121.62067413330078	194.4578399658203	95.22732543945312	94.90005493164062	0.0	53.47613525390625	0.0	24.326921463012695	157.4488983154297	39.90767288208008	431.8410949707031	258.18682861328125	69.29732513427734	238.9878692626953	217.07606506347656	39.12356185913086	64.0694808959961	210.74990844726562	50.600547790527344	66.4962158203125	390.7958068847656	461.2680969238281	357.8166809082031	367.53961181640625	161.7223663330078	154.0089111328125	156.68218994140625	0.0	181.02972412109375	370.6308898925781	226.4152069091797	33.49354934692383	347.0184020996094	367.3051452636719	0.0	0.0	0.0	0.0	0.0	39.88163375854492	0.0	151.75701904296875	271.3706359863281	297.8521423339844	206.2461700439453	137.34654235839844	359.0052490234375	273.1738586425781	5.70134162902832	246.85195922851562	291.480224609375	147.66976928710938
700.1856689453125	1128.56591796875	443.4248962402344	606.5751342773438	1075.5400390625	1066.6519775390625	467.5078125	1127.327392578125	505.9898986816406	236.5045623779297	964.7738647460938	1278.2611083984375	102.75225067138672	71.91546630859375	988.2543334960938	814.4929809570312	651.1513671875	625.9722900390625	453.94537353515625	337.90167236328125	340.1034240722656	588.529541015625	992.4989624023438	605.6126098632812	410.67218017578125	574.6412353515625	769.8220825195312	306.2865905761719	15.159987449645996	644.5208740234375	569.0050659179688	322.63165283203125	146.0601348876953	330.6178283691406	117.0529556274414	115.7525405883789	343.17681884765625	350.3767395019531	68.85792541503906	157.76675415039062	151.1659698486328	206.92723083496094	333.1888732910156	267.385009765625	364.277099609375	340.8594055175781	265.8087463378906	201.40220642089844	160.85214233398438	298.5758972167969	301.22076416015625	89.03419494628906	2.7783453464508057	65.83175659179688	182.37103271484375	71.29464721679688	208.5123748779297	277.8532409667969	259.6941833496094	34.50383758544922	0.0	118.20338439941406	86.58100891113281	6.590831279754639	0.0	0.0	0.0	5.7547101974487305	0.0	0.0	0.0	119.8065414428711	1.7178884744644165	19.243928909301758	0.0	75.94927978515625	0.0	0.0	27.540266036987305	84.12323760986328	0.0	71.2214584350586	114.93722534179688	16.69561767578125	0.0	0.0	33.23419189453125	14.06263256072998	72.08362579345703	0.0	63.66762161254883	52.478939056396484	22.13488006591797	56.92073440551758	0.0	9.55282211303711	0.0	0.0	0.0	0.0	0.0	0.0	0.0	0.0	0.0	0.0	0.0	0.0	13.58458423614502	0.0	0.0	44.544281005859375	139.66326904296875	153.22564697265625	301.2231750488281	259.92315673828125	368.5324401855469	479.5662536621094	442.3068542480469	259.7579345703125	220.5752410888672	285.3924255371094	316.58349609375	204.4477081298828	111.02670288085938	229.39242553710938	320.26617431640625	182.4864044189453	0.0	0.0	0.0	0.0	0.0	0.0	0.0	0.0	0.0	0.0	0.0	0.0	0.0	0.0	0.0	0.0	431.2937316894531	1103.3751220703125	1185.2276611328125	425.3450012207031	638.0475463867188	944.58447265625	872.8439331054688	278.1009826660156	778.906982421875	1075.205810546875	1108.980224609375	662.8991088867188	883.4767456054688	1173.356689453125	819.39501953125	261.010498046875	350.59698486328125	621.2372436523438	683.1338500976562	347.3475646972656	641.782470703125	958.3555908203125	855.559326171875	369.0931091308594	663.2706909179688	896.6251831054688	778.2606811523438	341.5496520996094	457.9305419921875	737.0791625976562	631.7701416015625	275.69842529296875	78.83854675292969	0.0	46.349185943603516	56.71213912963867	239.035888671875	82.96853637695312	106.1392593383789	104.2583236694336	37.861427307128906	0.0	31.892932891845703	0.0	27.235340118408203	0.0	72.69196319580078	0.0	666.6784057617188	773.248291015625	727.1310424804688	295.7542724609375	233.4171905517578	75.07513427734375	194.0922393798828	184.83526611328125	817.6674194335938	1009.6109619140625	751.8237915039062	395.13623046875	275.06591796875	239.7045135498047	128.0519256591797	40.64257049560547	89.44674682617188	56.145809173583984	277.444091796875	169.60426330566406	147.3995361328125	0.0	578.3508911132812	403.5002136230469	136.60174560546875	72.31703186035156	283.8913269042969	146.5610809326172	94.11811065673828	234.59475708007812	483.1058349609375	153.75196838378906	438.1160583496094	346.12713623046875	328.9230041503906	366.3774719238281	101.25173950195312	408.7826843261719	435.29034423828125	263.4112548828125	127.23839569091797	251.22994995117188	191.9696044921875	120.96818542480469	0.0	306.3637390136719	249.0891571044922	101.70230102539062	0.0	114.04229736328125	42.55844497680664	119.56809997558594	211.27880859375	439.7300720214844	154.3194122314453	170.36807250976562	73.63965606689453	0.0	179.50112915039062	276.8257751464844	277.37786865234375	252.54281616210938	256.2078857421875	297.3187255859375
300.3515625	1213.303466796875	1015.8685913085938	753.3348999023438	1397.56982421875	1454.8048095703125	438.1171569824219	987.6614990234375	1598.84765625	983.860107421875	263.2392272949219	1357.4053955078125	969.7119140625	237.14564514160156	1151.464111328125	1411.3184814453125	782.4212646484375	766.1537475585938	655.3292236328125	536.21875	715.6124877929688	384.900390625	570.7720947265625	629.096923828125	450.58477783203125	314.1181335449219	831.8848266601562	712.404052734375	486.29962158203125	794.580810546875	1019.1286010742188	627.19873046875	0.0	259.9759216308594	335.87945556640625	112.09420013427734	374.3180236816406	517.6388549804688	390.07086181640625	178.6772003173828	365.81744384765625	242.18804931640625	0.0	179.46385192871094	77.30015563964844	0.0	325.83636474609375	372.10052490234375	175.01394653320312	195.3082275390625	241.0748291015625	187.80369567871094	160.2493438720703	0.0	88.66622161865234	40.80527877807617	0.0	0.0	57.87700271606445	9.207337379455566	322.0243835449219	367.581298828125	341.5921630859375	72.59255981445312	0.0	0.0	0.0	0.0	0.0	0.0	0.0	13.996274948120117	0.0	0.0	0.0	28.557369232177734	52.440433502197266	0.0	0.0	55.86935806274414	0.0	0.0	60.2227897644043	92.86348724365234	0.0	0.0	50.64651107788086	20.158695220947266	0.0	0.0	0.0	0.0	116.02252960205078	33.43227005004883	36.526371002197266	64.30950164794922	0.0	0.0	0.0	0.0	0.0	0.0	0.0	0.0	0.0	23.650402069091797	0.0	0.0	0.0	0.0	0.0	0.0	156.1826629638672	221.57888793945312	363.4075622558594	345.8838806152344	153.55535888671875	265.5537109375	238.97923278808594	184.6542205810547	268.4595031738281	208.1475830078125	193.8280792236328	249.64549255371094	478.199462890625	548.7850341796875	369.2876281738281	322.9288330078125	0.0	0.0	0.0	0.0	0.0	0.0	0.0	0.0	0.0	0.0	23.999107360839844	0.0	0.0	0.0	0.0	0.0	106.77973175048828	614.0482788085938	1184.797119140625	822.7865600585938	599.4055786132812	1079.7481689453125	1229.9395751953125	632.5827026367188	597.1532592773438	517.7850341796875	291.0093078613281	174.96986389160156	509.9573669433594	35.8929557800293	688.791259765625	821.9722290039062	452.0242614746094	659.301513671875	888.453125	801.6567993164062	426.2894592285156	666.87109375	802.3767700195312	549.3187866210938	476.8861999511719	464.0179138183594	532.12353515625	412.2504577636719	957.8055419921875	1136.9920654296875	903.1511840820312	605.5302124023438	76.80610656738281	31.68926429748535	0.0	109.93082427978516	95.961669921875	0.0	0.0	109.582275390625	222.98361206054688	0.0	32.1894645690918	113.1413803100586	217.25564575195312	34.63944625854492	0.0	15.981353759765625	322.2021179199219	907.1097412109375	946.02880859375	535.06103515625	499.5018310546875	561.965087890625	465.0364990234375	120.56571197509766	325.4494323730469	87.95167541503906	137.92506408691406	107.36429595947266	671.034423828125	940.8294677734375	1045.7078857421875	611.525146484375	93.98929595947266	143.4893341064453	132.87330627441406	342.623046875	234.16749572753906	177.7166748046875	269.03717041015625	565.7903442382812	262.3634033203125	0.0	238.81121826171875	363.2943115234375	92.97835540771484	0.0	145.39976501464844	100.27903747558594	558.8258056640625	568.4669189453125	32.1308708190918	263.5451354980469	421.6545104980469	0.0	314.476318359375	373.1856384277344	111.88737487792969	318.00042724609375	467.0918884277344	438.6468505859375	292.01678466796875	483.5239562988281	345.28631591796875	0.0	0.0	41.70710754394531	157.5835418701172	18.841053009033203	271.9566345214844	509.65252685546875	426.6002197265625	48.795997619628906	390.9357604980469	395.2171630859375	46.0269775390625	146.9473419189453	0.0	0.0	102.50936889648438	233.23361206054688
137.28964233398438	336.6490173339844	673.6368408203125	813.3383178710938	312.2086486816406	860.0236206054688	817.3781127929688	969.1181640625	896.2894287109375	969.3928833007812	801.7875366210938	752.0189819335938	880.6510620117188	504.9100341796875	760.9091186523438	282.53173828125	404.35284423828125	705.8605346679688	791.603759765625	834.4020385742188	497.22869873046875	627.6141967773438	750.9443969726562	469.963134765625	574.6144409179688	688.44189453125	474.88934326171875	329.9562683105469	382.542236328125	788.4973754882812	632.319091796875	195.0777587890625	0.0	0.0	0.0	63.036476135253906	0.0	158.47808837890625	264.5581359863281	396.89971923828125	215.48936462402344	179.7982635498047	333.6654968261719	278.3359375	237.55471801757812	107.7834701538086	232.93214416503906	60.018646240234375	28.733430862426758	125.46875	330.798095703125	293.0616455078125	164.6447296142578	173.72686767578125	200.55026245117188	37.3934440612793	125.99534606933594	175.2855224609375	120.06684875488281	22.945083618164062	202.1720733642578	290.7452087402344	170.5796661376953	94.24242401123047	0.0	0.0	0.0	0.0	0.0	0.0	0.0	40.94786834716797	0.0	0.0	17.359376907348633	125.41336059570312	0.0	0.0	113.28742980957031	99.49239349365234	0.0	0.0	76.12931823730469	65.15626525878906	3.6092488765716553	0.0	20.1546688079834	61.92124557495117	0.0	31.182405471801758	10.370277404785156	48.74263381958008	52.060768127441406	23.539949417114258	61.69023132324219	36.9378662109375	0.0	0.0	0.0	0.0	0.0	0.0	0.0	28.711376190185547	0.0	0.0	0.0	48.55210876464844	0.0	15.65737533569336	36.45357131958008	26.844890594482422	239.04905700683594	217.98513793945312	333.81671142578125	385.95684814453125	212.67636108398438	365.08892822265625	350.779541015625	197.80526733398438	367.11187744140625	366.130859375	320.2011413574219	176.76222229003906	458.8388977050781	463.08551025390625	344.7826232910156	202.7758026123047	9.878902435302734	0.0	0.0	0.0	0.0	0.0	0.0	0.0	0.0	0.0	0.0	0.0	0.0	0.0	0.0	22.041461944580078	93.77284240722656	129.6976776123047	128.46011352539062	308.6385803222656	563.6858520507812	768.5732421875	844.7188110351562	840.6192016601562	555.1323852539062	1025.602294921875	860.7753295898438	676.2313842773438	693.9908447265625	735.0767822265625	410.0067138671875	222.13560485839844	385.893798828125	437.439208984375	656.0440673828125	679.4539184570312	665.460205078125	1094.608642578125	1030.650146484375	870.9722900390625	632.2679443359375	888.7555541992188	826.4210815429688	468.8960876464844	1061.28466796875	1182.2734375	727.8960571289062	399.21197509765625	104.50909423828125	82.67013549804688	40.04594421386719	68.004638671875	99.08470153808594	61.1288948059082	5.267216205596924	0.0	57.82228469848633	21.69961929321289	74.13835906982422	0.0	132.27557373046875	0.0	52.4678955078125	0.0	1.9141560792922974	330.1323547363281	650.2124633789062	728.5800170898438	509.993896484375	684.408447265625	768.1370849609375	570.97021484375	639.1698608398438	703.0616455078125	739.3411865234375	122.18479919433594	675.7077026367188	837.76416015625	604.0972900390625	188.66732788085938	0.0	0.0	0.0	0.0	110.42848205566406	113.74959564208984	267.9796142578125	283.7691345214844	285.4963073730469	177.07199096679688	352.24200439453125	139.82489013671875	124.10332489013672	278.6517639160156	289.1340637207031	50.10313034057617	363.28338623046875	512.376953125	467.01776123046875	494.1911926269531	350.850341796875	349.7309875488281	183.84608459472656	0.0	200.1401824951172	163.50738525390625	72.82048034667969	7.332543849945068	16.757673263549805	122.24247741699219	3.9256670475006104	8.633052825927734	0.0	0.0	0.0	0.0	0.0	102.72550201416016	278.0796813964844	364.5487976074219	110.00421142578125	191.9467010498047	336.8999328613281	351.5648193359375	164.32728576660156	265.1239013671875	228.0420379638672	160.86886596679688
329.67791748046875	372.175537109375	215.42477416992188	612.140380859375	103.44283294677734	0.0	794.6886596679688	1079.301025390625	26.428667068481445	393.6481628417969	1293.6710205078125	936.7677612304688	26.968902587890625	1218.9007568359375	1459.040283203125	0.0	365.4476013183594	380.3283996582031	553.5359497070312	439.3069152832031	17.093748092651367	637.7969970703125	741.3826904296875	386.9714660644531	182.68040466308594	712.7706298828125	591.760009765625	276.4534606933594	496.7984313964844	581.79052734375	307.5360107421875	87.88867950439453	108.34544372558594	74.59275817871094	0.0	36.388885498046875	337.5562744140625	278.7076416015625	216.62216186523438	265.939697265625	0.0	28.317554473876953	353.442138671875	239.06692504882812	0.0	249.67190551757812	308.6048583984375	21.18269920349121	242.25625610351562	288.2127685546875	292.77142333984375	77.78102111816406	4.340853214263916	130.35519409179688	127.80902862548828	67.15621185302734	48.6214485168457	145.0715789794922	47.14232635498047	4.256932258605957	120.242431640625	85.29179382324219	0.4573793411254883	6.728011131286621	0.0	0.0	0.0	26.608266830444336	0.0	0.0	0.0	80.83167266845703	0.0	0.0	54.5521125793457	85.1980972290039	0.0	0.0	19.63910484313965	8.970789909362793	70.70865631103516	99.95882415771484	162.4453125	0.12763243913650513	0.0	36.98478317260742	27.89408302307129	13.403250694274902	0.0	0.0	0.0	40.84077072143555	0.0	0.0	7.592896938323975	0.0	0.0	0.0	0.0	0.0	11.094062805175781	0.0	0.0	1.1215835809707642	0.0	0.0	0.0	56.334381103515625	0.0	0.0	27.9882755279541	54.55696105957031	206.28408813476562	381.4665222167969	420.2361145019531	270.1053466796875	103.6547622680664	223.97178649902344	201.77069091796875	141.1470947265625	40.6484489440918	140.1493682861328	218.9371795654297	177.49795532226562	112.5267105102539	277.6545715332031	159.0241241455078	145.11154174804688	0.0	0.0	0.0	0.0	0.0	0.0	0.0	0.0	0.0	0.0	0.0	0.0	2.652808666229248	0.0	0.0	39.78596878051758	797.2953491210938	876.7522583007812	514.4825439453125	0.0	957.7402954101562	1176.4442138671875	950.7496337890625	512.6156005859375	75.43514251708984	188.58013916015625	411.6482238769531	439.3605041503906	109.35316467285156	332.1119689941406	405.8244934082031	170.0165557861328	544.3027954101562	726.8451538085938	660.5927734375	335.9782409667969	463.3444519042969	720.96044921875	754.688720703125	439.3818359375	146.64625549316406	313.38226318359375	303.4913635253906	389.0232849121094	392.353271484375	455.4247741699219	317.55084228515625	334.5086975097656	0.0	0.0	91.29952239990234	49.64606475830078	17.530574798583984	0.0	7.271481037139893	0.0	17.652318954467773	54.610721588134766	39.54912567138672	0.0	39.8836669921875	121.6859130859375	0.0	0.0	863.1438598632812	927.7582397460938	691.196533203125	219.19667053222656	377.7876892089844	492.5364685058594	468.63525390625	318.6962585449219	27.969568252563477	199.05738830566406	278.33587646484375	88.52107238769531	111.630126953125	245.61334228515625	153.9040069580078	104.31511688232422	93.49577331542969	0.0	19.22287368774414	25.909807205200195	61.191734313964844	222.9484100341797	462.8004150390625	246.0038299560547	0.0	231.14859008789062	189.9700164794922	57.12348175048828	0.0	224.73263549804688	103.43531036376953	75.27735900878906	156.1658172607422	212.33255004882812	557.6287231445312	433.6498718261719	0.0	342.95709228515625	360.5757751464844	146.8804931640625	176.8665008544922	404.0314025878906	266.3229064941406	3.4445605278015137	247.5870361328125	257.545654296875	0.0	0.30851346254348755	0.0	0.0	0.0	91.22102355957031	293.8075866699219	212.03533935546875	127.39046478271484	171.8124542236328	51.13902282714844	0.0	375.2486877441406	276.029052734375	0.0	204.10781860351562	311.89300537109375	170.97470092773438
35.022308349609375	1010.1888427734375	934.8621215820312	474.0704345703125	609.9476318359375	1069.3214111328125	541.3169555664062	1248.3724365234375	484.80657958984375	386.9979248046875	1099.1441650390625	1040.69970703125	93.63489532470703	884.2861938476562	1167.992919921875	77.04757690429688	598.0925903320312	661.7193603515625	535.0222778320312	487.38702392578125	471.2146911621094	702.704345703125	875.733642578125	600.6940307617188	247.7296142578125	509.8277282714844	422.2860107421875	233.77511596679688	513.1129760742188	649.9236450195312	367.1196594238281	100.68364715576172	0.0	278.41729736328125	225.80303955078125	88.98856353759766	103.94023895263672	258.1471862792969	118.07749938964844	324.2991027832031	271.6330261230469	196.73509216308594	336.943603515625	271.4993896484375	141.49722290039062	171.56619262695312	298.20147705078125	14.882655143737793	126.22399139404297	152.99449157714844	245.2950439453125	149.94479370117188	66.04349517822266	112.41655731201172	160.2925262451172	30.74630355834961	160.75718688964844	294.6835632324219	145.17041015625	6.749133586883545	87.91798400878906	73.13013458251953	24.00366973876953	10.031278610229492	0.0	0.0	0.0	0.0	0.0	0.0	0.0	75.73912048339844	0.0	0.0	0.0	31.362258911132812	0.0	0.0	44.40135192871094	72.38460540771484	0.0	0.0	71.5535888671875	90.96109008789062	11.210928916931152	24.534549713134766	11.321138381958008	29.282180786132812	0.0	16.544559478759766	7.690400123596191	49.523014068603516	16.11290168762207	15.701042175292969	30.204978942871094	15.459053039550781	0.0	0.0	0.0	0.0	0.0	0.0	0.0	18.499435424804688	0.0	0.0	0.0	33.04731369018555	0.0	0.0	0.0	50.92723083496094	181.24261474609375	140.75621032714844	259.7308654785156	267.028564453125	253.8062744140625	386.5581359863281	355.15045166015625	270.9953308105469	93.70182037353516	204.488037109375	199.5199432373047	122.5923080444336	183.0517578125	249.6726837158203	200.1775360107422	158.39874267578125	0.0	0.0	0.0	0.0	0.0	0.0	0.0	0.0	0.0	0.0	0.0	0.0	0.0	0.0	0.0	46.02202224731445	57.33305358886719	608.3287353515625	927.6815185546875	555.6008911132812	337.3211975097656	855.5341186523438	672.4077758789062	376.4319763183594	838.688720703125	1017.5291748046875	861.5997314453125	585.0049438476562	425.5108947753906	361.0969543457031	267.26519775390625	162.97787475585938	274.54656982421875	395.0745849609375	807.0670776367188	547.078857421875	668.5983276367188	903.4360961914062	936.7269287109375	502.61907958984375	364.2394104003906	665.4998779296875	683.197021484375	387.14361572265625	353.70098876953125	388.6246337890625	341.0154724121094	316.6107482910156	109.68889617919922	0.0	11.94563102722168	40.65780258178711	193.22010803222656	96.56671142578125	0.0	0.0	0.0	37.82865524291992	0.0	0.0	68.06993103027344	42.682655334472656	0.0	0.0	283.2661437988281	647.2090454101562	646.134033203125	427.92938232421875	289.05377197265625	268.8514099121094	525.0786743164062	346.466064453125	619.0717163085938	857.7606201171875	733.765380859375	160.88018798828125	24.84195899963379	186.71875	158.63742065429688	81.49555969238281	33.37908172607422	79.12495422363281	177.10438537597656	351.5850830078125	60.751712799072266	0.0	326.64324951171875	349.3139953613281	97.06526947021484	349.55767822265625	407.5050048828125	35.806968688964844	0.0	285.9315185546875	223.75416564941406	70.07166290283203	418.0821228027344	486.0014953613281	291.9900817871094	393.0577087402344	143.8844451904297	313.0411682128906	346.8033142089844	160.41903686523438	0.0	329.3992614746094	170.61647033691406	0.0	324.6857604980469	313.5848388671875	55.992698669433594	14.623215675354004	0.0	19.59588623046875	75.11457061767578	58.51522445678711	24.48671531677246	300.9326171875	120.0607681274414	199.35536193847656	163.06661987304688	57.79020309448242	358.3307800292969	318.7072448730469	200.6986541748047	138.6219940185547	296.8459777832031	135.9252471923828
56.22528076171875	666.1293334960938	1008.943603515625	441.9409484863281	35.4891471862793	698.6145629882812	511.74273681640625	921.177001953125	60.49760818481445	125.62090301513672	1275.84619140625	1094.8533935546875	58.61198806762695	1380.781005859375	1395.6697998046875	0.0	305.2487487792969	603.3858642578125	491.7525329589844	416.8393249511719	208.2677001953125	397.120849609375	776.6275634765625	724.5553588867188	165.22618103027344	751.0723876953125	571.0997924804688	229.5152130126953	746.6898803710938	697.9865112304688	285.6800231933594	84.35086822509766	0.0	182.26271057128906	276.3490295410156	143.53480529785156	84.21062469482422	223.95950317382812	65.00638580322266	182.8998260498047	155.11485290527344	94.2618408203125	377.498046875	355.3891906738281	0.0	349.98992919921875	356.5635070800781	16.33103370666504	114.71703338623047	159.98753356933594	289.8031005859375	260.2347106933594	127.10941314697266	180.8346405029297	295.4690246582031	209.33447265625	12.026869773864746	97.83099365234375	0.0	0.0	98.7842788696289	20.49791145324707	6.9535136222839355	12.149335861206055	0.0	0.0	0.0	0.0	0.0	0.0	0.0	25.050243377685547	0.0	0.0	27.374696731567383	86.10356903076172	0.0	0.0	30.6220645904541	36.7618522644043	32.25944519042969	0.0	7.147918224334717	111.56698608398438	1.390978455543518	72.8100814819336	45.07221603393555	49.71690368652344	0.0	0.0	0.0	72.61375427246094	0.0	0.0	69.92589569091797	12.721128463745117	0.0	0.0	0.0	0.0	0.0	0.0	0.0	0.0	0.0	0.0	0.0	52.4555778503418	0.0	0.0	17.134130477905273	65.58557891845703	71.93310546875	252.95706176757812	321.4875183105469	148.09710693359375	31.226978302001953	293.8179931640625	478.43853759765625	383.3111572265625	106.46874237060547	210.4136962890625	248.7178497314453	200.14077758789062	215.93788146972656	242.47398376464844	208.40965270996094	149.6431884765625	0.0	0.0	0.0	0.0	0.0	0.0	0.0	0.0	0.0	0.0	0.0	0.0	17.57122039794922	0.0	0.0	42.960365295410156	101.40916442871094	507.9930725097656	1197.5006103515625	1016.0440673828125	417.5623779296875	648.8931884765625	589.25830078125	165.16334533691406	431.5828552246094	727.33935546875	720.22021484375	758.0023803710938	108.19688415527344	415.4900207519531	519.7964477539062	244.28224182128906	285.8682556152344	569.211669921875	859.7199096679688	728.5648803710938	334.0530700683594	704.2239990234375	922.4564208984375	680.8848876953125	211.56565856933594	612.0333862304688	610.9983520507812	473.2895202636719	524.4573974609375	460.72039794921875	409.6357727050781	328.164306640625	12.200285911560059	87.54241943359375	6.084829807281494	12.411176681518555	0.0	112.22694396972656	125.32556915283203	0.0	41.65610122680664	35.694007873535156	0.0	0.0	119.86311340332031	10.46800422668457	0.0	0.0	165.33285522460938	505.60675048828125	858.6243286132812	760.9945068359375	371.7344970703125	514.73388671875	673.4109497070312	477.15948486328125	166.5647430419922	292.9704895019531	415.7104797363281	268.67572021484375	128.62249755859375	318.0203857421875	266.40606689453125	62.08261489868164	0.0	5.844820499420166	50.89108657836914	345.34991455078125	0.0	78.87406158447266	57.5601692199707	318.2237243652344	0.0	214.84014892578125	406.138427734375	131.40162658691406	70.78520202636719	173.76913452148438	50.19331359863281	69.13541412353516	189.89016723632812	312.7346496582031	255.849609375	288.3022155761719	8.500000953674316	303.73468017578125	550.3574829101562	320.0756530761719	206.07162475585938	409.6831359863281	205.5315399169922	0.0	420.5495300292969	379.88409423828125	0.0	42.167179107666016	0.0	0.0	118.60236358642578	128.10972595214844	14.310800552368164	187.18753051757812	196.9371337890625	176.02894592285156	107.86811065673828	61.549259185791016	392.9344177246094	336.2860412597656	0.0	297.1512145996094	372.645263671875	179.8895721435547
905.19873046875	919.8968505859375	430.2983703613281	348.4897766113281	1011.2666625976562	667.3212280273438	497.7291564941406	801.3599853515625	357.78558349609375	221.9868927001953	783.12353515625	933.4387817382812	0.0	238.1570281982422	289.71075439453125	517.5784912109375	640.9380493164062	615.0823974609375	437.1661071777344	275.7126159667969	268.0983581542969	615.330078125	822.7267456054688	425.4427490234375	353.0084228515625	705.006591796875	870.3276977539062	492.0459899902344	179.1870574951172	94.42971801757812	449.5653991699219	470.5928955078125	81.09899139404297	129.66358947753906	31.649293899536133	29.786502838134766	413.55316162109375	263.1434631347656	85.11514282226562	89.7581787109375	97.14495086669922	71.4679946899414	150.712158203125	73.60769653320312	259.5798034667969	418.1992492675781	310.2802734375	95.37732696533203	261.70452880859375	222.63632202148438	147.6477508544922	0.0	0.9151842594146729	56.8204460144043	43.860740661621094	6.677555561065674	258.2571105957031	366.0513000488281	322.5820617675781	60.12898635864258	70.72735595703125	58.67276382446289	96.78235626220703	36.44820022583008	0.0	0.0	0.0	16.649368286132812	0.0	0.0	0.0	17.741134643554688	14.31098461151123	37.18474578857422	0.0	31.9061336517334	0.0	0.0	0.0	45.440704345703125	1.7143765687942505	102.60157012939453	90.50544738769531	10.605059623718262	0.0	2.918928861618042	58.10784149169922	3.839080810546875	71.8736801147461	24.00176239013672	154.7149658203125	8.30270004272461	2.33872127532959	25.753570556640625	93.22542572021484	6.13683557510376	0.0	0.0	0.0	0.0	0.0	0.0	0.0	0.0	0.0	0.0	0.0	0.0	10.197744369506836	7.778030872344971	0.0	0.0	256.0517272949219	370.87542724609375	395.2340087890625	119.07377624511719	331.1531677246094	466.9453125	328.92169189453125	262.3880615234375	275.8087463378906	492.84857177734375	409.0843811035156	377.314208984375	110.18795013427734	163.531494140625	237.4543914794922	335.445068359375	0.0	0.0	0.0	0.0	0.0	0.0	0.0	0.0	0.0	0.0	0.0	0.0	0.0	0.0	0.0	0.0	573.9613647460938	846.822265625	550.0445556640625	46.157691955566406	1020.806884765625	1230.6177978515625	814.0472412109375	86.77131652832031	624.939453125	673.1630859375	808.3353271484375	363.3814392089844	816.7566528320312	1388.3231201171875	1411.10009765625	486.16668701171875	568.0302124023438	657.686279296875	656.5233154296875	175.78639221191406	687.2108764648438	951.0895385742188	777.6749267578125	299.6636962890625	696.5093994140625	1105.3897705078125	951.4434204101562	525.2610473632812	438.7111511230469	701.3526611328125	763.0455932617188	551.0650024414062	88.32308959960938	0.0	27.20877456665039	0.0	162.20059204101562	0.0	160.28858947753906	0.0	75.37339782714844	9.010421752929688	101.75254821777344	157.3951416015625	4.953550815582275	0.0	0.0	161.27793884277344	963.4424438476562	888.1129760742188	484.560546875	10.545476913452148	578.6435546875	439.34222412109375	283.07501220703125	79.71318817138672	741.7709350585938	1202.1121826171875	916.2238159179688	347.1363525390625	521.6571655273438	732.1192016601562	489.54461669921875	151.6737060546875	96.92182159423828	24.45160484313965	10.658596992492676	31.174219131469727	172.57440185546875	269.2430725097656	419.1778259277344	109.06217193603516	115.90438842773438	61.15635299682617	188.50157165527344	30.951433181762695	85.02598571777344	245.54505920410156	432.70904541015625	381.56231689453125	436.2564392089844	356.7525939941406	367.01837158203125	286.0287170410156	0.0	392.9313049316406	391.831787109375	287.3871154785156	155.49403381347656	390.4685363769531	285.92425537109375	274.7447204589844	0.0	0.0	140.00965881347656	256.1129150390625	0.0	31.842971801757812	1.9012811183929443	116.3119888305664	242.8865509033203	371.3148193359375	6.384405136108398	146.7707977294922	86.94452667236328	0.0	3.1914851665496826	118.3356704711914	319.89288330078125	425.6842956542969	253.07078552246094	0.0
43.40572738647461	144.4454345703125	726.63525390625	277.2483825683594	24.285917282104492	171.4835662841797	790.1832275390625	278.53900146484375	23.904226303100586	186.6143035888672	801.0840454101562	220.4183807373047	40.07616424560547	229.7739715576172	803.6908569335938	219.8855743408203	10.244389533996582	438.8733215332031	246.7679443359375	116.58440399169922	0.0	452.66033935546875	268.5813903808594	112.44865417480469	1.4554822444915771	451.88812255859375	258.8417053222656	102.82600402832031	5.95744514465332	434.593017578125	253.1544189453125	106.40298461914062	20.55181312561035	0.0	102.44396209716797	35.65728759765625	10.688204765319824	1.025536298751831	138.01576232910156	39.79145050048828	4.238474369049072	10.869213104248047	139.99462890625	41.37442398071289	3.7073702812194824	0.0	113.85994720458984	29.337961196899414	48.85310745239258	82.88595581054688	0.0	2.0700128078460693	36.33829116821289	70.17200469970703	0.0	0.0	42.06376266479492	66.83206939697266	0.0	0.0	45.822021484375	76.33155059814453	24.76767921447754	0.0	0.0	0.0	69.64962005615234	33.535133361816406	0.0	0.0	87.0170669555664	60.82144546508789	0.0	0.0	77.98004150390625	54.20063781738281	0.0	0.0	83.99723052978516	49.114383697509766	1.1347236633300781	0.0	0.0	16.526081085205078	0.0	3.0797345638275146	0.0	3.636225700378418	1.2954169511795044	0.0	0.0	3.841052293777466	1.5396260023117065	0.0	0.0	11.104978561401367	0.0	0.0	0.0	0.0	0.6130849123001099	0.0	0.0	8.71495246887207	0.0	0.0	0.0	22.01563262939453	0.0	0.0	0.0	22.521787643432617	0.3937566578388214	70.66341400146484	132.06179809570312	42.6923713684082	0.0	89.23772430419922	121.912841796875	45.786380767822266	6.737083435058594	109.5728759765625	140.55943298339844	44.11026382446289	0.886433482170105	100.09732818603516	154.0380859375	67.24663543701172	0.0	0.0	0.0	31.133949279785156	0.0	0.0	0.0	56.5030517578125	0.7778223752975464	0.0	0.0	61.4938850402832	0.0	0.0	0.0	48.447261810302734	63.973358154296875	239.25357055664062	113.88529205322266	0.0	47.91617202758789	240.5868682861328	106.5474624633789	0.0	39.07908248901367	226.17648315429688	133.15771484375	0.0	51.30906677246094	231.23048400878906	99.7025375366211	0.0	114.24490356445312	231.2816619873047	122.52322387695312	114.12549591064453	102.62776184082031	224.14987182617188	112.1841812133789	147.26478576660156	103.3978500366211	238.5944061279297	131.90728759765625	156.61572265625	115.46791076660156	316.99688720703125	231.57070922851562	242.01492309570312	3.758842706680298	72.22332000732422	169.5369873046875	0.0	11.616722106933594	62.31673812866211	163.19236755371094	0.0	11.438886642456055	89.95803833007812	151.07025146484375	0.0	9.13692569732666	75.08946228027344	158.52056884765625	0.0	90.64170837402344	116.90324401855469	131.68014526367188	9.062644958496094	86.34200286865234	90.08168029785156	112.97118377685547	20.420705795288086	71.11260223388672	93.97310638427734	107.60920715332031	24.30716896057129	124.36392974853516	136.9408721923828	149.39559936523438	33.942935943603516	0.0	218.05140686035156	155.05691528320312	11.969501495361328	0.7745793461799622	205.31396484375	148.31082153320312	24.915454864501953	0.0	204.02125549316406	140.8401641845703	29.917455673217773	0.0	208.19505310058594	93.85868072509766	14.790722846984863	29.339384078979492	185.28688049316406	198.99827575683594	4.698543548583984	0.0	147.4935760498047	186.21620178222656	13.228866577148438	3.4691262245178223	148.11915588378906	183.4559326171875	9.700645446777344	2.928654432296753	131.76986694335938	167.45823669433594	0.0	0.8803565502166748	0.0	143.12591552734375	124.4390869140625	4.078307628631592	0.0	149.46165466308594	122.5854721069336	0.0	0.0	172.20523071289062	120.78343200683594	0.0	0.0	149.33099365234375	106.03657531738281
930.1741943359375	1185.8870849609375	647.0952758789062	561.1493530273438	1372.3333740234375	1086.05224609375	0.0	805.6106567382812	902.3660278320312	342.8514404296875	181.6664581298828	1136.3056640625	385.74658203125	312.7938537597656	459.2974853515625	1182.36572265625	779.0379028320312	784.4288940429688	562.9135131835938	472.2747802734375	463.0618896484375	222.58297729492188	599.3411865234375	616.6273803710938	318.06512451171875	271.51251220703125	617.9238891601562	543.268310546875	323.2564392089844	538.45703125	866.1683959960938	659.9688720703125	123.36647033691406	293.8714294433594	134.47360229492188	62.93928146362305	497.5654296875	540.4866943359375	312.21405029296875	111.64936065673828	164.25424194335938	0.0	44.4753532409668	233.46566772460938	31.53887939453125	0.0	0.0	177.43663024902344	190.0463409423828	299.9422607421875	361.9001770019531	187.70484924316406	21.770843505859375	0.0	127.85169219970703	66.53120422363281	58.85817337036133	29.026962280273438	125.00794219970703	38.885013580322266	144.65951538085938	279.34100341796875	279.6348571777344	70.21304321289062	0.0	0.0	0.0	0.0	0.0	0.0	0.0	44.71522903442383	5.767978191375732	0.0	0.0	24.248367309570312	9.477436065673828	21.827821731567383	0.0	32.653018951416016	0.0	89.45453643798828	113.05542755126953	46.33505630493164	0.0	0.0	44.14902114868164	18.512781143188477	21.451446533203125	0.0	7.62288236618042	0.0	89.66240692138672	59.970455169677734	68.60540008544922	23.5767765045166	0.0	0.0	0.0	0.0	0.0	44.024471282958984	0.0	0.0	0.0	32.52734375	0.0	0.0	0.0	0.0	0.0	0.0	208.3866729736328	317.4384460449219	325.2535095214844	348.468994140625	226.94091796875	206.34886169433594	195.56182861328125	185.43626403808594	267.1001892089844	231.8684539794922	124.39321899414062	138.52232360839844	265.1176452636719	396.733642578125	451.989013671875	399.1131286621094	0.0	0.0	0.0	0.0	0.0	0.0	0.0	0.0	0.0	0.0	0.0	0.0	0.0	0.0	0.0	0.0	415.4666442871094	1082.39111328125	1251.2611083984375	648.4619140625	880.1965942382812	1203.9525146484375	1163.86962890625	591.5057983398438	323.6241455078125	130.1854248046875	387.8313903808594	295.7042236328125	594.3277587890625	349.7432861328125	131.52854919433594	177.0291290283203	576.4307250976562	837.0903930664062	902.4807739257812	619.2130126953125	492.423583984375	770.7623901367188	804.0842895507812	562.7133178710938	507.4434509277344	400.7693786621094	302.2305603027344	279.62939453125	686.3789672851562	1137.9703369140625	1168.1356201171875	650.8790893554688	79.35182189941406	0.0	0.0	115.18424987792969	235.06651306152344	0.0	0.0	153.6770477294922	219.69744873046875	0.0	0.4948142170906067	144.9022674560547	119.47620391845703	27.66702651977539	49.07823944091797	170.4886932373047	801.1278076171875	1026.3284912109375	923.9349975585938	453.34197998046875	473.65008544921875	385.7834777832031	308.9739990234375	142.06271362304688	218.77171325683594	118.11402130126953	224.61842346191406	167.54217529296875	528.3348999023438	563.6221313476562	540.8150634765625	434.6712951660156	118.41071319580078	33.318702697753906	237.32135009765625	219.11119079589844	219.9330596923828	35.98164367675781	498.5287170410156	534.002197265625	154.95664978027344	0.0	170.29335021972656	381.0746154785156	157.18283081054688	0.0	95.11247253417969	238.9957733154297	529.9017944335938	334.00909423828125	212.76292419433594	304.10302734375	42.10575485229492	6.499711513519287	229.65167236328125	288.2049255371094	201.58351135253906	251.2779541015625	243.2151641845703	303.7526550292969	220.28248596191406	326.6207580566406	339.2304382324219	205.956298828125	0.0	88.95840454101562	74.6875228881836	0.0	451.6833190917969	512.9974975585938	325.195068359375	0.0	188.09744262695312	225.6433868408203	51.76952362060547	132.83738708496094	65.657470703125	0.0	0.0	167.36680603027344
241.75686645507812	388.63983154296875	295.5179748535156	555.3121337890625	292.9724426269531	197.81199645996094	1081.24169921875	886.334228515625	450.4722595214844	768.2952270507812	996.030517578125	276.54754638671875	613.9713134765625	572.1551513671875	9.482760429382324	115.21636199951172	291.8968811035156	252.6425323486328	417.2796630859375	275.1203308105469	243.88185119628906	647.8715209960938	621.56103515625	304.7476501464844	570.3606567382812	624.837158203125	312.3917236328125	344.2125549316406	295.4140319824219	127.42557525634766	192.9580841064453	257.4876708984375	155.83238220214844	238.59910583496094	42.81653594970703	119.07185363769531	188.60516357421875	71.45773315429688	211.12973022460938	169.644775390625	0.0	153.56590270996094	215.79872131347656	0.0	326.8814392089844	351.4921875	198.4615936279297	130.93197631835938	150.8642578125	177.2774200439453	182.78221130371094	28.838552474975586	0.0	95.10645294189453	37.66923141479492	34.33047866821289	152.24575805664062	151.3167724609375	101.93920135498047	68.10662078857422	112.93697357177734	61.86872482299805	207.3039093017578	214.94964599609375	0.0	0.0	0.0	47.661537170410156	0.0	0.0	0.0	95.72501373291016	0.04577110707759857	1.724820613861084	0.0	0.0	0.0	72.58587646484375	24.255165100097656	20.052940368652344	0.0	0.0	53.660194396972656	8.329301834106445	37.1097526550293	0.0	0.0	58.609596252441406	8.820270538330078	61.68267059326172	98.8578109741211	0.0	0.0	54.76084899902344	31.528522491455078	85.95912170410156	0.0	0.0	0.0	0.0	0.0	0.0	0.0	0.0	0.0	0.0	0.0	25.486997604370117	3.6129026412963867	11.49433422088623	25.11589241027832	11.372127532958984	32.774681091308594	103.4297866821289	136.09690856933594	117.13665008544922	169.1973419189453	211.80618286132812	239.46817016601562	124.4295425415039	240.77008056640625	225.585693359375	304.27801513671875	337.9561462402344	112.57276916503906	192.71585083007812	112.5036392211914	131.87574768066406	0.0	0.0	0.0	0.0	0.0	0.0	0.0	0.0	0.0	0.0	0.0	0.0	0.0	0.0	0.0	0.0	484.7342834472656	809.33544921875	718.7955322265625	202.35411071777344	511.8104248046875	471.2261657714844	214.34271240234375	330.0399475097656	108.6169204711914	659.36181640625	658.2361450195312	322.1862487792969	851.1355590820312	955.385986328125	753.6471557617188	751.3125610351562	234.66067504882812	498.296630859375	550.7561645507812	234.03639221191406	222.3675079345703	426.5473327636719	371.5552062988281	224.38223266601562	612.2440185546875	666.7554321289062	772.6498413085938	683.5156860351562	471.2789306640625	603.4041137695312	558.7442016601562	515.9661865234375	0.0	0.0	12.54292106628418	32.433284759521484	65.5648193359375	61.28581237792969	0.0	0.0	100.57315826416016	0.0	82.59730529785156	8.748662948608398	16.07660484313965	0.0	0.0	0.0	412.9422607421875	603.3662719726562	529.3128051757812	194.43699645996094	71.0529556274414	125.78753662109375	259.3141784667969	221.97415161132812	524.18310546875	697.3585205078125	472.1737976074219	111.61122131347656	663.208984375	615.6201782226562	574.5894775390625	612.8550415039062	67.60425567626953	30.73213768005371	365.2840270996094	225.8024444580078	13.499651908874512	24.0568790435791	241.8921356201172	72.23218536376953	10.102445602416992	5.863192081451416	0.0	28.3619327545166	141.58425903320312	75.76909637451172	185.2648468017578	186.35491943359375	113.29517364501953	70.61097717285156	265.47467041015625	211.5081787109375	318.0371398925781	445.4059143066406	345.6297302246094	19.834857940673828	425.65728759765625	200.93673706054688	120.98748016357422	226.3501434326172	0.0	0.0	102.34494018554688	139.75558471679688	15.101187705993652	89.14625549316406	46.91886520385742	147.86195373535156	201.22225952148438	156.0341033935547	195.63438415527344	178.3221893310547	0.0	128.78875732421875	175.9060821533203	123.63311004638672	315.3077697753906	348.8873596191406	187.4912109375	8.4622802734375
351.43548583984375	696.2220458984375	606.4064331054688	481.0525207519531	489.6414489746094	970.6983642578125	619.5079956054688	750.9909057617188	494.73480224609375	1012.2901000976562	834.0013427734375	1156.5670166015625	350.8814392089844	1200.5928955078125	1033.617431640625	270.9615783691406	466.10614013671875	526.95263671875	554.9325561523438	518.7672119140625	528.2369995117188	528.0194702148438	677.6239624023438	759.2396850585938	481.6767272949219	782.6320190429688	766.0480346679688	433.4544372558594	705.2181396484375	745.4119262695312	254.94407653808594	104.42780303955078	0.0	69.69557189941406	106.01424407958984	0.0	73.06780242919922	223.8013916015625	242.6953887939453	237.73182678222656	139.01947021484375	180.3372344970703	288.8463439941406	394.9915771484375	0.0	347.5594482421875	380.93316650390625	168.2296142578125	154.3181610107422	189.77215576171875	172.72854614257812	175.87371826171875	134.07395935058594	16.347543716430664	90.92072296142578	109.89714050292969	70.32989501953125	78.47122955322266	64.29463195800781	62.70225524902344	137.83897399902344	69.58882141113281	0.0	27.37244415283203	0.0	0.0	0.0	0.0	0.0	0.0	0.0	0.0	0.0	19.274370193481445	0.0	26.349931716918945	0.0	34.33369445800781	13.482683181762695	22.761396408081055	6.138046741485596	20.046039581298828	41.356231689453125	42.1209716796875	0.0	0.0	0.0	0.0	48.57598876953125	0.0	0.0	97.50105285644531	2.7372186183929443	0.0	56.71144485473633	61.735618591308594	0.0	0.0	0.0	0.0	0.0	0.0	0.0	11.174833297729492	0.0	0.0	0.0	0.0	0.0	7.590904235839844	0.0	61.81964111328125	161.78286743164062	224.72125244140625	245.39132690429688	291.8825988769531	236.6725311279297	237.40841674804688	321.06622314453125	273.6153259277344	205.31277465820312	335.5936279296875	255.42002868652344	270.3399658203125	260.3370666503906	339.9066162109375	227.24122619628906	119.93229675292969	0.0	0.0	0.0	0.0	0.0	0.0	0.0	0.0	0.0	0.0	0.0	0.0	0.0	0.0	0.0	43.67831039428711	124.49072265625	305.8992004394531	600.33837890625	757.7925415039062	430.519287109375	638.8812255859375	778.77099609375	721.8316650390625	471.9794616699219	553.3787231445312	434.4352722167969	774.0594482421875	361.8336181640625	680.1659545898438	866.1845092773438	664.7772827148438	379.9552307128906	438.92803955078125	479.1629638671875	635.7048950195312	604.576904296875	631.6820068359375	781.3192138671875	829.9852294921875	376.05462646484375	651.4894409179688	764.501220703125	568.7499389648438	687.2567138671875	708.9104614257812	587.6494750976562	453.08770751953125	90.22312927246094	34.049583435058594	0.0	111.82823944091797	163.9415740966797	17.620454788208008	0.0	19.437925338745117	164.21128845214844	191.38841247558594	0.0	0.0	141.94583129882812	175.76417541503906	0.0	0.0	401.4520568847656	503.0594787597656	601.4014282226562	557.1801147460938	378.10498046875	366.3082580566406	286.4831848144531	364.90087890625	357.15240478515625	241.7651824951172	637.765380859375	543.31396484375	337.8705749511719	560.0291137695312	530.3233032226562	44.72713851928711	2.854173421859741	59.08406448364258	0.0	204.11376953125	162.04600524902344	255.46690368652344	0.0	486.9989013671875	173.87185668945312	168.7720947265625	149.2628173828125	103.55706787109375	157.87319946289062	182.20748901367188	97.76170349121094	100.93803405761719	359.04986572265625	421.8124084472656	289.8714294433594	353.2265625	177.7849578857422	220.2534637451172	362.2370910644531	228.7025604248047	174.4078826904297	509.2677001953125	331.92291259765625	0.0	267.27398681640625	307.27099609375	0.0	45.927913665771484	0.0	0.0	0.0	0.0	0.0	190.5319061279297	189.71640014648438	140.16680908203125	31.748580932617188	110.28738403320312	115.1021728515625	360.1465759277344	0.0	318.6004638671875	454.6690979003906	327.1539611816406
692.095703125	724.796875	181.046142578125	696.8449096679688	279.666259765625	0.0	1054.1004638671875	991.5096435546875	16.208431243896484	742.9481811523438	1410.7677001953125	668.4343872070312	121.90022277832031	1332.5487060546875	1179.5634765625	668.148193359375	299.8052673339844	192.6002197265625	530.5697021484375	283.30810546875	59.11307907104492	537.4853515625	598.282958984375	320.32867431640625	402.0317687988281	620.6649780273438	432.5327453613281	234.47610473632812	553.2433471679688	627.7254638671875	765.983642578125	673.20361328125	392.96405029296875	327.5514221191406	92.39668273925781	120.76504516601562	215.92173767089844	52.655029296875	231.79273986816406	159.6767120361328	3.6375865936279297	113.98067474365234	306.10955810546875	122.17364501953125	0.0	154.31044006347656	59.269405364990234	82.91056060791016	163.06556701660156	136.8346405029297	111.03569793701172	1.0163917541503906	62.50164794921875	117.5696029663086	104.36788940429688	4.5709991455078125	81.4898910522461	106.01443481445312	0.0	4.530097007751465	118.24478912353516	96.98953247070312	247.90948486328125	200.85250854492188	0.0	0.0	0.0	66.76807403564453	0.0	0.0	0.0	90.08729553222656	0.0	0.0	0.0	0.09214361011981964	0.0	18.92329978942871	0.0	0.0	0.0	0.0	31.220426559448242	0.0	31.67130470275879	0.0	0.0	0.0	0.0	0.0	1.579675316810608	34.57489013671875	48.24005126953125	5.248399257659912	34.84290313720703	17.01691246032715	0.0	0.0	0.0	0.0	20.51193618774414	26.431251525878906	0.0	18.684581756591797	0.0	0.0	0.0	27.85519027709961	0.0	0.0	0.0	0.0	110.28766632080078	159.90887451171875	204.60194396972656	124.21648406982422	96.54718780517578	167.58975219726562	188.30389404296875	128.39703369140625	62.2800178527832	92.2975082397461	185.94732666015625	214.1526336669922	164.3723602294922	451.5911560058594	501.86920166015625	418.0874328613281	0.0	0.0	0.0	0.0	0.0	63.62767028808594	0.0	0.0	25.28360366821289	12.48448657989502	0.0	0.0	0.0	0.0	0.0	0.0	1016.1875	1173.1541748046875	1060.8291015625	318.01580810546875	443.6830749511719	195.96499633789062	112.59888458251953	170.0555419921875	73.31222534179688	227.73309326171875	470.0224609375	361.5874328613281	81.77317810058594	407.75018310546875	458.7745056152344	75.33445739746094	511.509033203125	725.6834716796875	647.8990478515625	287.7358703613281	180.99884033203125	336.442138671875	290.4561462402344	264.2144775390625	151.34341430664062	261.30157470703125	276.7452697753906	413.1299133300781	573.5110473632812	1018.3455810546875	1113.50048828125	811.3566284179688	46.50025177001953	0.0	63.48760986328125	0.0	33.25748062133789	27.691802978515625	41.5202522277832	0.0	38.5113525390625	72.31529998779297	1.8696883916854858	31.189228057861328	87.94973754882812	155.45457458496094	22.709087371826172	25.783735275268555	871.2348022460938	835.1654663085938	408.88525390625	144.01718139648438	20.840490341186523	120.97149658203125	95.29608917236328	77.89366149902344	88.38325500488281	269.6886291503906	206.59896850585938	175.27517700195312	298.5079040527344	365.302001953125	631.318115234375	723.5728759765625	153.9252471923828	98.08812713623047	479.4178161621094	249.46682739257812	25.95931625366211	8.58810043334961	258.7855529785156	134.025390625	0.0	172.875732421875	220.7449493408203	155.77011108398438	87.11245727539062	44.47256851196289	0.0	126.36322784423828	0.0	23.971853256225586	232.4981689453125	218.13641357421875	143.50013732910156	376.55828857421875	430.5213623046875	65.74435424804688	299.3602600097656	409.1003112792969	112.06285858154297	311.9608459472656	281.7202453613281	221.64303588867188	292.7134704589844	382.04681396484375	370.6871032714844	405.9595947265625	96.9892807006836	118.86449432373047	317.5401916503906	164.74656677246094	147.2244415283203	208.6958465576172	0.0	0.0	218.33631896972656	159.51547241210938	0.0	101.44293975830078	149.09519958496094	1.4243791103363037
179.72348022460938	966.332763671875	406.2408752441406	1264.138916015625	596.026123046875	1100.5135498046875	858.1607055664062	1472.5335693359375	295.5432434082031	123.6557846069336	1312.05908203125	1262.530029296875	64.31291961669922	522.5811157226562	1269.8861083984375	352.9212646484375	574.7059326171875	403.27581787109375	685.4708251953125	496.8637390136719	402.9343566894531	532.1664428710938	737.8859252929688	423.4864501953125	100.94729614257812	544.4635009765625	526.7467651367188	297.6122131347656	255.05572509765625	665.3837280273438	488.5500183105469	165.16458129882812	0.0	124.9223403930664	0.0	178.17112731933594	192.08351135253906	179.4835662841797	147.4761962890625	266.85980224609375	212.26612854003906	38.819583892822266	333.9252014160156	234.47564697265625	35.967079162597656	67.42598724365234	258.68475341796875	78.01564025878906	142.14999389648438	70.55777740478516	108.7452621459961	32.90512466430664	103.25084686279297	176.32066345214844	103.88697052001953	0.0	93.02375793457031	239.793212890625	150.9116668701172	0.0	116.61387634277344	152.19155883789062	13.646150588989258	0.930383563041687	0.0	0.0	0.0	47.31272506713867	0.0	0.0	0.0	37.28669357299805	0.0	0.0	0.0	25.074172973632812	0.0	0.0	66.00582122802734	48.38613510131836	0.0	0.0	23.19178009033203	0.0	26.92093276977539	53.826698303222656	0.0	0.0	20.176443099975586	63.48396301269531	0.0	21.748273849487305	0.0	39.071189880371094	3.410977840423584	1.4275420904159546	0.0	0.0	0.0	0.0	0.0	0.0	0.0	0.0	0.0	0.0	0.0	44.26134490966797	0.0	0.0	0.0	57.97768020629883	164.59335327148438	179.18890380859375	137.6949920654297	123.90966796875	167.15948486328125	267.22943115234375	265.7540588378906	166.2012481689453	111.88833618164062	137.7992401123047	209.38665771484375	149.31851196289062	121.1453857421875	261.39013671875	284.4593811035156	168.01109313964844	0.0	0.0	0.0	0.0	0.0	0.0	0.0	0.0	0.0	0.0	0.0	0.0	0.0	0.0	0.0	43.15632629394531	59.568763732910156	221.10362243652344	256.8000793457031	203.93653869628906	569.1844482421875	487.0373229980469	310.7914123535156	257.2646179199219	622.8613891601562	733.1846313476562	684.5879516601562	393.19097900390625	239.6839141845703	329.0088195800781	425.3344421386719	167.45364379882812	348.0148620605469	249.30335998535156	424.87200927734375	245.02268981933594	530.39404296875	760.9738159179688	744.1621704101562	247.6114044189453	355.3751525878906	575.0327758789062	589.053466796875	321.0207214355469	366.93310546875	526.5689086914062	437.125	347.557373046875	113.4681396484375	48.14659118652344	29.240192413330078	115.30636596679688	128.89195251464844	120.4429702758789	33.78553009033203	55.66561508178711	0.0	60.164100646972656	18.948673248291016	0.0	26.708396911621094	114.04310607910156	84.19129943847656	0.0	267.3041687011719	362.6968994140625	224.57049560546875	143.51657104492188	359.3472595214844	267.14141845703125	230.0343780517578	158.36770629882812	431.8587646484375	606.9856567382812	506.60009765625	125.04420471191406	138.073486328125	279.0334167480469	224.8515625	77.14327239990234	152.47091674804688	40.70676803588867	197.52352905273438	291.7933044433594	163.6709747314453	0.0	362.96807861328125	251.744140625	71.9046630859375	360.44232177734375	399.94366455078125	0.0	0.0	319.9626159667969	312.34674072265625	55.71373748779297	415.267822265625	360.13238525390625	305.4449462890625	358.26409912109375	30.078689575195312	336.46807861328125	333.2566833496094	98.4848403930664	37.43009567260742	375.8714599609375	272.0670471191406	0.0	139.50051879882812	286.72967529296875	121.98808288574219	0.0	0.0	64.47222900390625	0.0	175.40676879882812	137.6804656982422	74.41154479980469	77.72782897949219	231.60305786132812	201.74359130859375	0.0	303.575927734375	258.4306640625	107.27465057373047	0.0	276.88037109375	189.6013641357422
1167.8790283203125	1125.791748046875	501.2320861816406	430.63427734375	1386.92431640625	796.962158203125	0.0	179.03358459472656	894.2090454101562	505.97479248046875	146.6427001953125	556.1083984375	614.9520263671875	552.5776977539062	225.22988891601562	1378.3009033203125	714.3929443359375	635.40771484375	400.2403869628906	327.4331970214844	349.8323669433594	240.681884765625	244.55894470214844	463.9986267089844	433.0500183105469	238.2246551513672	249.2356414794922	652.4779663085938	356.7517395019531	567.8872680664062	968.5671997070312	889.2958984375	327.87847900390625	373.81500244140625	124.97856903076172	0.0	476.1363830566406	412.1304016113281	238.3828125	37.440677642822266	117.4157485961914	39.905757904052734	123.02323150634766	13.111283302307129	39.3292350769043	0.0	0.0	310.7554626464844	239.78790283203125	327.15179443359375	308.6288757324219	118.79064178466797	0.0	0.0	100.16129302978516	93.237548828125	32.86320877075195	0.0	80.4278564453125	97.52104949951172	118.90038299560547	139.24192810058594	200.04385375976562	147.42564392089844	0.0	6.738509654998779	0.0	0.0	0.0	0.0	4.141818523406982	16.452199935913086	6.694018363952637	39.62897491455078	0.0	0.0	0.0	35.90681457519531	0.0	0.0	0.0	123.29673767089844	149.6517791748047	28.860837936401367	0.0	0.0	28.88810157775879	38.26139831542969	6.614119529724121	0.0	0.0	57.01154708862305	110.5406723022461	0.0	3.2501964569091797	33.51499938964844	0.0	0.0	0.0	0.0	0.0	79.21947479248047	0.3000183701515198	0.0	0.0	0.0	0.0	0.0	0.0	0.0	0.0	0.0	156.3349609375	290.8321228027344	307.9034423828125	335.9710998535156	225.07684326171875	258.324951171875	230.78189086914062	205.12991333007812	251.06500244140625	174.53929138183594	129.90867614746094	178.6951141357422	245.07192993164062	521.2010498046875	468.14617919921875	364.37799072265625	0.0	0.0	0.0	0.0	0.0	0.0	0.0	0.0	0.0	0.0	0.0	0.0	0.0	0.0	0.0	0.0	677.6971435546875	1253.069580078125	1246.9451904296875	488.9186096191406	819.1435546875	921.6453247070312	895.7178955078125	646.9794311523438	293.1893615722656	101.82483673095703	322.6820983886719	432.8629150390625	498.0376892089844	179.23451232910156	101.47457885742188	313.5450134277344	511.0581359863281	847.1470336914062	877.9554443359375	696.5270385742188	425.4582214355469	678.2613525390625	657.7806396484375	573.7237548828125	399.6768493652344	272.0157165527344	245.04798889160156	364.3848571777344	648.8959350585938	1066.6966552734375	1074.4244384765625	709.8740234375	87.08636474609375	0.0	10.899162292480469	28.779375076293945	279.6095886230469	0.0	0.0	143.5533447265625	216.1143798828125	0.0	0.0	146.89666748046875	194.0186309814453	80.77076721191406	83.85846710205078	79.56851196289062	719.5388793945312	974.5289916992188	818.2844848632812	373.7277526855469	323.35675048828125	302.98858642578125	380.5097351074219	309.9504089355469	215.03135681152344	68.9531021118164	190.33267211914062	101.50851440429688	417.4310302734375	308.4109802246094	466.0598449707031	604.7318725585938	171.1007080078125	95.49596405029297	292.302734375	121.38163757324219	237.22994995117188	55.159523010253906	401.4187927246094	367.0916442871094	219.24559020996094	0.0	0.0	405.0614318847656	184.03663635253906	0.0	0.0	282.1903076171875	451.38250732421875	199.71290588378906	142.76321411132812	243.5793914794922	112.57816314697266	120.54663848876953	88.66896057128906	297.1140441894531	244.37086486816406	217.8880615234375	272.8283996582031	497.076904296875	152.18630981445312	374.9397888183594	394.4839172363281	349.0121765136719	92.2276382446289	258.18170166015625	123.35116577148438	38.54280090332031	436.67071533203125	556.4702758789062	299.6759948730469	0.0	78.37894439697266	205.82203674316406	194.493896484375	26.714378356933594	44.082096099853516	0.0	0.0	164.8206787109375
0.0	1553.833251953125	1356.0306396484375	106.90986633300781	237.92161560058594	1310.9989013671875	489.6234436035156	571.2722778320312	212.43446350097656	575.2642822265625	817.2283325195312	588.7208862304688	99.65025329589844	431.1585388183594	353.5335998535156	810.5770874023438	543.7291870117188	615.2916870117188	322.4651184082031	175.10415649414062	374.4884948730469	649.0908813476562	691.0848388671875	600.7009887695312	332.8638916015625	568.335205078125	700.1006469726562	697.7735595703125	189.40309143066406	272.9787292480469	816.8223876953125	780.0381469726562	0.0	372.2179870605469	264.1145935058594	75.19573974609375	43.889041900634766	196.5821533203125	0.0	44.167274475097656	4.53873872756958	150.09033203125	127.32025909423828	49.121063232421875	190.15843200683594	225.03555297851562	156.08726501464844	313.4747009277344	139.2657928466797	90.33767700195312	0.0	0.0	87.8818359375	134.1114044189453	214.17111206054688	109.39120483398438	130.61349487304688	241.21034240722656	179.40330505371094	121.51890563964844	149.9686279296875	200.976806640625	309.3055419921875	204.59889221191406	0.0	0.0	44.64593505859375	0.0	0.0	0.0	0.0	0.0	0.0	0.0	0.0	0.0	0.0	23.149024963378906	49.579898834228516	70.5461654663086	0.0	0.0	0.0	0.0	1.8432093858718872	21.54996109008789	0.0	9.900155067443848	15.851597785949707	46.737091064453125	8.737189292907715	41.927703857421875	5.581352233886719	49.61484146118164	54.82813262939453	96.53203582763672	0.0	0.0	48.70246124267578	0.0	0.0	0.0	0.0	0.0	0.0	0.0	0.0	0.0	0.0	0.0	17.959129333496094	8.818188667297363	3.703329086303711	186.11122131347656	192.80349731445312	63.39375686645508	102.65794372558594	277.64495849609375	380.9405517578125	373.1674499511719	163.78347778320312	333.76849365234375	513.600341796875	415.61956787109375	123.29515838623047	309.46649169921875	401.48919677734375	364.30450439453125	0.0	0.0	0.0	41.29857635498047	0.0	0.0	0.0	0.0	0.0	0.0	0.0	0.0	0.0	0.0	0.0	0.0	213.86636352539062	559.6098022460938	567.5473022460938	209.8167724609375	290.5539245605469	426.9786682128906	189.2423858642578	0.0	446.0005187988281	716.618408203125	850.082275390625	537.285400390625	577.08251953125	914.9949340820312	946.94287109375	893.0335693359375	308.7158203125	338.55853271484375	307.8705139160156	341.8637390136719	325.95074462890625	587.26611328125	638.2181396484375	444.905029296875	502.1624755859375	961.5534057617188	1219.1766357421875	1052.724853515625	457.6558837890625	914.7172241210938	1239.8365478515625	1043.91259765625	0.0	102.55703735351562	0.0	0.0	20.308231353759766	200.05368041992188	0.0	4.1504340171813965	0.0	137.57440185546875	98.14450073242188	63.596702575683594	0.0	111.58494567871094	14.062054634094238	0.0	215.34725952148438	322.4939270019531	246.5321044921875	85.0041732788086	160.46624755859375	217.2413330078125	330.27423095703125	322.5389709472656	406.9023132324219	651.1121215820312	797.6491088867188	475.3891906738281	540.1243896484375	821.747802734375	1111.9384765625	889.658447265625	51.84113693237305	292.5506896972656	97.05158233642578	211.24856567382812	98.11054992675781	122.04531860351562	72.46174621582031	103.21376037597656	11.190415382385254	89.51777648925781	157.5629425048828	386.9523620605469	12.387737274169922	225.8579864501953	234.56640625	287.2010498046875	221.7189178466797	180.3365020751953	180.2851104736328	167.97718811035156	41.01763916015625	494.6414794921875	539.4902954101562	242.33213806152344	72.05079650878906	270.4268493652344	216.16990661621094	269.0859375	0.0	0.0	202.6393280029297	102.09608459472656	0.0	255.1527099609375	256.4703369140625	90.44445037841797	0.0	144.96234130859375	90.59040832519531	53.02886962890625	0.0	0.0	56.85206604003906	40.637123107910156	176.69403076171875	189.538330078125	27.473114013671875	55.744380950927734
392.83758544921875	744.90576171875	335.7876892089844	621.4649658203125	460.1392822265625	631.137451171875	917.7109375	844.7067260742188	209.47994995117188	128.51222229003906	924.7385864257812	692.9345703125	35.80233383178711	64.19943237304688	473.2513732910156	528.2142944335938	374.31768798828125	324.2890319824219	482.7888488769531	199.26516723632812	241.1101837158203	499.8731689453125	622.06494140625	261.14703369140625	185.5391082763672	301.4457092285156	380.9695129394531	175.1059112548828	0.0	207.517333984375	439.2261962890625	268.0135498046875	88.62689971923828	82.1579360961914	36.83382797241211	78.25123596191406	69.45318603515625	20.326833724975586	97.02400970458984	99.73163604736328	193.28529357910156	168.33969116210938	200.77581787109375	89.78336334228516	122.94892120361328	136.36343383789062	106.13040924072266	35.7586555480957	71.04973602294922	48.90911865234375	39.464019775390625	0.0	69.14852142333984	140.3973388671875	42.33540344238281	4.404881000518799	123.63875579833984	214.12022399902344	120.9693374633789	39.82618713378906	0.0	82.25499725341797	124.63355255126953	28.520570755004883	0.0	0.0	0.0	26.49562644958496	0.0	0.2630789875984192	0.0	71.4038314819336	2.1954848766326904	34.47555160522461	0.0	59.7711296081543	0.0	0.0	0.0	103.55818176269531	0.0	0.0	0.0	23.32858657836914	57.024017333984375	10.971394538879395	0.0	11.055933952331543	45.02800750732422	11.567404747009277	40.506412506103516	0.0	0.0	27.02414321899414	21.688566207885742	0.0	0.0	0.0	0.0	0.0	0.0	0.0	0.0	12.700959205627441	7.767020225524902	0.0	0.0	36.58740234375	16.721694946289062	0.0	14.660747528076172	0.0	123.44487762451172	121.97270202636719	159.58995056152344	55.01529312133789	142.07965087890625	225.6755828857422	273.3731994628906	140.8385467529297	88.6408920288086	92.66239929199219	182.70675659179688	97.16461181640625	48.27836608886719	120.08563232421875	208.6393585205078	239.22055053710938	0.0	0.0	5.733153343200684	0.0	0.0	0.0	0.0	0.0	0.0	0.0	0.0	0.0	0.0	0.0	0.0	0.0	142.35769653320312	243.8321990966797	52.096248626708984	13.25278091430664	305.903076171875	214.82122802734375	62.95038604736328	88.05108642578125	441.01934814453125	889.1273193359375	806.5552368164062	306.6881408691406	171.0345458984375	500.4910583496094	417.6058044433594	110.96868133544922	273.36151123046875	248.7096405029297	256.3238525390625	7.1120429039001465	380.0431823730469	730.6177978515625	658.1080322265625	196.4602813720703	299.18060302734375	543.342529296875	513.6272583007812	214.19273376464844	120.17567443847656	354.1754455566406	368.1099853515625	312.7550354003906	155.31350708007812	15.818914413452148	73.29706573486328	0.0	153.07017517089844	77.65912628173828	119.53166961669922	0.0	0.0	0.0	95.64707946777344	0.0	29.51639175415039	17.171855926513672	164.3607940673828	5.190575122833252	162.81678771972656	145.35084533691406	96.854248046875	0.0	278.2099914550781	255.07586669921875	192.16461181640625	51.25760269165039	397.55419921875	618.3684692382812	487.2374572753906	88.46805572509766	35.1639404296875	131.9920654296875	77.79008483886719	66.58659362792969	154.34779357910156	0.0	111.61856842041016	31.056049346923828	104.14859008789062	0.0	199.60476684570312	0.0	101.95140075683594	214.12603759765625	377.36798095703125	52.40314865112305	0.0	9.900368690490723	261.9302978515625	59.322532653808594	148.7334442138672	237.5288848876953	277.2600402832031	228.72610473632812	36.3775749206543	322.82470703125	218.79312133789062	147.12774658203125	0.0	109.9747543334961	73.10063171386719	178.3199462890625	0.0	127.8433609008789	195.64230346679688	237.68869018554688	0.0	89.02667236328125	0.0	98.21649932861328	6.266782760620117	0.0	53.13435363769531	167.1672821044922	147.53414916992188	69.1291275024414	62.7801513671875	159.4287109375	178.63528442382812	176.43296813964844	67.9415512084961	102.7552719116211
11.152344703674316	266.34808349609375	1118.0687255859375	939.8474731445312	1.758320689201355	957.2861328125	1202.6619873046875	443.6022033691406	125.28418731689453	1036.4541015625	813.9525146484375	731.1812133789062	345.55120849609375	822.6334228515625	912.0685424804688	859.8803100585938	101.7730712890625	532.3715209960938	515.7019653320312	202.2858428955078	355.3321533203125	435.6654357910156	558.3477172851562	346.0584411621094	401.624755859375	506.20037841796875	566.466796875	344.6347961425781	297.3749084472656	635.9109497070312	611.3296508789062	267.78619384765625	0.0	81.6374740600586	281.1889343261719	196.96881103515625	0.0	125.7182846069336	236.0199737548828	138.91958618164062	0.0	126.70377349853516	78.40141296386719	100.96045684814453	54.080780029296875	42.47566604614258	239.60215759277344	164.85153198242188	46.874671936035156	104.1761474609375	90.13226318359375	56.73444747924805	75.79035186767578	38.23653030395508	80.53321075439453	36.28473663330078	132.34213256835938	66.52098083496094	97.22540283203125	26.787946701049805	100.08985900878906	135.12490844726562	87.60408020019531	31.68400764465332	0.0	0.0	0.0	61.44062042236328	0.0	0.0	0.0	54.44180679321289	0.0	0.0	0.0	56.04971694946289	0.0	9.804720878601074	43.51915740966797	60.045310974121094	0.0	0.0	0.0	45.56394958496094	10.041004180908203	0.0	0.0	13.627365112304688	12.796745300292969	17.900793075561523	0.0	0.0	24.43369483947754	18.004722595214844	0.0	69.50322723388672	0.0	0.0	0.0	15.12081241607666	0.0	0.0	0.0	0.0	0.0	0.0	0.0	0.0	0.0	0.0	0.0	35.367881774902344	3.594888687133789	57.11229705810547	158.07444763183594	149.66506958007812	34.823482513427734	183.26483154296875	293.7009582519531	273.2500915527344	66.03279113769531	232.5074005126953	275.2588195800781	168.74693298339844	182.48802185058594	359.3817443847656	272.57391357421875	151.22470092773438	2.797604560852051	10.239202499389648	0.0	0.0	5.397254467010498	0.0	0.0	0.0	0.0	0.0	0.0	0.0	0.0	0.0	0.0	0.0	53.84572982788086	160.17111206054688	631.9071044921875	661.0360717773438	89.04987335205078	240.21405029296875	427.0829162597656	230.09149169921875	112.5400619506836	511.1300048828125	393.0055847167969	187.332763671875	395.8028564453125	480.1533508300781	483.1733093261719	393.28936767578125	73.70257568359375	212.744384765625	333.9463806152344	394.00933837890625	166.37217712402344	319.6842041015625	444.6731262207031	422.2054138183594	345.48553466796875	568.3342895507812	691.5612182617188	334.2569274902344	613.1948852539062	835.3352661132812	763.1597290039062	392.4918518066406	0.22805960476398468	44.814308166503906	23.24754524230957	0.0	47.538917541503906	158.79933166503906	29.02056312561035	0.0	60.058860778808594	59.39509582519531	27.889602661132812	0.0	104.2928466796875	163.3058319091797	0.0	0.0	19.8874568939209	211.72544860839844	439.7737731933594	424.6633605957031	56.15277862548828	127.39990997314453	252.26849365234375	208.62985229492188	316.2247009277344	372.4521179199219	341.2136535644531	145.44073486328125	373.4565124511719	597.6886596679688	496.3495178222656	203.10501098632812	0.0	85.37580108642578	233.5145263671875	170.27706909179688	0.0	84.64743041992188	45.92415237426758	151.1192626953125	27.935148239135742	48.56721496582031	256.1626892089844	126.34198760986328	83.9034423828125	95.70661926269531	157.91018676757812	14.715863227844238	136.16754150390625	294.5987854003906	246.87521362304688	60.004539489746094	198.92019653320312	245.82359313964844	319.0994873046875	283.55242919921875	204.3229217529297	229.91256713867188	243.50901794433594	57.3292350769043	58.24085998535156	300.2309265136719	134.358154296875	0.0	0.0	0.0	267.0955505371094	190.54623413085938	0.0	117.91986846923828	257.0764465332031	245.8772735595703	0.0	44.67048645019531	109.173828125	153.26907348632812	18.430801391601562	24.818374633789062	232.38827514648438	181.6900177001953
22.663692474365234	80.23795318603516	1119.447509765625	555.9337768554688	17.679744720458984	310.8452453613281	1161.1121826171875	390.427490234375	25.68092155456543	401.03564453125	1158.384521484375	283.17315673828125	49.92162322998047	433.83062744140625	1101.34619140625	248.1489715576172	0.0	598.9813842773438	423.7041015625	229.15988159179688	0.0	579.1990356445312	382.49639892578125	132.06092834472656	0.0	569.9536743164062	383.20050048828125	152.77346801757812	94.88079833984375	558.5581665039062	403.83587646484375	166.34580993652344	0.0	0.0	130.90158081054688	63.685909271240234	4.248989105224609	40.41666793823242	215.9914093017578	58.49824905395508	3.9499807357788086	55.78874588012695	204.50735473632812	27.498106002807617	0.0	31.18276596069336	151.7045440673828	12.255807876586914	40.637786865234375	95.87603759765625	2.309009313583374	0.0	63.50017547607422	125.0560302734375	0.0	0.0	60.80320358276367	93.38164520263672	0.0	0.0	96.3916244506836	162.8820343017578	56.7793083190918	0.0	0.0	0.0	44.44426345825195	70.36344909667969	0.0	0.0	70.05303955078125	71.88809204101562	0.0	0.0	91.69905090332031	39.586002349853516	0.0	0.0	89.66891479492188	25.81296157836914	0.0	0.0	0.0	0.0	0.0	0.0	0.0	0.0	0.0	0.0	0.0	1.5466505289077759	16.751720428466797	1.6833539009094238	0.0	13.435291290283203	0.0	0.0	0.0	0.0	0.0	0.0	0.0	40.569549560546875	0.0	0.0	0.0	28.76996421813965	0.0	0.0	2.7475743293762207	42.141136169433594	2.4890475273132324	97.04044342041016	148.1690673828125	69.86836242675781	0.0	120.04185485839844	154.99044799804688	67.35612487792969	2.993138313293457	140.8606719970703	175.33978271484375	77.533203125	23.0772762298584	224.87144470214844	284.7145080566406	137.77304077148438	1.6564439535140991	0.0	0.0	2.290140151977539	0.0	0.0	0.0	50.599910736083984	0.0	0.0	0.0	65.07806396484375	0.0	0.0	0.0	36.84164810180664	30.14832305908203	148.3287353515625	135.83963012695312	44.310550689697266	81.67017364501953	332.88665771484375	273.95477294921875	50.045955657958984	115.86536407470703	308.3852844238281	201.50369262695312	0.0	117.93428802490234	268.6590881347656	176.11375427246094	7.580371856689453	107.35092163085938	269.3152770996094	207.74334716796875	218.5167236328125	150.2053985595703	283.3456726074219	186.23133850097656	218.5519561767578	179.62486267089844	304.5263977050781	152.41571044921875	210.85972595214844	261.5601501464844	530.3789672851562	433.5845031738281	378.7606201171875	5.387178897857666	50.18613052368164	205.12985229492188	0.0	8.425155639648438	107.91969299316406	182.264404296875	0.0	17.404634475708008	166.14036560058594	169.70079040527344	0.0	25.714941024780273	195.44708251953125	180.57693481445312	0.0	35.65133285522461	88.96973419189453	112.65565490722656	13.806464195251465	117.12899780273438	172.49850463867188	192.95330810546875	35.96803283691406	129.281982421875	121.69393920898438	96.1546630859375	31.840831756591797	271.09112548828125	318.06591796875	339.0373840332031	89.4627685546875	0.0	194.98458862304688	231.48959350585938	11.181777000427246	0.0	256.1473388671875	216.52850341796875	44.61421203613281	0.0	272.9012756347656	164.1828155517578	38.221824645996094	0.0	303.07708740234375	91.67626190185547	10.709118843078613	38.575164794921875	269.0147705078125	281.96087646484375	80.74336242675781	44.436092376708984	196.67356872558594	209.4537811279297	0.0	27.64229393005371	215.12939453125	246.69175720214844	0.0	27.71026039123535	176.11892700195312	151.47059631347656	0.0	0.0	0.0	133.03306579589844	163.70814514160156	0.0	0.0	208.46290588378906	173.93609619140625	0.0	0.0	228.6853790283203	181.1391143798828	0.0	0.0	176.00796508789062	153.15127563476562
57.551692962646484	421.2894592285156	1071.4224853515625	787.3788452148438	530.7315063476562	1240.7454833984375	1127.064208984375	1166.478759765625	797.60498046875	1084.112548828125	1331.8411865234375	1422.1226806640625	329.4326171875	211.40646362304688	1001.0990600585938	483.0881042480469	454.705078125	697.8380126953125	722.3623657226562	601.9560546875	637.4191284179688	571.8193359375	855.0728759765625	593.7423706054688	410.6678771972656	857.6453247070312	880.1895751953125	364.60321044921875	187.61058044433594	647.6729736328125	472.0172424316406	207.71495056152344	0.0	0.0	110.96724700927734	19.54540252685547	25.293170928955078	356.0259704589844	281.6737976074219	288.716064453125	96.056884765625	82.913330078125	315.7799377441406	313.1526794433594	309.6221008300781	194.34359741210938	301.0325927734375	133.23617553710938	85.28086853027344	163.2507781982422	185.0806884765625	155.7147979736328	90.54667663574219	13.529308319091797	76.03235626220703	7.183224201202393	193.8955535888672	291.4375305175781	168.7103729248047	0.0	50.95407485961914	134.71932983398438	0.07763566076755524	3.5643718242645264	0.0	0.0	0.0	0.0	0.0	0.0	0.0	87.31489562988281	0.0	14.772672653198242	0.0	43.27078628540039	0.0	0.0	49.34770965576172	82.7689437866211	0.0	0.0	61.17741394042969	57.15420913696289	0.0	0.0	59.88239288330078	0.0	22.594833374023438	34.72313690185547	1.2439674139022827	17.303171157836914	38.048912048339844	15.85884952545166	0.0	16.10807228088379	0.0	0.0	0.0	0.0	0.0	0.0	0.0	0.0	0.0	0.0	0.0	38.30440902709961	0.0	0.0	7.162562370300293	46.715919494628906	124.22631072998047	171.2318878173828	356.8711242675781	399.32012939453125	148.00653076171875	326.78167724609375	348.4212951660156	206.49517822265625	328.8309020996094	390.6044616699219	335.4455871582031	253.58511352539062	222.0775604248047	288.26837158203125	298.4964904785156	148.7108612060547	8.36703872680664	0.0	0.0	0.0	6.244996547698975	0.0	0.0	0.0	0.0	0.0	0.0	0.0	0.0	0.0	0.0	36.13121795654297	80.19275665283203	113.69478607177734	661.073486328125	497.27886962890625	147.0563201904297	749.57177734375	985.3255004882812	527.108642578125	550.6494140625	564.8009033203125	676.3406982421875	478.8446350097656	1054.34521484375	1203.7655029296875	876.7482299804688	256.57122802734375	276.4210205078125	428.08636474609375	632.2135009765625	607.5021362304688	423.5907897949219	725.4108276367188	780.0726928710938	595.7184448242188	817.2437133789062	974.0828857421875	872.739013671875	382.4745788574219	574.1181030273438	794.9742431640625	605.6993408203125	364.0422058105469	82.0919418334961	79.32386016845703	23.74510383605957	0.0	137.24261474609375	74.74031829833984	7.589054584503174	0.0	229.9263153076172	46.148475646972656	6.103989124298096	0.0	0.0	55.36468505859375	7.474445343017578	0.0	61.69588851928711	526.2125244140625	661.209228515625	330.9189147949219	298.0000305175781	496.9210205078125	392.30645751953125	225.92337036132812	717.9164428710938	858.8321533203125	685.2085571289062	232.30972290039062	651.2280883789062	662.1660766601562	226.58950805664062	89.5296630859375	0.0	89.49040985107422	110.77369689941406	69.97111511230469	59.653350830078125	67.02914428710938	288.4491882324219	378.3084716796875	154.76708984375	37.682220458984375	298.8943786621094	79.812744140625	105.67826080322266	422.2779541015625	445.23590087890625	43.44902038574219	448.9249572753906	580.4057006835938	403.3487243652344	424.2350158691406	343.3436584472656	128.64437866210938	339.2520751953125	291.12396240234375	25.639129638671875	279.7981872558594	296.1123962402344	0.0	48.35613250732422	215.9688262939453	67.88874816894531	0.0	0.0	0.0	0.0	16.481470108032227	0.0	276.07586669921875	185.96873474121094	228.3478240966797	53.74169158935547	169.57701110839844	256.4590148925781	312.85015869140625	265.7849426269531	106.15487670898438	295.7672119140625	243.84701538085938
210.5646209716797	850.1429443359375	748.6773071289062	304.5780944824219	368.2782287597656	623.554443359375	607.6929931640625	1143.3216552734375	120.14024353027344	1060.7373046875	991.1724853515625	856.7333984375	1132.095458984375	1361.387451171875	585.5285034179688	987.75537109375	574.8811645507812	594.5206298828125	518.1415405273438	737.5794067382812	163.05410766601562	554.8843383789062	925.9223022460938	792.6298217773438	689.686279296875	757.1942138671875	534.0241088867188	325.6922912597656	578.8976440429688	757.4750366210938	777.9381103515625	439.3623962402344	36.37726974487305	356.3228454589844	284.6721496582031	101.74118041992188	220.343017578125	231.8206329345703	144.7176055908203	355.025390625	0.0	322.3184509277344	340.18243408203125	276.6931457519531	145.4920196533203	298.6907653808594	186.75003051757812	204.38404846191406	154.32730102539062	275.5085754394531	289.2222900390625	269.4067687988281	85.31053161621094	182.6764373779297	162.4672088623047	163.62391662597656	97.07633972167969	121.81246185302734	94.45417022705078	55.13985061645508	33.01498031616211	104.44329833984375	156.12261962890625	91.0940933227539	0.0	0.0	0.0	0.0	0.0	0.0	0.0	59.13359832763672	0.0	0.0	0.0	22.211395263671875	0.0	0.0	0.0	114.72232818603516	47.17361068725586	0.0	35.73997497558594	133.74476623535156	0.0	32.48853302001953	0.8442493677139282	71.2701416015625	7.823685169219971	9.712837219238281	27.606786727905273	34.698211669921875	0.0	19.827823638916016	25.58043670654297	37.10082244873047	0.0	0.0	0.0	0.0	0.0	0.0	0.0	0.0	0.0	0.0	0.0	20.817243576049805	0.0	0.0	1.7434486150741577	13.589539527893066	127.9993896484375	291.7748107910156	366.6954040527344	200.50230407714844	183.49668884277344	252.36940002441406	353.7945556640625	351.22027587890625	263.42694091796875	236.03248596191406	316.6663818359375	236.4416046142578	448.7859191894531	428.11419677734375	345.7164611816406	253.3663330078125	0.0	0.0	0.0	0.0	0.0	0.0	0.0	0.0	0.0	0.0	0.0	0.0	0.0	0.0	0.0	0.0	298.3112487792969	1054.2886962890625	1299.4462890625	855.2799072265625	748.5098876953125	902.2244873046875	379.80426025390625	735.3501586914062	261.7669982910156	550.890625	924.531982421875	802.014404296875	464.3290100097656	825.8302612304688	630.9444580078125	307.1070861816406	512.3204345703125	792.9097290039062	993.2891235351562	836.848388671875	410.39739990234375	776.198974609375	893.392578125	587.1602172851562	483.1468200683594	584.950927734375	715.6975708007812	599.121826171875	886.9728393554688	1002.2227172851562	904.1547241210938	428.39996337890625	61.07022476196289	80.054443359375	0.0	0.0	88.96520233154297	89.01102447509766	42.52276611328125	0.0	103.0883560180664	0.0	74.78301239013672	4.437473297119141	198.8017578125	41.398231506347656	0.0	0.0	537.4594116210938	885.2732543945312	1134.82568359375	668.2789306640625	484.4745788574219	365.9801330566406	639.6793212890625	541.71142578125	250.35653686523438	602.65283203125	556.7968139648438	221.9663848876953	428.1112976074219	356.88055419921875	544.4400634765625	423.5256652832031	74.35529327392578	0.0	187.86705017089844	485.7972106933594	176.56008911132812	125.86892700195312	141.8300323486328	235.85861206054688	20.474931716918945	229.6707000732422	239.45315551757812	199.74700927734375	64.86797332763672	3.3937880992889404	362.92181396484375	223.0243377685547	317.6879577636719	258.25146484375	267.97637939453125	490.56707763671875	139.12408447265625	555.5172119140625	485.0675354003906	125.9819107055664	446.09429931640625	429.2032470703125	198.35020446777344	227.04159545898438	283.6138610839844	176.8603057861328	246.3531951904297	22.121685028076172	0.0	189.06961059570312	268.750244140625	5.297671318054199	159.9705047607422	202.21229553222656	194.2609100341797	387.5490417480469	59.299827575683594	164.90032958984375	227.95668029785156	350.9226989746094	99.00765991210938	250.6765594482422	156.354248046875	122.8405532836914
3.2526111602783203	537.6406860351562	1110.1915283203125	1015.1065673828125	90.81275939941406	1466.03515625	1298.34130859375	890.4920043945312	884.9166870117188	1635.8927001953125	498.3272705078125	1217.0010986328125	1090.9130859375	1224.7039794921875	1264.609619140625	1466.3154296875	295.064697265625	650.183837890625	709.68115234375	502.3101501464844	699.6334228515625	692.083251953125	685.6206665039062	493.8293151855469	613.4440307617188	461.535888671875	759.8134155273438	574.370361328125	451.83782958984375	836.6637573242188	952.1852416992188	484.480224609375	0.0	0.0	116.9022445678711	90.45515441894531	0.0	413.8703918457031	290.4419860839844	115.04818725585938	150.40708923339844	360.3890686035156	102.32494354248047	207.9480743408203	73.52401733398438	12.703248023986816	308.3663330078125	274.02740478515625	72.87118530273438	119.38826751708984	57.119483947753906	61.36590576171875	123.66292572021484	135.0673065185547	80.65943145751953	0.0	112.2407455444336	0.0	61.50017547607422	5.390200614929199	192.69143676757812	365.0702209472656	249.46719360351562	49.93256759643555	0.0	0.0	0.0	21.486265182495117	0.0	0.0	0.0	80.84548950195312	0.0	0.0	0.0	78.78937530517578	0.0	36.16323471069336	0.0	61.48017120361328	0.0	0.0	44.17865753173828	0.0	0.0	0.0	38.93975830078125	0.0	0.0	0.0	0.0	0.0	62.92507553100586	58.162044525146484	6.3861188888549805	53.91964340209961	0.0	0.0	0.0	0.0	0.0	0.0	0.0	0.0	0.0	0.0	0.0	0.0	0.0	0.0	0.0	43.93024444580078	68.63287353515625	116.55709075927734	268.52587890625	336.0699462890625	69.67137908935547	158.23553466796875	266.138671875	169.520263671875	152.41400146484375	228.86927795410156	265.3758544921875	204.62982177734375	418.5711364746094	501.1177062988281	439.4033203125	316.7146301269531	8.169975280761719	0.0	0.0	0.0	7.262657642364502	0.0	0.0	0.0	0.0	0.0	0.0	0.0	0.0	0.0	0.0	0.0	96.00733947753906	102.55030822753906	399.2286376953125	256.6539611816406	120.79080963134766	609.1558227539062	808.5947265625	427.300537109375	353.30975341796875	639.6655883789062	579.0000610351562	177.95486450195312	407.5338439941406	294.24951171875	564.6124877929688	607.3934326171875	161.98887634277344	430.475830078125	534.5064086914062	486.1791687011719	309.6355285644531	462.7139587402344	610.9293212890625	518.1375122070312	343.9314270019531	444.49688720703125	672.1404418945312	393.3946228027344	872.31982421875	1104.0203857421875	1046.75830078125	513.2525024414062	2.3586771488189697	67.68836212158203	69.2424545288086	88.55502319335938	65.60079193115234	63.869422912597656	0.0	155.0712432861328	134.97752380371094	73.97444915771484	10.033306121826172	59.66637420654297	248.6970672607422	149.09088134765625	22.25407600402832	0.0	40.183013916015625	323.0628662109375	354.83306884765625	316.9952392578125	189.83889770507812	504.3164367675781	487.75750732421875	258.2723083496094	273.2510986328125	259.7657775878906	180.1763458251953	169.07032775878906	600.5730590820312	883.740966796875	926.2569580078125	436.7677001953125	0.0	158.2096405029297	249.41749572753906	49.338462829589844	86.16951751708984	253.05126953125	238.61920166015625	414.2250671386719	238.892822265625	224.12673950195312	388.7559814453125	426.3408508300781	170.717529296875	0.0	283.729736328125	63.78163528442383	295.6695251464844	449.79779052734375	392.37646484375	269.6194763183594	384.7214660644531	410.2186279296875	151.00071716308594	287.31781005859375	285.5987243652344	259.8954772949219	370.22003173828125	301.8382568359375	92.28856658935547	397.14727783203125	270.4109191894531	0.0	0.0	0.0	94.72286987304688	155.133056640625	0.0	298.1769104003906	265.499267578125	101.34124755859375	9.38926887512207	310.8035888671875	138.95523071289062	159.33984375	33.35359191894531	25.31749725341797	173.07876586914062	202.8392791748047
483.5614929199219	740.3007202148438	607.1993408203125	700.2158203125	727.4868774414062	840.4315795898438	836.760498046875	1038.984375	328.4010314941406	367.9643249511719	1347.507568359375	911.2449340820312	46.39035415649414	853.5868530273438	1394.2120361328125	187.14584350585938	672.038330078125	688.8914184570312	725.8959350585938	553.8765869140625	453.8709411621094	596.4405517578125	654.7083740234375	467.9689636230469	207.55120849609375	757.6507568359375	623.2923583984375	291.78369140625	160.29302978515625	502.73779296875	425.34796142578125	305.1429748535156	0.0	0.0	0.0	48.9631462097168	498.5345153808594	352.4614562988281	293.5571594238281	307.12469482421875	327.9031066894531	43.621116638183594	384.9181213378906	262.5285339355469	0.0	119.77244567871094	293.6730651855469	21.2237548828125	287.9621887207031	288.6820373535156	334.9779357910156	119.75308990478516	242.13169860839844	177.217529296875	149.29171752929688	28.537057876586914	99.8797607421875	186.20074462890625	16.14935874938965	6.799529075622559	129.738525390625	113.45526885986328	0.0	0.0	0.0	0.0	0.0	0.0	0.0	0.0	0.0	63.271873474121094	0.0	0.0	49.73008728027344	93.92013549804688	0.0	0.0	24.951364517211914	53.222572326660156	0.0	89.90116882324219	111.5934066772461	0.0	0.0	66.56997680664062	43.087772369384766	0.0	49.50032043457031	12.85621166229248	0.0	31.26946258544922	19.070798873901367	0.0	0.0	0.9381637573242188	0.0	0.0	0.0	0.0	0.0	0.0	0.0	17.303295135498047	0.0	0.0	0.0	64.11441802978516	0.0	0.0	0.0	40.97496795654297	316.31396484375	346.36865234375	411.3565673828125	316.2454833984375	153.32839965820312	235.53976440429688	204.17405700683594	171.54345703125	100.76628112792969	231.31887817382812	260.000244140625	184.8773956298828	29.185827255249023	253.3900909423828	332.3391418457031	171.73190307617188	0.0	0.0	0.0	0.0	0.0	0.0	0.0	0.0	0.0	0.0	0.0	16.622787475585938	0.0	0.0	0.0	62.824039459228516	32.30838394165039	383.0804748535156	408.0845642089844	138.08834838867188	1203.5592041015625	1266.900634765625	956.7509765625	541.5198364257812	726.99560546875	503.7232360839844	484.8675231933594	452.1204528808594	162.13662719726562	356.6585693359375	408.66815185546875	122.36068725585938	792.4608764648438	789.919189453125	787.5672607421875	474.9896240234375	752.3675537109375	929.1263427734375	946.89453125	536.9349975585938	386.8112487792969	566.16748046875	443.8269958496094	412.5827941894531	300.1668701171875	530.168701171875	492.7277526855469	337.46966552734375	119.52359771728516	0.0	49.15514373779297	32.064910888671875	5.167971134185791	0.0	48.508758544921875	0.0	54.6910285949707	58.639705657958984	77.935302734375	0.0	0.38603049516677856	229.4638671875	191.07693481445312	0.0	629.5985107421875	838.2007446289062	756.7678833007812	308.85711669921875	1001.2078857421875	945.94921875	575.3939208984375	286.7018127441406	93.59565734863281	295.8404846191406	297.44158935546875	80.76322174072266	178.8862762451172	215.08859252929688	157.36375427246094	22.38113784790039	0.0	0.0	0.0	14.872900009155273	210.26885986328125	253.21766662597656	532.151611328125	282.46588134765625	69.13648986816406	262.39862060546875	382.58282470703125	84.42073059082031	0.0	274.85150146484375	133.6334686279297	88.00968933105469	597.4393920898438	591.0822143554688	490.4201965332031	444.8827819824219	0.0	213.3672637939453	286.84185791015625	98.99079132080078	158.23362731933594	338.0982666015625	220.72357177734375	0.0	144.15525817871094	158.3401336669922	293.7166748046875	98.87533569335938	0.0	0.0	0.0	37.25810623168945	253.78903198242188	263.7818908691406	141.10919189453125	193.91200256347656	370.82952880859375	113.8729019165039	365.4899597167969	318.3188171386719	0.0	39.03315353393555	324.48565673828125	204.9345245361328
14.329255104064941	355.5796813964844	1124.17041015625	1020.5588989257812	1.7735675573349	1224.45458984375	1254.898681640625	194.02882385253906	245.95089721679688	1014.7367553710938	488.3919372558594	581.074462890625	324.7113342285156	768.4163208007812	500.9246826171875	671.6396484375	219.80517578125	582.7686157226562	493.232666015625	148.1966094970703	464.40838623046875	435.888916015625	421.27313232421875	301.5706481933594	479.69781494140625	513.2212524414062	541.1728515625	373.603759765625	351.3224182128906	476.1874084472656	632.5470581054688	303.46527099609375	0.0	52.770172119140625	321.9416809082031	314.02398681640625	0.0	229.78746032714844	269.5559387207031	45.15165710449219	0.0	42.98277282714844	0.0	89.87828063964844	128.66539001464844	165.00108337402344	304.385498046875	200.2960205078125	71.18668365478516	88.96142578125	0.0	0.0	78.06441497802734	6.735616207122803	9.46469497680664	20.072172164916992	119.9022216796875	90.8396224975586	137.3072509765625	87.79023742675781	134.63201904296875	191.6561737060547	162.6704559326172	59.79696273803711	0.0	0.0	0.0	38.666831970214844	0.0	0.0	0.0	35.2257194519043	0.0	0.0	0.0	21.64236831665039	0.0	31.28190040588379	16.760997772216797	104.40459442138672	0.0	0.0	0.0	62.74764633178711	2.2507123947143555	0.0	28.686845779418945	19.764991760253906	20.594837188720703	11.579116821289062	62.87757110595703	3.670525312423706	26.462501525878906	34.7233772277832	25.789323806762695	85.6851577758789	0.0	0.0	0.0	49.63874053955078	0.0	0.0	0.0	26.53969955444336	0.0	0.0	0.0	0.0	0.0	23.941551208496094	74.84735870361328	0.6839672923088074	34.7033805847168	89.3320083618164	141.1991729736328	188.6195526123047	76.47596740722656	239.02069091796875	371.9720764160156	222.62734985351562	161.60397338867188	316.06109619140625	345.73480224609375	265.6510009765625	146.23516845703125	376.8540954589844	331.3814392089844	183.87753295898438	1.9757161140441895	23.992969512939453	0.0	0.0	4.859319686889648	0.0	0.0	0.0	0.0	0.0	0.0	0.0	0.0	0.0	0.0	0.0	78.51046752929688	131.93331909179688	553.85546875	530.18359375	91.25308227539062	387.4206237792969	538.7919921875	247.3583984375	186.11175537109375	467.24383544921875	485.1897888183594	124.7616195678711	667.9512329101562	703.4534912109375	680.1549072265625	630.7088623046875	135.71728515625	255.18081665039062	338.9560241699219	425.9447326660156	143.54299926757812	429.0840148925781	491.5235290527344	332.9028625488281	457.4906005859375	745.86865234375	895.1563720703125	482.482421875	543.4264526367188	1085.5970458984375	1141.3997802734375	545.2443237304688	1.0491608381271362	50.7947883605957	0.0	0.0	62.52695083618164	149.85012817382812	0.0	3.612905502319336	92.2130355834961	188.64649963378906	0.0	0.0	24.16082763671875	120.09750366210938	0.0	0.7427577972412109	44.955467224121094	273.02203369140625	315.7381896972656	269.4223327636719	90.9271240234375	193.8612518310547	123.68089294433594	92.2914047241211	242.7488555908203	423.0126953125	456.0860900878906	260.1910095214844	528.2713623046875	814.0330200195312	844.2215576171875	353.76416015625	0.0	169.96273803710938	141.6055450439453	66.56243896484375	0.0	113.9441146850586	40.715694427490234	147.00302124023438	81.9688491821289	106.4242172241211	143.05548095703125	32.010658264160156	206.97952270507812	163.5368194580078	218.61618041992188	94.83661651611328	200.69993591308594	352.4825439453125	126.04948425292969	72.9436264038086	234.1255645751953	210.28956604003906	198.99339294433594	165.1156768798828	209.71649169921875	337.3969421386719	370.3164978027344	305.7513732910156	0.0	40.22056579589844	6.737547397613525	0.0	0.0	0.0	344.6039123535156	299.8771667480469	0.0	211.48779296875	326.0400085449219	153.958251953125	0.0	124.16686248779297	0.6215246319770813	97.30365753173828	104.17904663085938	41.25437927246094	103.05064392089844	120.99584197998047
16.187543869018555	316.758544921875	1175.8812255859375	524.584228515625	21.97187614440918	492.1377868652344	1197.301513671875	309.0865783691406	26.79569435119629	618.8128051757812	1196.91552734375	237.5382537841797	40.724761962890625	549.0693359375	1052.3607177734375	267.3373107910156	16.980234146118164	638.169921875	452.4691467285156	234.11383056640625	30.20372200012207	568.5214233398438	370.7126159667969	155.68255615234375	52.25365447998047	512.1201782226562	354.28948974609375	168.15072631835938	173.42115783691406	565.9361572265625	453.2620849609375	192.3423309326172	0.0	0.0	156.73899841308594	59.01100158691406	14.934600830078125	83.45203399658203	227.88043212890625	56.68689727783203	12.166549682617188	74.34539794921875	190.50074768066406	20.49512481689453	0.0	48.085567474365234	159.8060760498047	7.322780609130859	76.38738250732422	131.40223693847656	25.87019157409668	0.0	60.496192932128906	101.27915954589844	0.0	0.0	82.87278747558594	102.69544219970703	0.0	0.0	124.64917755126953	189.08364868164062	68.77853393554688	0.0	0.0	0.0	46.65005874633789	42.985504150390625	0.0	0.0	81.84383392333984	37.368133544921875	0.0	0.0	82.4226303100586	39.82082748413086	0.0	0.0	94.16788482666016	26.276824951171875	0.0	0.0	0.0	0.0	0.0	0.0	0.0	0.0	0.0	0.0	0.0	2.8386900424957275	13.079601287841797	4.271719455718994	0.0	13.568763732910156	0.0	0.0	0.0	14.803677558898926	0.0	0.0	0.0	44.78974151611328	0.0	0.0	0.0	34.426918029785156	0.0	0.0	16.11921501159668	27.986974716186523	3.928175687789917	94.31922149658203	186.21954345703125	92.60382080078125	0.0	153.4825897216797	178.80372619628906	85.74742889404297	0.0	165.24790954589844	175.6786346435547	86.03254699707031	44.278160095214844	267.16180419921875	287.9000549316406	151.24867248535156	0.0	0.0	0.0	14.651135444641113	0.0	0.0	0.0	55.70066452026367	0.0	0.0	0.0	66.14712524414062	0.0	0.0	0.0	24.884674072265625	77.90509033203125	209.37142944335938	219.52999877929688	55.51401138305664	134.60992431640625	365.4010314941406	320.8950500488281	59.302364349365234	175.9094696044922	352.4385986328125	222.02523803710938	0.0	178.22323608398438	270.367919921875	223.20286560058594	55.98511505126953	143.96475219726562	309.3668212890625	251.79483032226562	229.03054809570312	190.83389282226562	323.5066833496094	219.86337280273438	239.39749145507812	187.18618774414062	340.7628479003906	230.62652587890625	247.16542053222656	321.1967468261719	559.7194213867188	444.3688049316406	388.2315673828125	6.159687519073486	97.9054183959961	186.7803192138672	0.0	18.165109634399414	157.92506408691406	153.70628356933594	0.0	12.501747131347656	204.3650360107422	139.0128173828125	0.0	21.46413803100586	228.93893432617188	139.38121032714844	0.0	118.18212890625	199.7493896484375	210.271240234375	30.035137176513672	145.6878662109375	182.8033447265625	160.618896484375	24.169837951660156	158.08433532714844	146.26170349121094	100.81956481933594	26.23088264465332	279.25653076171875	403.3965759277344	382.7261047363281	113.21630859375	0.0	255.73504638671875	221.65225219726562	10.709565162658691	0.0	296.0118408203125	230.664794921875	52.51243591308594	0.0	331.7950134277344	152.5378875732422	36.27671813964844	0.0	290.9820861816406	105.60612487792969	0.8219940066337585	58.53380584716797	279.0645751953125	284.0075988769531	7.308132648468018	30.511215209960938	176.74935913085938	208.33900451660156	0.0	33.70796585083008	211.54734802246094	246.61282348632812	0.0	43.152259826660156	215.83746337890625	172.95603942871094	0.0	0.0	0.0	167.18601989746094	186.8425750732422	0.0	0.0	227.15000915527344	181.2707977294922	0.0	0.0	187.90945434570312	155.8620147705078	0.0	0.0	131.68576049804688	133.08740234375
581.2997436523438	1105.7886962890625	512.4861450195312	936.0369873046875	983.6445922851562	1260.83984375	794.27197265625	1054.5491943359375	883.3510131835938	653.126953125	846.496826171875	999.7319946289062	363.0267028808594	0.0	397.6937255859375	785.860107421875	534.1181030273438	338.93994140625	587.4072265625	234.3915252685547	525.6971435546875	583.9151611328125	813.2964477539062	463.14263916015625	604.4163818359375	542.6725463867188	684.5128784179688	448.0723571777344	73.78068542480469	309.4302978515625	565.515625	414.1335144042969	53.67901611328125	161.7350616455078	99.92828369140625	143.52084350585938	175.68055725097656	177.3390655517578	135.40403747558594	142.67364501953125	273.3302307128906	234.93038940429688	110.50607299804688	135.50535583496094	500.6571044921875	421.1845703125	146.50909423828125	172.37057495117188	106.33487701416016	52.819766998291016	52.00732421875	0.0	19.46058464050293	39.32588577270508	0.0	0.0	231.02383422851562	323.67120361328125	270.2066650390625	45.986331939697266	1.2252286672592163	157.51927185058594	225.62767028808594	63.898250579833984	0.0	0.0	0.0	85.75898742675781	0.0	0.0	0.0	106.99565124511719	10.13622760772705	18.419504165649414	0.0	99.09452819824219	0.0	0.0	0.0	111.60477447509766	18.65330696105957	0.0	0.39711010456085205	0.0	0.0	0.0	4.605417728424072	0.0	63.93587875366211	49.003604888916016	97.41658782958984	0.0	25.487098693847656	51.28514862060547	29.584758758544922	0.0	0.0	0.0	0.0	0.0	0.0	0.0	0.0	0.0	0.0	0.0	0.0	0.0	42.06768798828125	42.75701904296875	0.0	36.03647232055664	78.244873046875	154.3881378173828	151.14456176757812	164.673095703125	457.68157958984375	419.7176513671875	465.00732421875	264.7713928222656	292.4439392089844	273.9071350097656	369.54443359375	281.1978454589844	134.5654754638672	206.26611328125	287.3887634277344	298.5386657714844	0.0	0.0	0.0	0.0	0.0	0.0	0.0	0.0	0.0	0.0	0.0	0.0	0.0	0.0	0.0	0.0	215.46560668945312	302.76300048828125	357.5547180175781	250.01409912109375	293.9654846191406	416.2161865234375	441.8670349121094	201.42819213867188	983.4032592773438	1170.82666015625	1111.0855712890625	439.99615478515625	1202.2764892578125	1220.716064453125	984.694091796875	392.4814147949219	196.62286376953125	256.943603515625	443.5457763671875	193.43582153320312	699.0145874023438	899.4013061523438	806.1197509765625	247.099853515625	779.6486206054688	943.020751953125	867.7996826171875	349.4274597167969	528.0358276367188	778.7271118164062	791.2499389648438	609.2249755859375	118.4285888671875	30.853776931762695	176.81307983398438	50.000850677490234	243.55616760253906	139.5848846435547	169.01947021484375	99.7411117553711	41.532379150390625	0.0	116.7795181274414	33.46596145629883	7.055859088897705	0.0	204.37982177734375	121.0285415649414	214.05416870117188	240.9672393798828	205.43507385253906	126.5513916015625	69.31832122802734	147.86753845214844	119.161865234375	48.52440643310547	1089.733154296875	1074.95068359375	653.5889282226562	273.71978759765625	350.6379089355469	272.9587097167969	289.874267578125	271.8047790527344	293.9591369628906	16.032045364379883	346.4259033203125	103.2730941772461	221.95394897460938	0.0	386.9075622558594	142.11581420898438	150.4292449951172	43.22393035888672	292.23529052734375	82.83892822265625	190.4551544189453	218.60891723632812	517.27587890625	245.7882537841797	343.3846435546875	291.0590515136719	136.47434997558594	224.57740783691406	262.97052001953125	294.5037841796875	187.5264129638672	218.83316040039062	105.36959075927734	151.3440399169922	239.21185302734375	271.5966491699219	0.0	118.64039611816406	152.38861083984375	193.42845153808594	0.0	107.4053726196289	37.746055603027344	159.53921508789062	25.83606719970703	68.74657440185547	63.040321350097656	141.45687866210938	0.0	0.0	0.0	138.96490478515625	387.9491882324219	343.7675476074219	86.36569213867188	137.5978240966797
51.99895095825195	873.5496215820312	630.4003295898438	409.399169921875	447.6292419433594	869.557861328125	879.8450927734375	850.7286376953125	246.40335083007812	270.8417053222656	1119.6390380859375	812.544921875	46.72492599487305	177.20518493652344	488.06842041015625	614.529296875	510.68109130859375	522.1365966796875	462.1995544433594	218.67074584960938	268.5837707519531	697.8935546875	779.5451049804688	331.5291748046875	307.80743408203125	593.7787475585938	631.9630126953125	254.55538940429688	30.85641098022461	302.4038391113281	472.02752685546875	219.46714782714844	0.0	172.56910705566406	98.28458404541016	61.86600875854492	203.86788940429688	306.4195251464844	100.81802368164062	108.67008972167969	58.433536529541016	154.51658630371094	226.07752990722656	78.15626525878906	269.46636962890625	323.8237609863281	148.7705078125	108.39411926269531	157.2127227783203	152.4959716796875	142.99002075195312	0.0	40.28285217285156	107.33203125	25.29136848449707	7.987368583679199	171.4765167236328	230.4645538330078	153.44737243652344	33.31939697265625	0.0	85.35013580322266	142.20803833007812	33.316375732421875	0.0	0.0	0.0	43.570159912109375	0.0	0.0	0.0	93.3582763671875	5.3080902099609375	12.401954650878906	0.0	90.93809509277344	0.0	0.0	0.0	105.1053466796875	8.512170791625977	1.8996878862380981	63.90403366088867	26.506147384643555	0.0	0.0	0.0	2.486314296722412	32.25994110107422	34.61854934692383	65.1408920288086	0.0	0.0	60.36203384399414	38.66556930541992	0.0	0.0	0.0	0.0	0.0	0.0	0.0	0.0	0.0	0.0	0.0	0.0	19.6069393157959	9.3294038772583	0.0	30.93503189086914	12.202383995056152	120.25516510009766	141.90325927734375	263.08563232421875	88.4720687866211	210.21913146972656	377.97320556640625	354.9997253417969	171.05885314941406	172.31617736816406	246.5269775390625	286.02374267578125	176.07603454589844	82.47711944580078	149.0973358154297	215.00563049316406	192.8409423828125	0.0	0.0	0.0	0.0	0.0	0.0	0.0	0.0	0.0	0.0	0.0	0.0	0.0	0.0	0.0	0.0	139.71327209472656	769.6514892578125	641.0521240234375	177.0555877685547	379.75518798828125	870.8847045898438	573.9017333984375	79.91223907470703	427.7540588378906	908.035888671875	877.8948974609375	299.82684326171875	555.1290893554688	1101.07666015625	847.4761962890625	172.94932556152344	309.180908203125	447.75860595703125	433.8450622558594	137.12513732910156	453.8257141113281	751.1905517578125	677.1954956054688	165.77011108398438	487.3276062011719	748.7158813476562	687.4071044921875	251.24044799804688	318.9183349609375	609.1290893554688	539.6744384765625	249.53311157226562	51.1468391418457	0.0	37.41759490966797	0.0	175.66448974609375	150.33367919921875	88.22198486328125	0.0	40.180938720703125	0.7969592213630676	80.83783721923828	0.0	33.493343353271484	8.903585433959961	130.58958435058594	0.0	425.0804443359375	619.7413940429688	401.204833984375	23.55156707763672	270.94775390625	313.82830810546875	49.6410026550293	0.0	581.9271850585938	839.1011962890625	553.4772338867188	105.98355102539062	250.2625732421875	316.3502502441406	102.40373229980469	43.0731315612793	79.66674041748047	129.53236389160156	122.80361938476562	44.839012145996094	88.8082046508789	134.2868194580078	362.73974609375	111.37753295898438	38.2517204284668	91.42587280273438	246.8297576904297	37.038787841796875	19.884387969970703	227.3442840576172	440.7948913574219	106.38567352294922	334.7591857910156	363.7425231933594	244.61416625976562	228.96498107910156	20.77098846435547	435.5256042480469	329.1528625488281	178.8380889892578	33.96782302856445	230.41746520996094	162.84556579589844	181.76031494140625	0.0	153.50238037109375	201.73680114746094	155.6510009765625	0.0	53.835960388183594	16.49197006225586	142.0664825439453	67.22465515136719	191.53857421875	50.854190826416016	155.6433868408203	26.480175018310547	0.0	31.952177047729492	161.14395141601562	240.8894500732422	240.17140197753906	135.10073852539062	160.04598999023438
14.509172439575195	196.55909729003906	1107.874267578125	454.9021301269531	25.34569549560547	422.58001708984375	1190.1177978515625	276.54595947265625	25.571178436279297	432.744384765625	1144.74951171875	244.34402465820312	54.15611267089844	388.30084228515625	1016.2927856445312	256.4247131347656	0.0	605.3742065429688	378.7132568359375	184.16758728027344	9.833950996398926	572.1450805664062	346.5450744628906	132.8804473876953	0.0	550.4735107421875	362.4295349121094	133.91065979003906	64.83667755126953	547.3468017578125	398.8936462402344	169.47044372558594	0.0	0.0	123.46620178222656	69.06328582763672	0.0	51.167362213134766	195.3514404296875	43.77810287475586	15.679758071899414	62.07564926147461	185.38119506835938	31.25857162475586	0.5707773566246033	26.061979293823242	134.25454711914062	14.952742576599121	48.46043014526367	104.48439025878906	0.0	0.0	71.7647705078125	108.26599884033203	0.0	0.0	66.45523071289062	95.6857681274414	0.0	0.0	78.96748352050781	140.67372131347656	50.60628890991211	0.0	0.0	0.0	66.56977844238281	35.83185577392578	0.0	0.0	80.12901306152344	36.16432571411133	0.0	0.0	102.90855407714844	24.845985412597656	0.0	0.0	91.8469467163086	24.109159469604492	0.0	0.0	0.0	15.788068771362305	3.5276806354522705	0.0	0.0	2.6559550762176514	0.0	0.0	0.0	3.103851556777954	8.527474403381348	6.5992631912231445	0.0	15.499037742614746	0.0	0.0	0.0	0.0	0.0	0.0	0.0	39.98261260986328	0.0	0.0	0.0	26.964391708374023	0.0	0.0	0.0	33.990108489990234	4.821877956390381	90.89308166503906	159.68324279785156	56.715755462646484	1.8374948501586914	122.91609954833984	166.51651000976562	73.65887451171875	4.558450222015381	149.65188598632812	174.02978515625	58.223533630371094	24.486114501953125	213.511962890625	273.4986267089844	136.4011993408203	0.0	0.0	0.0	25.452600479125977	0.0	0.0	0.0	70.40966796875	0.0	0.0	0.0	69.42353057861328	0.0	0.0	0.0	35.51822280883789	33.573734283447266	148.58653259277344	144.9026641845703	25.282886505126953	111.1601791381836	300.57537841796875	201.38748168945312	0.0	143.0750732421875	349.95721435546875	205.40335083007812	0.0	149.60726928710938	334.0259094238281	155.72463989257812	0.0	127.6449966430664	256.23797607421875	129.5933837890625	168.7867431640625	188.0965576171875	304.8569030761719	166.34083557128906	214.57423400878906	210.14077758789062	330.47705078125	169.88412475585938	218.8450927734375	260.2187194824219	508.7217102050781	420.6455383300781	375.3584289550781	7.403011798858643	100.62932586669922	171.79119873046875	0.0	13.239434242248535	158.7299041748047	171.43301391601562	0.0	29.913442611694336	176.10597229003906	159.41424560546875	0.0	32.520503997802734	189.83335876464844	184.08932495117188	0.0	45.93070983886719	74.59806823730469	121.33210754394531	17.99635124206543	165.17147827148438	155.1915740966797	126.2988510131836	23.953659057617188	175.3861846923828	143.05282592773438	105.80128479003906	24.3250732421875	254.45448303222656	272.6146545410156	297.3003234863281	85.06620788574219	0.0	215.75784301757812	163.12911987304688	10.013300895690918	0.0	296.053466796875	141.04437255859375	38.18363952636719	0.0	318.4787902832031	147.82273864746094	26.326807022094727	0.0	310.2831115722656	105.73307800292969	8.008649826049805	66.0707778930664	299.63458251953125	294.35992431640625	0.0	50.32770538330078	188.51593017578125	221.7093505859375	0.0	9.483641624450684	183.0422821044922	238.84066772460938	0.0	13.422173500061035	186.4602508544922	178.42813110351562	0.0	0.0	0.0	189.44854736328125	163.8597869873047	0.0	0.0	210.28956604003906	173.3711700439453	0.0	0.0	197.72171020507812	160.8780975341797	0.0	0.0	160.53675842285156	144.5413818359375
29.309162139892578	825.8591918945312	985.053955078125	291.50213623046875	27.20798110961914	831.7989501953125	951.824951171875	491.2630310058594	39.697689056396484	683.6781005859375	826.6407470703125	639.9895629882812	46.3195915222168	433.0743408203125	741.7820434570312	632.9827880859375	276.2838134765625	518.1845703125	409.84637451171875	212.54254150390625	236.3155975341797	523.9258422851562	519.9635620117188	245.98182678222656	215.9546356201172	496.1196594238281	523.64453125	284.9278259277344	157.5504150390625	549.90283203125	631.9452514648438	438.7572021484375	13.811084747314453	85.57220458984375	88.2856216430664	14.694361686706543	8.618749618530273	103.75692749023438	69.19790649414062	22.48448371887207	31.98067283630371	91.96234130859375	87.03398132324219	27.48107147216797	47.04109573364258	14.077138900756836	42.99813461303711	26.740102767944336	113.35693359375	99.7244873046875	0.0	0.0	104.50460815429688	48.07906723022461	10.592680931091309	0.0	132.08782958984375	88.23786926269531	21.183191299438477	0.0	103.38777160644531	206.693359375	179.9299774169922	76.3926010131836	0.0	0.0	6.903295040130615	16.66680145263672	0.0	0.0	8.406366348266602	50.66819763183594	0.0	0.0	4.365026950836182	53.64929962158203	0.0	0.0	57.03186798095703	80.0624771118164	0.0	0.022551193833351135	0.0	16.602392196655273	0.0	8.856828689575195	0.0	0.0	0.0	26.61826515197754	0.0	0.0	3.5023066997528076	56.42491149902344	23.2495059967041	9.632099151611328	0.0	0.0	0.0	0.0	0.0	0.0	0.0	0.0	0.0	0.0	0.0	0.0	0.0	0.0	0.0	15.710626602172852	8.870185852050781	163.9414825439453	162.12461853027344	66.96660614013672	48.15724182128906	233.88719177246094	176.98135375976562	92.1287841796875	25.942548751831055	202.20516967773438	185.6859588623047	116.17506408691406	107.79053497314453	344.1451110839844	392.9037170410156	294.2139587402344	0.0	0.0	0.0	0.0	0.0	0.0	0.0	0.0	0.0	0.0	0.0	0.0	0.0	0.0	0.0	0.0	304.36663818359375	371.30657958984375	247.96453857421875	13.102645874023438	293.9114990234375	346.57635498046875	243.15206909179688	0.0	383.2141418457031	451.0312805175781	366.3419494628906	28.824724197387695	434.4121398925781	505.1071472167969	314.34344482421875	51.97980499267578	307.2752380371094	355.3365173339844	272.9722900390625	187.9140167236328	341.9108581542969	405.42315673828125	353.86004638671875	204.9684295654297	346.5926818847656	461.7994079589844	456.0797424316406	209.36782836914062	378.3505554199219	766.7819213867188	888.99267578125	594.2688598632812	0.0	131.3442840576172	85.59041595458984	0.0	0.0	110.48265075683594	115.36798095703125	0.0	0.0	109.2023696899414	123.34410095214844	0.0	0.0	133.79852294921875	192.73829650878906	0.0	203.84324645996094	250.8282012939453	140.29995727539062	0.0	194.85098266601562	239.7042236328125	79.239501953125	0.0	302.1307067871094	361.1086120605469	153.03390502929688	0.0	294.80584716796875	520.9494018554688	498.8872375488281	329.5522766113281	0.0	285.839111328125	168.8215789794922	37.979339599609375	0.0	251.63836669921875	253.57862854003906	38.28523635864258	0.0	200.3208465576172	290.2951965332031	49.28163528442383	0.0	234.0843505859375	297.5814514160156	0.0	94.61166381835938	282.02569580078125	309.8322448730469	49.18255615234375	42.41605758666992	217.22666931152344	297.0386657714844	115.57528686523438	5.028682708740234	190.7615203857422	283.3505554199219	171.07933044433594	0.0	230.8108367919922	355.8169250488281	143.98739624023438	0.0	0.0	139.6700897216797	132.53863525390625	0.0	48.13514709472656	39.746952056884766	112.55030059814453	0.0	16.599750518798828	7.658123016357422	113.37043762207031	0.0	0.0	0.0	117.979248046875
362.541259765625	509.7591247558594	545.7398071289062	741.995849609375	180.49147033691406	122.46265411376953	1247.742919921875	853.1565551757812	12.470036506652832	1338.973388671875	1363.575927734375	153.30079650878906	253.2427215576172	1194.01708984375	615.765869140625	441.12750244140625	290.6707458496094	324.79931640625	555.4815063476562	292.39105224609375	182.90733337402344	654.5236206054688	639.7404174804688	298.6324768066406	469.13031005859375	565.7123413085938	381.76763916015625	448.764404296875	555.37060546875	748.3009033203125	791.3450317382812	750.1536865234375	372.59344482421875	390.3377990722656	194.55870056152344	169.59027099609375	176.34640502929688	14.703713417053223	232.888916015625	128.12896728515625	0.0	214.96575927734375	302.4566650390625	30.778905868530273	0.0	0.0	0.0	131.5722198486328	248.29466247558594	272.3985595703125	188.21409606933594	3.319505214691162	77.43087768554688	146.2164764404297	38.27540588378906	34.807125091552734	108.87117767333984	43.379634857177734	0.0	0.0	200.2863311767578	364.6705322265625	463.564453125	352.43133544921875	19.085527420043945	0.0	0.0	86.36112213134766	0.0	0.0	7.0731987953186035	68.78410339355469	0.0	0.0	0.0	6.025784015655518	0.0	5.1998610496521	63.9885368347168	0.11746758222579956	0.0	14.046491622924805	44.52396011352539	4.528599739074707	19.081554412841797	0.0	4.363095760345459	49.20942687988281	2.274911642074585	0.0	11.75398063659668	0.0	11.172526359558105	51.47603225708008	51.24605941772461	104.42558288574219	0.0	0.0	13.71713924407959	8.6670503616333	0.0	0.0	0.0	38.79906463623047	0.0	0.0	0.0	0.919462263584137	0.0	0.0	0.0	0.0	101.0713882446289	173.25497436523438	159.20204162597656	99.72296905517578	102.19930267333984	227.72825622558594	215.04254150390625	158.04847717285156	29.566953659057617	266.24053955078125	389.78179931640625	351.9840087890625	236.74301147460938	502.3173828125	570.4721069335938	448.561767578125	0.0	0.0	0.0	0.0	0.0	26.097858428955078	0.0	0.0	21.223018646240234	0.0	0.0	19.12034797668457	0.0	0.0	0.0	0.0	1010.8405151367188	1190.2093505859375	1009.2416381835938	426.4241027832031	369.6082763671875	291.1985778808594	249.1795654296875	243.47425842285156	142.572509765625	503.8697814941406	468.9659423828125	310.2106018066406	74.09194946289062	301.3045959472656	571.8687133789062	626.69921875	506.3607177734375	731.8297119140625	661.478271484375	310.5255126953125	183.0926513671875	389.0269470214844	336.3575134277344	288.8799133300781	136.06890869140625	361.7751159667969	641.0381469726562	636.3178100585938	633.6637573242188	951.6563110351562	1081.765869140625	924.5007934570312	0.0	0.0	70.48323059082031	0.0	29.414396286010742	60.409610748291016	0.0	0.0	51.781551361083984	113.68376922607422	14.253495216369629	61.71262741088867	113.87195587158203	211.0762939453125	0.0	14.866350173950195	912.2969360351562	1012.6978149414062	650.3296508789062	173.1546630859375	30.42732048034668	161.52749633789062	196.29837036132812	160.3955841064453	109.73802185058594	285.2799072265625	205.50198364257812	118.36225128173828	533.0574951171875	999.3377685546875	1230.2469482421875	1057.422607421875	140.04901123046875	203.23289489746094	509.0189514160156	245.32638549804688	0.0	117.175048828125	278.8209228515625	38.171234130859375	0.0	174.2803497314453	125.25989532470703	168.68634033203125	102.71797180175781	39.30390548706055	0.0	29.318090438842773	26.133968353271484	40.911617279052734	207.9408721923828	161.4801788330078	245.17523193359375	444.5511474609375	369.3086242675781	47.276729583740234	263.8137512207031	282.0833435058594	271.27264404296875	359.5410461425781	278.91558837890625	225.28048706054688	324.0898742675781	236.93910217285156	272.5885314941406	281.5389709472656	155.0934600830078	170.24513244628906	286.9141540527344	127.23968505859375	246.53392028808594	176.64959716796875	0.0	80.43980407714844	264.61322021484375	128.7254180908203	0.0	116.0680160522461	21.844127655029297	0.0
484.9160461425781	878.2981567382812	360.1033630371094	437.50238037109375	683.9763793945312	992.6990356445312	96.86710357666016	1080.0072021484375	436.8215026855469	252.7574005126953	1152.9686279296875	1492.514404296875	44.17465591430664	331.95867919921875	1582.03759765625	1144.5386962890625	647.00244140625	573.45703125	560.1172485351562	587.3110961914062	488.0458068847656	306.42730712890625	739.6780395507812	543.8749389648438	85.74183654785156	629.39892578125	770.8756103515625	549.9174194335938	92.6487808227539	698.3087768554688	542.8424072265625	236.54429626464844	0.0	0.0	0.0	17.78531265258789	341.69195556640625	382.50238037109375	74.0588150024414	232.45046997070312	266.4046936035156	188.53375244140625	251.7742919921875	327.1773376464844	26.088987350463867	0.0	351.6859130859375	271.4791259765625	250.91517639160156	285.7035217285156	311.0040588378906	167.35975646972656	158.64100646972656	133.594970703125	191.112060546875	143.17306518554688	25.86939811706543	120.9052963256836	120.21453857421875	0.8502796292304993	68.76985168457031	158.53622436523438	32.6304931640625	0.0	0.0	0.0	0.0	0.0	0.0	0.0	0.0	47.95692443847656	0.0	0.0	0.0	76.7099838256836	0.0	0.0	17.782920837402344	43.26527404785156	0.0	104.69561767578125	129.94903564453125	44.15239715576172	0.0	0.0	79.08773803710938	63.27981948852539	48.93651580810547	0.0	0.0	6.010509490966797	20.189268112182617	18.70159912109375	0.556484043598175	10.132841110229492	0.0	0.0	0.0	0.0	0.0	0.0	0.0	0.0	0.0	0.0	0.0	0.0	0.0	0.0	0.0	48.91428756713867	302.3321228027344	355.5987243652344	423.1578063964844	329.55633544921875	269.5884704589844	278.2216796875	285.9399719238281	158.56394958496094	111.58619689941406	177.61111450195312	216.01731872558594	224.28546142578125	53.42328643798828	128.25369262695312	280.3307800292969	177.44287109375	0.0	0.0	0.0	0.0	0.0	0.0	0.0	0.0	0.0	0.0	0.0	0.0	0.0	0.0	0.0	0.0	27.52103042602539	282.4895935058594	255.92916870117188	25.737903594970703	774.1557006835938	1086.5650634765625	1123.4320068359375	545.5574340820312	780.9905395507812	645.8004760742188	330.98919677734375	391.8354797363281	62.68836212158203	103.61553955078125	498.56219482421875	443.216552734375	563.0828857421875	590.918701171875	610.5360107421875	472.65997314453125	799.5921630859375	851.3519287109375	863.8781127929688	518.87548828125	308.43548583984375	492.6294860839844	539.2600708007812	341.2156677246094	191.5487060546875	458.2846984863281	421.4889831542969	376.3697204589844	107.32535552978516	15.928183555603027	23.75408363342285	119.28897094726562	127.5466537475586	0.0	3.1440584659576416	46.82960891723633	20.22704315185547	0.0	0.0	0.0	4.644404888153076	138.7748565673828	107.66837310791016	0.0	594.350830078125	789.2371215820312	752.4616088867188	323.24951171875	674.7321166992188	734.9586791992188	660.4827880859375	445.3196716308594	330.7545471191406	217.64727783203125	276.19146728515625	207.53863525390625	41.73383712768555	257.19610595703125	311.6836242675781	118.57179260253906	0.0	0.0	0.0	29.944942474365234	214.94918823242188	0.0	507.1317443847656	528.5906372070312	167.8527069091797	44.9979133605957	288.6044921875	290.7317199707031	0.0	192.84092712402344	257.64447021484375	51.36421585083008	491.808349609375	491.9034423828125	352.12896728515625	506.88525390625	0.0	7.5498247146606445	360.6213684082031	452.4305114746094	13.40043830871582	394.84588623046875	491.7044982910156	153.92007446289062	128.43014526367188	351.9401550292969	155.7529296875	0.0	0.0	0.0	0.0	29.037242889404297	203.71665954589844	292.71435546875	73.75584411621094	175.46302795410156	277.51385498046875	171.57643127441406	173.53736877441406	313.13568115234375	128.39439392089844	0.0	344.74505615234375	310.5155029296875
408.31842041015625	527.6934204101562	559.4822998046875	296.8695373535156	138.32859802246094	87.79620361328125	81.79792022705078	545.8003540039062	399.22882080078125	409.0209655761719	418.41412353515625	994.9990234375	788.23095703125	725.1028442382812	699.4868774414062	675.236328125	356.3914489746094	266.64239501953125	138.97531127929688	434.9157409667969	61.520606994628906	101.51680755615234	333.3479309082031	700.0911254882812	482.76043701171875	650.8814697265625	696.7431640625	588.6911010742188	797.2281494140625	847.5499877929688	681.3335571289062	535.4850463867188	457.6302185058594	526.2275390625	460.41595458984375	72.19396209716797	273.4139709472656	239.4415740966797	134.5604248046875	18.495222091674805	23.48691749572754	19.460575103759766	0.0	313.14141845703125	14.553473472595215	204.90650939941406	212.83639526367188	65.80804443359375	321.1766052246094	363.9605407714844	268.5438537597656	176.47491455078125	0.0	23.85722541809082	155.6517333984375	156.60792541503906	0.0	45.407142639160156	51.7629280090332	38.78677749633789	312.21661376953125	352.24566650390625	329.1016845703125	209.31396484375	0.0	0.0	0.0	0.0	0.0	0.0	0.0	0.0	0.0	0.0	0.0	0.0	0.0	5.799633026123047	11.29231071472168	0.0	0.0	41.63556671142578	66.66874694824219	53.62223434448242	17.381275177001953	0.0	27.736385345458984	0.0	0.0	1.1685606241226196	0.0	0.0	24.758026123046875	66.73084259033203	85.08480072021484	93.59778594970703	0.0	8.315135955810547	0.0	0.0	16.142019271850586	61.861900329589844	21.675434112548828	0.0	0.0	0.0	0.0	0.0	0.0	0.0	0.0	0.0	117.14798736572266	142.0500030517578	102.00700378417969	175.2204132080078	116.77220916748047	158.6150665283203	192.5911865234375	269.90093994140625	267.97100830078125	426.0523376464844	425.6122741699219	460.9438171386719	381.8427734375	408.5033264160156	354.07293701171875	430.611083984375	0.0	0.0	0.0	0.0	0.0	9.489126205444336	38.01994323730469	9.265012741088867	13.670858383178711	0.0	0.0	0.0	0.0	0.0	0.0	0.0	1206.7406005859375	1497.5355224609375	1379.1588134765625	859.9729614257812	551.8643188476562	538.3703002929688	331.2327880859375	207.95849609375	101.15157318115234	116.598388671875	193.00997924804688	613.8578491210938	514.334716796875	969.09814453125	1180.7078857421875	921.1142578125	612.9388427734375	785.6934204101562	733.5977783203125	586.3445434570312	249.00286865234375	295.651611328125	380.4814758300781	534.7573852539062	327.5572509765625	547.1944580078125	689.474853515625	707.2420043945312	953.7737426757812	988.3927612304688	909.1563720703125	840.5847778320312	0.0	0.0	0.0	45.921688079833984	25.565183639526367	0.0	0.0	12.67906379699707	109.29507446289062	63.89570617675781	48.73666000366211	116.71590423583984	116.0544204711914	0.0	0.0	51.68935012817383	1108.7637939453125	1264.885986328125	1068.25	501.2970275878906	41.1127815246582	49.86335754394531	213.08497619628906	344.1544189453125	0.0	0.0	205.6485595703125	387.5202941894531	1055.69775390625	1165.4007568359375	1101.953125	680.0231323242188	182.7317657470703	335.0416564941406	415.9485778808594	383.9053039550781	0.0	60.57362365722656	42.78814697265625	293.4362487792969	0.0	0.0	24.912073135375977	263.76812744140625	54.69401931762695	0.0	101.98904418945312	196.54641723632812	0.0	0.0	0.0	317.97308349609375	121.04540252685547	199.42649841308594	304.7817687988281	452.1714782714844	555.94140625	547.8648681640625	359.51702880859375	105.37431335449219	481.06256103515625	339.3652038574219	74.66600036621094	181.5508575439453	286.6686706542969	379.5348815917969	366.1022644042969	39.18284606933594	429.2210388183594	451.21063232421875	312.7924499511719	0.0	0.0	0.0	0.0	324.2799377441406	0.0	0.0	69.8870620727539	46.761268615722656
30.124956130981445	422.10687255859375	929.3971557617188	621.7365112304688	186.48658752441406	435.55889892578125	316.57733154296875	1102.90087890625	491.2635498046875	759.8240966796875	663.4089965820312	1221.0572509765625	909.400146484375	933.1996459960938	556.37451171875	404.6286315917969	207.06643676757812	494.5700378417969	327.0257873535156	474.7322692871094	73.32298278808594	359.9692077636719	758.7598876953125	695.5104370117188	677.9539184570312	698.0809326171875	812.0357666015625	614.64892578125	631.77099609375	555.8976440429688	242.24237060546875	65.80300903320312	72.52713012695312	367.5936584472656	503.48651123046875	84.85014343261719	169.74951171875	354.5959777832031	299.2201843261719	214.0942840576172	0.0	0.0	77.52241516113281	222.3990478515625	237.63510131835938	424.5628662109375	407.42095947265625	257.6996154785156	150.60426330566406	288.6161804199219	293.26287841796875	193.77630615234375	0.0	0.0	113.42269134521484	86.41680145263672	103.21757507324219	294.59552001953125	309.12030029296875	105.61576080322266	200.7657012939453	151.1391143798828	146.47164916992188	49.18316650390625	0.0	0.0	0.0	0.0	0.0	0.0	0.0	0.0	0.0	0.0	0.0	4.869837284088135	0.0	0.0	14.313015937805176	47.95893478393555	9.35859203338623	3.3069701194763184	10.790316581726074	68.8369140625	0.0	22.385269165039062	0.0	0.0	0.0	57.607154846191406	56.88976287841797	38.82914352416992	5.4116668701171875	0.0	53.33750534057617	57.75025939941406	0.0	0.0	0.0	0.0	0.0	0.0	0.0	6.64592170715332	0.0	0.0	0.0	0.0	0.0	18.510286331176758	0.0	34.483306884765625	8.545963287353516	45.11527633666992	194.2579803466797	179.67352294921875	28.170490264892578	230.55084228515625	275.0549621582031	255.281005859375	170.1511993408203	303.0550231933594	394.737060546875	429.62750244140625	314.41204833984375	314.1059265136719	215.1956024169922	107.17269897460938	0.0	0.0	0.0	0.0	8.229484558105469	0.0	0.0	0.0	0.0	0.0	0.0	0.0	0.0	0.0	0.0	0.0	273.13116455078125	1039.3482666015625	1375.2752685546875	1033.341796875	321.20904541015625	859.8856201171875	820.1294555664062	313.3577575683594	74.47160339355469	219.87669372558594	528.2203979492188	522.7249755859375	660.4196166992188	983.743408203125	1215.9844970703125	966.3157958984375	240.8371124267578	516.5486450195312	705.6865844726562	738.7078857421875	107.72797393798828	299.04498291015625	473.3497619628906	438.6371765136719	418.6524658203125	753.3651733398438	837.0154418945312	723.4935302734375	823.8156127929688	876.7169189453125	858.2423706054688	561.341552734375	0.0	0.0	0.0	77.31214141845703	71.75701141357422	71.73454284667969	13.065706253051758	0.0	88.68309783935547	21.67704200744629	0.0	87.76033782958984	62.18296813964844	0.0	0.0	0.0	343.5041198730469	862.41943359375	1074.079833984375	651.7578735351562	128.10861206054688	130.39779663085938	93.76604461669922	167.27723693847656	273.534912109375	779.212890625	932.832275390625	574.7050170898438	719.552734375	866.8580932617188	882.8233032226562	468.0296936035156	0.0	197.79901123046875	205.3529052734375	535.051513671875	0.0	58.208641052246094	77.04624938964844	414.11669921875	0.0	0.0	53.271141052246094	0.0	89.39246368408203	16.203371047973633	252.0374298095703	306.8008728027344	72.07598876953125	108.58543395996094	0.0	263.4660339355469	220.52420043945312	405.48822021484375	503.7363586425781	424.46917724609375	472.1714782714844	518.2432861328125	437.6393737792969	69.77095031738281	288.25439453125	0.0	0.0	0.0	0.0	139.92190551757812	285.1712951660156	130.80030822753906	63.25530242919922	418.7554016113281	401.85955810546875	179.27476501464844	0.0	0.0	0.0	243.51356506347656	137.85736083984375	412.611572265625	458.4230651855469	259.01116943359375
436.49981689453125	989.5115356445312	355.13189697265625	288.87823486328125	825.7808227539062	853.4095458984375	0.0	385.56561279296875	784.7415771484375	459.0517272949219	159.25218200683594	525.7722778320312	637.498779296875	370.7399597167969	216.44204711914062	1035.5538330078125	476.14788818359375	294.4543762207031	208.740478515625	298.0713195800781	315.5815124511719	173.44424438476562	237.87933349609375	435.6173400878906	295.2845764160156	167.57293701171875	215.03395080566406	498.3031311035156	355.31134033203125	588.5474853515625	718.7868041992188	714.7581787109375	196.07891845703125	345.94122314453125	109.0722885131836	35.536827087402344	228.80322265625	217.9099578857422	104.26737213134766	51.825252532958984	118.26962280273438	61.81087112426758	58.11623001098633	87.60855865478516	33.9818000793457	0.0	0.0	231.4353485107422	118.59614562988281	159.8490447998047	207.00038146972656	84.64854431152344	26.75956916809082	17.894500732421875	83.04713439941406	106.19922637939453	0.0	8.676620483398438	37.560943603515625	67.8134765625	133.2169647216797	179.68301391601562	199.8431854248047	144.9674530029297	0.0	17.461341857910156	0.0	0.0	0.0	20.01924705505371	0.0	21.69158935546875	0.0	45.530792236328125	0.0	0.0	8.313593864440918	42.64634323120117	0.0	11.786672592163086	3.1570217609405518	1.056809663772583	85.2164077758789	26.52541160583496	0.0	17.67355728149414	44.07680130004883	59.62286376953125	9.884164810180664	0.0	0.0	37.734378814697266	83.98995971679688	0.0	17.271564483642578	48.113346099853516	0.0	0.0	0.0	0.0	0.0	38.351402282714844	0.0	21.892925262451172	0.0	16.82166862487793	0.0	0.0	0.0	0.0	0.0	0.0	78.5959701538086	158.5758819580078	190.1891632080078	194.9803466796875	137.71102905273438	118.23905181884766	212.02403259277344	174.6378936767578	170.46524047851562	65.95552062988281	73.43936920166016	176.83546447753906	290.37994384765625	417.91229248046875	360.3446044921875	231.9999237060547	0.0	0.0	0.0	0.0	0.0	0.0	0.0	0.0	0.0	0.0	0.0	0.0	0.0	0.0	0.0	0.0	289.10931396484375	766.32421875	831.4431762695312	485.3734436035156	284.3236999511719	327.3254699707031	461.69287109375	431.19134521484375	191.2963409423828	137.89520263671875	259.3182373046875	310.43524169921875	296.0763244628906	108.07579040527344	29.39711570739746	312.8892517089844	296.82427978515625	511.7734069824219	655.2756958007812	485.6421813964844	201.10186767578125	301.2543640136719	452.5166015625	315.336669921875	258.02947998046875	181.979736328125	275.8316955566406	343.78277587890625	618.8717041015625	916.901123046875	846.1795043945312	504.2524108886719	51.31166458129883	0.0	0.0	93.20362854003906	109.2678451538086	0.0	0.0	147.1846923828125	144.3551025390625	0.0	20.84691047668457	103.42691802978516	157.82928466796875	53.02817153930664	109.2123031616211	56.861690521240234	325.6843566894531	649.42529296875	604.159912109375	319.9572448730469	152.24986267089844	176.91110229492188	268.46533203125	122.56494140625	150.31103515625	65.53919219970703	144.52108764648438	99.35215759277344	330.87115478515625	322.8564758300781	616.836669921875	568.1248779296875	130.5793914794922	57.53239822387695	359.7035217285156	282.0046081542969	165.82408142089844	0.0	139.09765625	302.1954345703125	160.44297790527344	25.720884323120117	0.0	261.5462951660156	96.61836242675781	0.0	0.0	194.88287353515625	208.66558837890625	84.14362335205078	62.63261795043945	236.8358154296875	68.03877258300781	58.47565841674805	71.6678466796875	183.52789306640625	112.47954559326172	149.8480224609375	302.2217102050781	354.05596923828125	172.6619415283203	296.60260009765625	275.5995788574219	157.99147033691406	0.0	298.1891784667969	209.79225158691406	0.0	154.75953674316406	318.0382385253906	253.24801635742188	20.402576446533203	96.62544250488281	140.36126708984375	60.44306564331055	25.18610191345215	0.0	0.0	0.0	128.94479370117188
464.3485412597656	795.3696899414062	918.908447265625	663.0123901367188	281.01202392578125	493.49176025390625	1336.271484375	591.9584350585938	518.6669311523438	1445.4327392578125	1569.6048583984375	305.9148254394531	945.7147216796875	1192.3807373046875	464.7023620605469	1077.01806640625	446.9605407714844	546.9624633789062	510.55194091796875	276.0771179199219	348.97344970703125	767.3699951171875	591.8785400390625	300.9770202636719	664.1776733398438	702.1976318359375	542.080322265625	882.7977905273438	711.9496459960938	607.17236328125	851.1528930664062	973.8380737304688	419.66754150390625	367.42864990234375	220.48252868652344	69.35086822509766	288.260498046875	62.68241500854492	249.50877380371094	40.673091888427734	0.0	223.4269561767578	291.86529541015625	0.0	230.18927001953125	165.2159881591797	0.0	378.6173095703125	268.4637756347656	225.9019775390625	64.09791564941406	0.0	54.03646469116211	143.60284423828125	2.6273839473724365	20.77420997619629	76.28905487060547	86.59716033935547	0.0	84.01317596435547	327.7593688964844	278.88201904296875	414.1389465332031	287.09393310546875	0.0	0.0	16.188655853271484	86.39437103271484	0.0	0.0	51.1129264831543	70.86322784423828	0.0	0.0	0.0	0.0	24.30217742919922	5.415829181671143	42.80961608886719	0.0	0.0	48.72431945800781	78.21807098388672	0.0	0.0	48.996395111083984	0.0	0.0	19.765857696533203	0.0	0.0	0.0	17.90580177307129	117.98823547363281	81.28234100341797	44.86186599731445	0.0	0.0	0.0	2.777888774871826	0.0	0.0	0.0	0.0	0.0	0.0	0.0	0.0	0.0	0.0	0.0	0.0	73.21200561523438	230.90797424316406	170.7591094970703	101.35430908203125	139.74562072753906	234.8227996826172	242.53237915039062	205.25872802734375	247.70970153808594	438.668701171875	458.21484375	322.33123779296875	407.28546142578125	513.39111328125	523.5103759765625	468.4978942871094	0.0	0.0	0.0	0.0	0.0	0.0	0.0	61.85844039916992	0.0	0.0	0.0	0.7897658944129944	0.0	0.0	0.0	0.0	1088.931640625	1346.628173828125	834.6051025390625	229.54173278808594	755.1936645507812	655.1396484375	263.52093505859375	238.21868896484375	63.99602127075195	391.38214111328125	445.08074951171875	287.3612060546875	866.3497314453125	995.4498901367188	673.9943237304688	861.3577880859375	548.546875	761.1992797851562	694.4675903320312	274.59906005859375	332.28125	522.8923950195312	412.8570251464844	360.5565490722656	540.961181640625	689.7821044921875	787.8079833984375	830.8865356445312	965.6594848632812	1110.241455078125	1280.340576171875	1160.6878662109375	0.0	0.0	96.52035522460938	0.0	48.19118881225586	0.0	56.45620346069336	0.0	113.13512420654297	120.08818054199219	45.54033279418945	47.49485778808594	114.46244049072266	41.870025634765625	11.907350540161133	0.0	902.7962036132812	968.6240234375	439.628662109375	24.8323917388916	111.07337188720703	210.50634765625	192.33680725097656	101.84405517578125	152.938232421875	286.64593505859375	214.6184844970703	199.5623321533203	1154.4820556640625	1080.7467041015625	1227.018310546875	1073.2852783203125	125.99737548828125	311.3917541503906	566.7584838867188	82.94586944580078	0.0	345.8705749511719	453.0197448730469	18.88255500793457	0.0	242.2628631591797	41.84030532836914	244.7751922607422	73.17803192138672	0.0	41.18159484863281	150.95921325683594	50.7586669921875	238.8031463623047	315.2818298339844	114.11576843261719	383.82391357421875	574.9749755859375	383.4843444824219	252.2507781982422	535.8507690429688	292.3447265625	395.34307861328125	508.2372741699219	297.1062316894531	25.9549560546875	463.2052001953125	285.6202697753906	206.5950164794922	206.38772583007812	131.45606994628906	194.97543334960938	338.53955078125	104.88507843017578	198.56451416015625	109.10297393798828	0.0	139.97283935546875	212.28009033203125	0.0	7.423079490661621	109.36251831054688	0.0	155.5107421875
1060.0087890625	1123.1661376953125	84.3594741821289	259.6487731933594	1133.1007080078125	752.1061401367188	0.0	406.6930847167969	766.2691040039062	512.1871337890625	168.48532104492188	703.4031982421875	516.958984375	361.4126892089844	166.8846435546875	1189.5821533203125	613.9667358398438	334.253173828125	229.50144958496094	251.49325561523438	364.2115478515625	220.531005859375	315.70477294921875	461.9922180175781	378.9124450683594	197.6384735107422	352.6187438964844	623.5159301757812	242.98074340820312	400.8573913574219	751.852783203125	816.986328125	361.0632629394531	279.7623596191406	72.25846862792969	0.0	262.12152099609375	234.56857299804688	122.5002212524414	23.071182250976562	106.8831787109375	37.984893798828125	83.74067687988281	44.094974517822266	56.692222595214844	0.0	0.0	260.68621826171875	133.90818786621094	131.08367919921875	177.08010864257812	74.1103515625	0.965773344039917	13.471390724182129	109.2410888671875	82.06393432617188	42.1618537902832	18.807636260986328	73.05264282226562	82.37245178222656	112.82949829101562	204.49661254882812	230.3831787109375	147.46896362304688	0.0	48.48933792114258	0.0	0.0	0.0	0.0	0.0	0.0	0.0	36.751983642578125	0.0	0.0	29.705734252929688	56.465972900390625	0.0	0.0	0.0	110.0249252319336	78.07979583740234	22.379722595214844	0.0	0.0	39.32536315917969	19.486536026000977	46.82890319824219	0.0	5.958059310913086	44.870697021484375	92.14310455322266	42.63682556152344	0.0	56.81767654418945	0.0	0.0	0.0	0.0	0.0	48.139801025390625	0.0	0.0	0.0	3.0538253784179688	0.0	0.0	0.0	0.0	0.0	0.0	213.27525329589844	204.85562133789062	192.60906982421875	202.6924591064453	172.10581970214844	255.76025390625	172.3111114501953	195.501708984375	179.23789978027344	204.8601837158203	101.40892028808594	168.2618408203125	183.82411193847656	371.29437255859375	354.77392578125	293.22802734375	0.0	0.0	0.0	0.0	0.0	0.0	0.0	0.0	0.0	0.0	0.0	0.0	0.0	0.0	0.0	0.0	502.7915954589844	793.9056396484375	774.3944091796875	231.4456787109375	389.03753662109375	418.65716552734375	629.3099975585938	360.7071838378906	287.66143798828125	145.85610961914062	324.2159423828125	335.74346923828125	458.1695251464844	282.28179931640625	107.31623077392578	309.30987548828125	418.1557312011719	652.693359375	691.8303833007812	454.3072814941406	320.12066650390625	515.73779296875	550.074951171875	397.7181396484375	343.3290100097656	303.8541259765625	284.2955017089844	351.6770935058594	449.65301513671875	868.5665283203125	957.7859497070312	657.2139892578125	113.7532958984375	0.0	17.10489845275879	60.564430236816406	191.2722625732422	0.0	0.0	141.28785705566406	159.38516235351562	0.0	0.0	171.70448303222656	110.28845977783203	90.56912994384766	87.06493377685547	71.62139892578125	545.715087890625	577.8335571289062	486.224365234375	250.93319702148438	202.1392059326172	288.44677734375	267.6653137207031	178.42381286621094	131.75607299804688	90.8861083984375	160.6199951171875	74.44027709960938	436.60357666015625	441.5848388671875	603.1525268554688	614.4754028320312	173.15650939941406	98.42965698242188	280.84539794921875	30.165739059448242	273.331787109375	0.0	287.17620849609375	270.409912109375	240.10874938964844	0.8586241602897644	0.0	295.19134521484375	150.88307189941406	40.66667175292969	0.0	229.05984497070312	251.03445434570312	102.05968475341797	158.37103271484375	210.1942901611328	81.61731719970703	118.17894744873047	138.61810302734375	265.9247131347656	132.51255798339844	174.34779357910156	328.5638427734375	412.8700256347656	62.85283279418945	251.0314178466797	352.7467041015625	214.81304931640625	154.12229919433594	338.9786376953125	46.97509002685547	48.77731704711914	229.4989471435547	364.4991760253906	200.2495880126953	0.0	14.101255416870117	184.4867706298828	130.80029296875	0.0	93.72559356689453	0.0	0.0	142.96759033203125
704.1921997070312	640.9312133789062	675.58935546875	572.5927124023438	421.314453125	629.2100830078125	1080.1873779296875	500.2134094238281	217.62347412109375	527.939697265625	321.1154479980469	362.7875671386719	253.37530517578125	284.2948303222656	183.85787963867188	959.7892456054688	490.71929931640625	600.4365844726562	612.7409057617188	240.47488403320312	453.4013671875	864.610107421875	647.2364501953125	283.4801330566406	134.8253631591797	117.36846160888672	355.22723388671875	288.70196533203125	320.8905944824219	577.5655517578125	835.1205444335938	619.3008422851562	359.9155578613281	253.74996948242188	148.5829620361328	108.64775085449219	170.20628356933594	58.17793655395508	176.88351440429688	12.921760559082031	302.57086181640625	383.9067687988281	215.35787963867188	43.81120681762695	26.024612426757812	76.67377471923828	1.7074110507965088	150.8786163330078	313.29486083984375	264.5166320800781	160.05538940429688	45.914608001708984	309.8216552734375	262.2045593261719	186.13751220703125	24.33283042907715	118.8909683227539	148.2113494873047	149.0289764404297	111.82886505126953	60.0444450378418	73.64103698730469	168.48983764648438	91.02232360839844	0.0	0.0	0.0	40.88187789916992	0.0	0.0	39.975181579589844	96.65180206298828	0.0	26.56607437133789	0.0	3.6847198009490967	0.0	0.0	0.0	63.71220397949219	0.0	86.01097869873047	75.16454315185547	30.23927879333496	51.891353607177734	83.26703643798828	84.14575958251953	9.12101936340332	0.0	6.292579174041748	98.77365112304688	0.0	0.0	10.920648574829102	46.149471282958984	35.69866180419922	0.0	0.0	0.0	0.0	0.0	0.0	0.0	16.546457290649414	0.0	0.0	0.0	0.0	0.0	0.0	0.0	0.0	188.2006378173828	252.20399475097656	131.9650421142578	49.03478240966797	345.5882568359375	414.5621337890625	460.6448669433594	289.6424560546875	48.60979080200195	167.34335327148438	141.295166015625	203.24636840820312	336.56256103515625	463.6279602050781	419.2348937988281	266.90130615234375	0.0	0.0	0.0	0.0	0.0	0.0	0.0	0.0	0.0	0.0	0.0	0.0	0.0	0.0	0.0	0.0	1244.306640625	1287.171630859375	643.0029907226562	139.8274383544922	764.7802124023438	335.26812744140625	440.2171630859375	171.27781677246094	648.7252807617188	1146.007080078125	983.81201171875	378.9488830566406	123.48673248291016	326.9798583984375	406.8029479980469	214.76089477539062	750.0579223632812	940.6956787109375	539.3955078125	201.04408264160156	769.886962890625	878.3102416992188	767.2769165039062	503.6789245605469	369.61895751953125	619.4146118164062	583.4385986328125	508.1585388183594	542.587890625	760.6842651367188	786.8135375976562	469.3055114746094	0.0	25.788711547851562	24.51872444152832	0.0	41.97220993041992	0.0	63.770118713378906	0.0	35.23464584350586	0.0	0.0	86.6182861328125	122.94119262695312	75.54275512695312	37.67756271362305	35.756134033203125	1015.5206909179688	1093.1060791015625	504.6796875	76.961181640625	603.544677734375	794.8862915039062	505.852294921875	118.12660217285156	641.7039794921875	792.0187377929688	567.6796875	327.52227783203125	106.10955047607422	74.06890869140625	280.44573974609375	351.7266845703125	0.0	384.9897155761719	517.999267578125	39.512939453125	0.0	76.18132019042969	120.89517974853516	64.07135009765625	55.35526657104492	182.7869110107422	422.8406066894531	358.0478210449219	0.0	0.0	294.5445556640625	382.556396484375	102.6673812866211	280.03472900390625	388.7270812988281	104.12493896484375	190.06640625	368.7984619140625	201.04518127441406	152.46484375	0.0	0.0	300.2618103027344	349.90423583984375	215.3590545654297	292.79132080078125	445.83642578125	224.61184692382812	191.36923217773438	203.8965301513672	113.19493865966797	140.1525421142578	290.93865966796875	74.16442108154297	116.34009552001953	106.8271713256836	274.6329650878906	374.0582275390625	174.79795837402344	16.459156036376953	124.62561798095703	227.4552764892578	94.96954345703125	132.98715209960938
714.2999877929688	740.0892333984375	228.2410125732422	614.4339599609375	476.2454833984375	0.0	864.4177856445312	1247.095947265625	24.420345306396484	877.344482421875	1424.9110107421875	861.0360717773438	270.3497619628906	1582.4901123046875	1138.2918701171875	407.0181579589844	504.5804443359375	273.26995849609375	502.7612609863281	357.07171630859375	138.84652709960938	597.9925537109375	726.0654907226562	473.8822326660156	563.765380859375	713.3362426757812	474.2681884765625	174.55938720703125	586.4471435546875	529.993408203125	775.0882568359375	721.117919921875	433.1785583496094	391.7057800292969	104.3165054321289	119.32744598388672	336.8739318847656	149.7705841064453	194.28460693359375	242.1891632080078	0.0	206.6435089111328	398.8156433105469	199.19581604003906	3.315617799758911	299.88739013671875	162.08506774902344	0.0	283.1568908691406	333.6436462402344	271.78082275390625	110.71289825439453	33.91362762451172	134.81689453125	102.62032318115234	62.99039840698242	123.12242889404297	148.220703125	27.703540802001953	0.0	133.14564514160156	0.0	162.19480895996094	198.76356506347656	0.0	0.0	0.0	43.44108200073242	0.0	0.0	0.0	64.89995574951172	0.0	0.0	0.0	9.328609466552734	0.0	0.0	0.0	0.0	0.0	74.13115692138672	110.84552764892578	49.399696350097656	58.709266662597656	0.0	0.0	43.359378814697266	5.659003734588623	0.0	65.44537353515625	75.37059020996094	40.15349578857422	7.452603816986084	27.651851654052734	11.639697074890137	0.0	0.0	0.0	0.0	0.9518089890480042	2.4871063232421875	0.0	0.0	0.0	0.0	0.0	0.0	0.0	0.0	0.0	0.0	137.26907348632812	136.3369140625	154.5718231201172	126.77079010009766	131.44381713867188	214.5224609375	280.68267822265625	210.5185089111328	118.44940185546875	144.27166748046875	212.83876037597656	164.14988708496094	130.55728149414062	454.3824768066406	513.516845703125	317.359375	0.0	0.0	0.0	0.0	0.0	38.95738220214844	0.0	0.0	33.77473449707031	0.0	0.0	0.0	0.0	0.0	0.0	0.0	1062.697509765625	1248.415771484375	1130.0328369140625	483.61102294921875	749.1671752929688	476.6656494140625	218.7694854736328	247.8643798828125	66.86483001708984	326.5375671386719	674.7118530273438	516.780029296875	231.48800659179688	646.4517211914062	708.2810668945312	89.65383911132812	609.6278076171875	723.9916381835938	750.6190795898438	380.7367248535156	296.2297668457031	457.7069396972656	524.125	291.2158203125	258.5965576171875	358.5140075683594	377.0601501464844	379.4312744140625	515.4642333984375	872.9957275390625	952.2090454101562	691.1018676757812	1.140641450881958	0.0	65.90543365478516	42.94497299194336	69.60633087158203	35.604957580566406	0.0	0.0	50.61338806152344	57.4993896484375	0.0	7.849144458770752	74.83021545410156	248.942138671875	0.0	39.09149932861328	906.1966552734375	1049.540771484375	841.3695678710938	405.0879211425781	102.97672271728516	116.36241149902344	237.46127319335938	267.3443298339844	152.49989318847656	407.2132263183594	355.8469543457031	230.58209228515625	236.933837890625	359.6458435058594	219.63294982910156	626.73388671875	131.30996704101562	108.45323181152344	500.34649658203125	395.8999328613281	132.9345245361328	0.0	328.5138854980469	244.4362335205078	0.0	163.92593383789062	187.56236267089844	90.14032745361328	77.59612274169922	97.1179428100586	75.46739196777344	139.1947784423828	144.35427856445312	0.0	303.7792663574219	321.62847900390625	170.56527709960938	543.6864013671875	524.0795288085938	96.4277114868164	353.66168212890625	494.33929443359375	30.43333625793457	342.1611633300781	196.67626953125	202.26718139648438	363.812255859375	397.51397705078125	243.3531036376953	342.63458251953125	135.60986328125	137.87823486328125	351.2236633300781	272.7818298339844	98.96099090576172	227.0623321533203	0.19860439002513885	10.862542152404785	298.5867919921875	246.0518035888672	0.0	240.43374633789062	268.8096008300781	0.0
59.31712341308594	237.8265380859375	810.1041870117188	1024.535888671875	133.12741088867188	1079.53466796875	1476.013671875	776.2803344726562	1085.4141845703125	1589.3807373046875	1064.7939453125	289.57623291015625	1085.1556396484375	914.21923828125	660.501220703125	745.8363037109375	62.400333404541016	763.3848876953125	849.9592895507812	368.9356689453125	742.5684204101562	821.9390869140625	658.28564453125	209.6935577392578	693.2509155273438	453.75439453125	734.4110107421875	863.4681396484375	382.27166748046875	856.8418579101562	956.4197998046875	776.1906127929688	205.54612731933594	284.56707763671875	254.73049926757812	212.02577209472656	0.0	221.3571319580078	409.6669006347656	146.61660766601562	163.40155029296875	445.1168212890625	285.1543884277344	0.0	113.79180145263672	0.0	294.90020751953125	385.4091491699219	34.606201171875	59.3823356628418	60.75300979614258	35.62485885620117	104.51904296875	116.26127624511719	125.12740325927734	11.661784172058105	117.87911224365234	20.721397399902344	55.885169982910156	110.70378112792969	265.18487548828125	436.081787109375	372.2927551269531	362.3573303222656	0.0	0.0	0.0	89.02680969238281	0.0	0.0	26.849092483520508	95.68576049804688	0.0	0.0	0.0	0.0	0.0	46.93877410888672	21.204172134399414	11.34078598022461	0.0	10.478555679321289	22.083301544189453	16.830251693725586	0.0	0.0	56.971099853515625	56.005340576171875	0.0	40.746456146240234	0.0	0.0	69.79863739013672	28.180484771728516	47.259498596191406	66.02284240722656	0.0	0.0	0.0	7.605581283569336	0.0	0.0	0.0	36.96361541748047	0.0	0.0	0.0	0.0	0.0	0.0	0.0	0.0	114.32527923583984	296.14776611328125	250.5435028076172	204.51885986328125	141.53627014160156	179.2822265625	283.09014892578125	212.4158172607422	295.8772888183594	503.6695251464844	505.9198303222656	474.3460388183594	500.2168884277344	560.2228393554688	454.6415710449219	298.97137451171875	0.0	0.0	0.0	0.0	8.073240280151367	0.0	0.0	33.66065216064453	0.0	0.0	0.0	0.0	0.0	0.0	0.0	0.0	648.1782836914062	1276.213623046875	1127.545166015625	364.73309326171875	116.34284973144531	342.2624816894531	686.6215209960938	492.8612060546875	458.8315124511719	805.7470092773438	866.6143188476562	325.7648010253906	773.2578735351562	583.213134765625	1094.2738037109375	1276.9371337890625	299.2735595703125	690.2499389648438	748.68896484375	393.23919677734375	384.9454650878906	443.09197998046875	428.4286804199219	374.3231201171875	629.1419677734375	838.59814453125	968.2977294921875	837.3283081054688	1048.2620849609375	1259.0517578125	1225.4100341796875	799.4566650390625	23.602506637573242	55.29055404663086	0.0	0.0	99.28836059570312	83.47688293457031	0.0	0.0	148.0936279296875	73.78677368164062	11.963363647460938	47.33893966674805	206.52732849121094	44.9362907409668	0.0	0.0	376.6097412109375	531.4511108398438	334.3382873535156	199.16513061523438	130.23765563964844	497.5862121582031	443.568603515625	200.2369384765625	425.177734375	526.307373046875	189.77806091308594	120.43927001953125	898.76513671875	1259.00341796875	1331.9031982421875	970.2105712890625	0.0	175.7916717529297	498.0978698730469	212.3485565185547	18.62973403930664	213.10487365722656	114.22123718261719	141.6551055908203	141.83734130859375	168.6252899169922	43.152889251708984	182.92140197753906	221.7280731201172	0.0	46.394901275634766	155.46194458007812	43.163387298583984	533.232421875	393.8387451171875	66.3858871459961	566.5170288085938	614.6668701171875	138.67922973632812	216.84046936035156	361.9632873535156	187.85057067871094	506.5035095214844	483.24554443359375	0.0	376.9110107421875	367.7146301269531	128.8503875732422	161.69264221191406	162.9973602294922	187.96429443359375	167.6299285888672	0.0	75.75496673583984	318.5019836425781	210.7496337890625	0.0	306.3363037109375	275.8020935058594	21.34518051147461	106.62493133544922	109.43364715576172	0.0	254.73880004882812
24.384605407714844	1218.1248779296875	1418.835205078125	617.1222534179688	874.6036987304688	1388.04345703125	593.0774536132812	634.93017578125	928.0969848632812	862.3585205078125	875.9096069335938	809.4076538085938	309.09405517578125	770.2026977539062	405.7057189941406	702.638916015625	648.1536254882812	710.0121459960938	405.30535888671875	285.6361083984375	541.5218505859375	662.7051391601562	792.302490234375	733.6708984375	574.2169189453125	700.857177734375	762.8770141601562	578.0845947265625	382.81182861328125	586.1591796875	641.6143798828125	167.54071044921875	0.0	335.7805480957031	396.2112121582031	156.56112670898438	177.221435546875	289.303466796875	0.0	0.0	69.86296081542969	84.61662292480469	87.0559310913086	236.92691040039062	269.2691650390625	350.47412109375	415.945068359375	318.2769470214844	140.08676147460938	111.0499267578125	23.081981658935547	0.0	122.22123718261719	37.24869918823242	220.60585021972656	283.2760925292969	95.89207458496094	108.48011016845703	237.74459838867188	167.99952697753906	196.6735076904297	173.83929443359375	205.92022705078125	129.440673828125	0.0	0.0	0.0	9.511649131774902	0.0	0.0	0.0	0.0	0.0	0.0	0.0	0.0	0.0	0.0	88.2385025024414	122.43409729003906	0.0	0.0	11.02119255065918	85.30525207519531	0.0	28.722373962402344	21.27674102783203	70.38082122802734	87.44927215576172	0.0	5.4251790046691895	47.10243606567383	45.90916442871094	19.284366607666016	35.7862434387207	94.64788818359375	0.0	0.0	0.0	0.0	0.0	0.0	0.0	0.0	0.0	0.0	0.0	13.159918785095215	0.0	77.00370788574219	52.29200744628906	35.59539031982422	129.77642822265625	117.2067642211914	250.1622772216797	192.4478302001953	187.1177520751953	343.7362976074219	399.5101013183594	413.70849609375	274.9759216308594	537.8991088867188	508.5382385253906	283.83245849609375	192.51171875	282.0195007324219	273.71282958984375	297.10223388671875	11.299625396728516	0.0	0.0	34.803428649902344	0.0	0.0	0.0	0.0	0.0	0.0	0.0	0.0	0.0	0.0	0.0	0.0	73.94261932373047	507.030517578125	806.3892822265625	694.119873046875	470.81597900390625	799.5468139648438	571.4701538085938	0.0	375.4750671386719	530.8546142578125	768.45751953125	753.2227172851562	927.6448974609375	1112.5909423828125	1147.5042724609375	874.79638671875	323.7716979980469	377.6767272949219	504.065673828125	425.56292724609375	363.0427551269531	656.9915771484375	773.9749755859375	620.611328125	737.5135498046875	1247.8033447265625	1327.5345458984375	950.1082763671875	804.647216796875	993.754150390625	951.2523803710938	648.797119140625	82.46762084960938	11.597439765930176	2.7545645236968994	0.0	114.76289367675781	109.09441375732422	0.0	18.80472755432129	231.8421630859375	73.13573455810547	0.0	0.0	40.08900833129883	74.04907989501953	0.0	0.0	179.98150634765625	430.8111267089844	465.9822692871094	234.76153564453125	371.1255798339844	331.8141784667969	528.9619140625	567.6060180664062	354.9490051269531	579.0000610351562	792.1962890625	563.6469116210938	818.2974243164062	891.6594848632812	835.8253173828125	581.4844970703125	84.2723617553711	179.38479614257812	139.21090698242188	242.91322326660156	102.95429992675781	25.58881187438965	49.36391830444336	163.68260192871094	23.316734313964844	46.74562454223633	248.20770263671875	299.82000732421875	251.25387573242188	229.8236083984375	232.2095184326172	207.33106994628906	411.0249328613281	481.1149597167969	195.30044555664062	367.7064514160156	221.2830047607422	345.99725341796875	481.7091369628906	413.5023498535156	195.7352752685547	387.5932922363281	289.6943359375	130.72164916992188	0.0	0.0	0.0	0.6142435669898987	0.0	94.55089569091797	315.6793518066406	222.26904296875	30.347484588623047	263.3082275390625	190.6141357421875	7.627485275268555	99.68177032470703	17.955829620361328	173.15830993652344	235.41250610351562	71.58406066894531	147.6184844970703	324.3500671386719	305.5408630371094
10.503353118896484	195.05401611328125	1223.5045166015625	803.5560302734375	20.964162826538086	582.544189453125	1312.1097412109375	536.8932495117188	23.338512420654297	737.8659057617188	1252.6749267578125	107.81360626220703	40.85057830810547	819.8984985351562	1129.62060546875	0.0	13.138405799865723	654.776611328125	591.1050415039062	326.5376892089844	88.75128173828125	619.2752075195312	471.9783630371094	218.34683227539062	140.10528564453125	513.7620239257812	299.1102600097656	124.80521392822266	232.55421447753906	521.6964721679688	345.2293701171875	80.9013900756836	0.0	0.0	177.03106689453125	122.16259002685547	0.0	52.63355255126953	269.1791076660156	64.49940490722656	1.563887357711792	145.48446655273438	290.0733642578125	15.557197570800781	3.671124219894409	197.7704315185547	235.35214233398438	10.429300308227539	49.33953857421875	136.32371520996094	95.096435546875	15.9613676071167	86.25121307373047	129.19619750976562	0.0	0.0	107.93894958496094	97.4378662109375	0.0	0.0	108.38298034667969	72.29302215576172	0.0	0.0	0.0	0.0	0.0	17.433971405029297	0.0	0.0	76.06449127197266	67.2256088256836	0.0	0.0	96.7303695678711	22.052953720092773	0.0	0.0	100.09799194335938	0.0	0.0	8.526126861572266	0.0	31.76323890686035	0.0	0.0	0.0	0.0	0.0	0.0	0.0	1.8398351669311523	0.0	0.0	0.0	0.0	0.0	0.0	0.0	0.0	0.0	0.0	0.0	72.85504913330078	0.0	0.0	22.00445556640625	43.122047424316406	0.0	0.0	47.19606399536133	0.5814608931541443	0.0	79.42692565917969	156.1807403564453	115.26216888427734	0.0	152.48597717285156	194.21742248535156	140.79885864257812	0.0	179.86795043945312	187.5730743408203	117.4158935546875	65.16426086425781	272.1365661621094	195.6204376220703	99.55098724365234	0.0	16.549386978149414	0.0	0.0	0.0	0.0	0.0	44.40994644165039	0.0	0.0	0.0	44.20037841796875	0.0	0.0	0.0	41.5478630065918	71.38401794433594	189.9127655029297	293.805419921875	205.6732177734375	103.96038818359375	246.43052673339844	357.54754638671875	176.701904296875	214.92518615722656	379.4044189453125	429.3842468261719	97.36691284179688	262.23779296875	361.7369689941406	336.6502380371094	7.963438034057617	105.59829711914062	338.80633544921875	343.9519348144531	253.66156005859375	176.8756103515625	395.5087890625	367.6643371582031	339.4849548339844	251.08847045898438	377.4037170410156	314.3127136230469	318.29217529296875	350.1208190917969	432.5908203125	279.7144470214844	262.6045227050781	0.0	67.39328002929688	139.4793243408203	0.0	0.0	162.4207763671875	155.1291046142578	0.0	5.483877658843994	192.97645568847656	69.7336196899414	0.0	15.720669746398926	220.47352600097656	10.172528266906738	0.0	44.81427001953125	181.19512939453125	265.3729248046875	80.68278503417969	128.65635681152344	248.7538604736328	242.7796173095703	67.5539321899414	181.92068481445312	238.88296508789062	179.38316345214844	44.3302116394043	182.84756469726562	220.65213012695312	101.62596130371094	43.00336837768555	0.0	132.71441650390625	261.3960266113281	0.0	0.0	281.88922119140625	285.2856750488281	44.665870666503906	0.0	332.5866394042969	138.55345153808594	51.76961898803711	0.0	276.2276611328125	73.49781036376953	41.72663497924805	70.1946792602539	426.892822265625	529.9192504882812	134.33143615722656	62.3689079284668	193.00830078125	142.20199584960938	0.0	57.06440353393555	131.84617614746094	136.2977294921875	0.0	85.83939361572266	168.233154296875	162.7578125	0.0	0.0	0.0	117.40528869628906	193.9476776123047	0.0	0.0	230.06507873535156	203.08213806152344	0.0	63.130470275878906	234.49761962890625	146.531005859375	0.0	77.7431869506836	208.79208374023438	80.4178237915039
93.16842651367188	1243.76123046875	844.5025634765625	646.505859375	664.6631469726562	1248.9620361328125	842.1154174804688	1187.977783203125	473.17010498046875	374.2408447265625	1175.166015625	1035.609130859375	81.89859771728516	244.3657684326172	1159.121826171875	516.8648071289062	662.5263061523438	680.5536499023438	680.2406005859375	294.3804931640625	481.0783996582031	790.8583374023438	933.0625610351562	417.6235656738281	217.047119140625	517.6494140625	511.384033203125	304.4552917480469	160.85340881347656	709.4866943359375	551.4132080078125	223.22532653808594	0.0	184.3854522705078	144.4669952392578	50.72142791748047	104.12206268310547	337.8824768066406	73.8183364868164	105.41644287109375	329.4139709472656	253.7478790283203	326.23333740234375	173.12521362304688	222.81838989257812	77.47624969482422	260.0712890625	98.86219787597656	147.21884155273438	151.13377380371094	179.11459350585938	43.84075927734375	86.5170669555664	149.81553649902344	162.07608032226562	0.0	200.2711944580078	336.2231140136719	224.16648864746094	0.0	52.33590316772461	149.81719970703125	0.0	1.9357874393463135	0.0	0.0	0.0	35.828556060791016	0.0	0.0	0.0	97.33329010009766	0.0	0.0	0.0	48.813873291015625	0.0	0.0	94.37051391601562	86.19609832763672	0.0	0.0	56.22739028930664	20.25225830078125	5.328824996948242	7.011166095733643	19.32369613647461	0.0	2.214693784713745	60.08668518066406	30.001054763793945	0.0	11.799127578735352	45.52435302734375	0.0	7.185173988342285	0.0	0.0	0.0	0.0	0.0	0.0	0.0	17.112934112548828	0.0	0.0	0.0	47.484107971191406	0.0	0.0	0.0	51.158687591552734	160.24749755859375	127.15386199951172	320.00921630859375	219.2694854736328	278.7261962890625	389.4422302246094	426.9427185058594	236.77401733398438	98.86193084716797	176.027099609375	264.81072998046875	111.81835174560547	118.3497085571289	267.6575012207031	334.6340026855469	176.6575927734375	1.280656337738037	0.0	0.0	0.0	0.0	0.0	0.0	0.0	0.0	0.0	0.0	0.0	0.0	0.0	0.0	28.402889251708984	74.52648162841797	700.92822265625	815.6756591796875	239.71368408203125	409.5474853515625	911.1453857421875	640.1641235351562	102.15846252441406	951.3925170898438	1214.53955078125	962.580810546875	392.4669494628906	487.03839111328125	585.4461059570312	384.29669189453125	134.6243438720703	327.7914123535156	436.4158935546875	541.0286254882812	292.7695617675781	755.035400390625	969.8692626953125	915.308837890625	291.47406005859375	455.0648498535156	713.6893920898438	759.1123046875	351.88287353515625	336.48712158203125	514.0081787109375	424.1213684082031	322.08184814453125	102.71726989746094	0.0	88.1465835571289	0.0	161.48199462890625	115.68836975097656	100.77398681640625	0.0	0.0	12.711736679077148	29.466999053955078	0.0	41.150028228759766	76.52915954589844	73.0240249633789	0.0	364.7023010253906	681.7385864257812	453.069091796875	153.38824462890625	337.3426208496094	318.5332946777344	353.8423767089844	159.97384643554688	725.4970703125	957.697021484375	721.4739990234375	105.77578735351562	78.17861938476562	169.25514221191406	179.07472229003906	58.11565017700195	85.24923706054688	19.987207412719727	143.87356567382812	71.82424926757812	117.80659484863281	0.0	436.03753662109375	227.6385498046875	114.794677734375	371.183349609375	545.8553466796875	70.98487854003906	0.0	335.45245361328125	394.0026550292969	30.343990325927734	488.76434326171875	547.7023315429688	267.1366882324219	328.08355712890625	124.48387145996094	345.2596435546875	357.5596923828125	219.89491271972656	0.0	279.53741455078125	284.2467956542969	48.58940124511719	184.8830108642578	334.9432067871094	238.19068908691406	0.0	0.0	34.4991455078125	20.05646514892578	160.5041046142578	45.42171859741211	210.54080200195312	91.71566009521484	112.69984436035156	203.03530883789062	58.04888916015625	238.9785919189453	261.3773193359375	283.87579345703125	154.51499938964844	255.67160034179688	187.82334899902344
87.05863189697266	1294.027587890625	1157.1165771484375	804.244140625	1050.83349609375	1561.4180908203125	528.5755004882812	910.6300048828125	1426.4947509765625	1173.21923828125	121.49134826660156	1039.8690185546875	973.9446411132812	392.39166259765625	823.2693481445312	1187.15966796875	723.081298828125	754.9405517578125	594.6800537109375	421.27215576171875	679.3486328125	397.3182067871094	511.41748046875	516.9771728515625	442.8092041015625	245.9627685546875	657.188232421875	650.3544921875	480.960693359375	808.4178466796875	973.6255493164062	767.1939086914062	0.0	373.1048278808594	371.57257080078125	180.5346221923828	262.0552673339844	402.9748840332031	245.63519287109375	138.52166748046875	339.1083984375	247.49386596679688	25.95047950744629	136.10523986816406	60.82493209838867	0.0	157.57395935058594	326.0774230957031	103.5925064086914	140.0348663330078	210.1693572998047	116.69467163085938	98.0621109008789	0.0	55.28684997558594	9.498830795288086	22.20458221435547	0.0	64.50289154052734	12.801985740661621	247.7500762939453	356.3370056152344	325.96063232421875	140.59425354003906	0.0	0.0	0.0	0.0	0.0	20.20642852783203	0.0	12.746057510375977	0.0	0.0	0.0	18.405452728271484	39.035614013671875	59.57672882080078	0.0	75.23886108398438	0.0	0.0	42.948184967041016	36.582950592041016	0.0	11.955699920654297	19.317272186279297	7.588589191436768	0.0	0.0	0.0	0.0	81.6087875366211	3.4169504642486572	15.139869689941406	93.33534240722656	0.0	0.0	0.0	0.0	0.0	0.0	0.0	4.172605514526367	0.0	3.721221923828125	0.0	0.0	0.0	0.0	0.0	0.0	100.47692108154297	169.29151916503906	254.4623260498047	234.2197723388672	155.63124084472656	179.26890563964844	238.1757354736328	205.9219512939453	229.58197021484375	158.6477508544922	205.11192321777344	228.83750915527344	431.3606872558594	540.363525390625	428.1944885253906	325.7856140136719	22.34772491455078	0.0	0.0	0.0	0.0	0.0	0.0	0.0	0.0	0.0	13.057321548461914	0.0	0.0	0.0	0.0	0.0	95.09272766113281	510.7117004394531	1055.4844970703125	717.0042724609375	382.7494812011719	692.861083984375	740.2179565429688	349.63555908203125	491.4295349121094	519.568115234375	365.6638488769531	229.3347625732422	344.6347351074219	116.77307891845703	419.2835388183594	645.1881103515625	348.28887939453125	537.45751953125	801.8931884765625	741.6163940429688	333.09075927734375	437.2195129394531	675.9860229492188	451.23712158203125	375.2020568847656	331.9970397949219	519.16162109375	487.47314453125	854.502197265625	1114.87158203125	962.950927734375	581.7206420898438	58.7161865234375	26.86487579345703	0.0	153.04490661621094	102.45228576660156	0.0	0.0	134.2997589111328	189.8773193359375	0.0	18.634201049804688	167.1466827392578	211.20948791503906	65.0364990234375	16.668943405151367	59.28510665893555	158.8334503173828	517.4388427734375	703.8109130859375	562.2783203125	317.6237487792969	334.4978942871094	307.42620849609375	134.2830047607422	293.92462158203125	132.71109008789062	243.4596405029297	134.4143829345703	522.6753540039062	756.0556640625	1004.2962036132812	772.72265625	89.2349624633789	189.26683044433594	191.25389099121094	446.6325988769531	203.14878845214844	204.7526397705078	181.80348205566406	448.62200927734375	271.16455078125	0.0	217.36343383789062	393.34088134765625	119.46734619140625	0.0	176.79840087890625	201.36196899414062	470.7298889160156	532.565673828125	28.870849609375	202.03421020507812	367.6400451660156	0.0	155.95870971679688	273.511474609375	49.69340515136719	220.71226501464844	437.3656921386719	331.578857421875	218.020263671875	467.1748352050781	335.027587890625	6.879656791687012	0.0	158.96963500976562	297.5331115722656	84.7657241821289	82.30441284179688	414.9349060058594	314.4267578125	39.701290130615234	278.1768493652344	364.28179931640625	68.48271179199219	52.0924072265625	0.0	0.0	0.0	144.52593994140625
162.12608337402344	470.7012939453125	524.0511474609375	593.788330078125	628.729736328125	984.3638305664062	752.6788330078125	489.6424865722656	603.6387329101562	526.2922973632812	700.8110961914062	714.4278564453125	164.39781188964844	747.882568359375	1264.66650390625	526.956298828125	614.7364501953125	778.3861694335938	785.443603515625	879.5529174804688	615.519775390625	546.9904174804688	414.11090087890625	268.6002197265625	134.39608764648438	587.40087890625	588.6338500976562	467.326171875	717.2553100585938	929.7391357421875	682.1909790039062	119.2889633178711	0.0	0.0	0.0	0.0	160.56410217285156	328.452880859375	404.73382568359375	461.36444091796875	299.0572814941406	150.47911071777344	112.89096069335938	90.6212158203125	71.52377319335938	195.201904296875	374.91448974609375	95.55773162841797	118.23408508300781	215.34043884277344	412.49993896484375	444.2402648925781	189.84732055664062	265.1962890625	217.7626190185547	77.4020004272461	166.18051147460938	210.2779998779297	165.46852111816406	100.93055725097656	261.1797790527344	239.04832458496094	86.83822631835938	33.1449089050293	0.0	0.0	0.0	21.43353843688965	0.0	0.0	0.0	0.0	0.0	0.0	0.0	1.777025818824768	0.0	0.0	118.77781677246094	98.58294677734375	0.09975017607212067	5.401069164276123	75.05171203613281	67.29131317138672	11.352975845336914	0.0	39.33434295654297	14.035569190979004	0.0	55.85745620727539	40.94773483276367	44.21006393432617	0.0	32.243900299072266	77.61579895019531	28.31058692932129	0.0	0.0	0.0	0.0	0.0	0.0	0.0	16.88174057006836	0.0	0.0	0.0	63.06950378417969	0.0	0.0	7.006448268890381	31.17568588256836	196.44895935058594	333.5320739746094	472.0906677246094	480.49822998046875	262.53631591796875	467.4830017089844	436.1863098144531	164.3699188232422	164.5200958251953	283.43524169921875	405.72003173828125	297.9862976074219	433.1482238769531	361.19036865234375	351.4089050292969	158.6348419189453	2.3642630577087402	0.0	0.0	0.0	0.0	0.0	0.0	0.0	0.0	0.0	0.0	0.0	0.0	0.0	0.0	28.934106826782227	116.11408233642578	64.62350463867188	54.53078079223633	514.9111328125	487.97479248046875	1143.6455078125	1350.23193359375	1520.2437744140625	1111.3055419921875	1109.7257080078125	412.64215087890625	42.34144592285156	415.4245910644531	446.5325012207031	602.3047485351562	356.879638671875	330.2422790527344	529.4155883789062	739.6021118164062	830.5406494140625	885.7677612304688	1179.43994140625	1093.8267822265625	779.8712768554688	564.5796508789062	786.6056518554688	753.3350830078125	293.25897216796875	784.8135986328125	899.8424072265625	657.6941528320312	440.0364074707031	81.32550048828125	100.32141876220703	101.60753631591797	43.01822280883789	82.44574737548828	63.209468841552734	59.39544677734375	0.0	31.01943016052246	11.0777587890625	57.00788497924805	0.0	99.28410339355469	10.308002471923828	0.0	0.0	123.42304992675781	526.63134765625	1016.3876953125	1246.2427978515625	569.368896484375	1080.3641357421875	1190.844970703125	882.9920043945312	753.4138793945312	671.4281005859375	382.1883544921875	217.6961212158203	393.65521240234375	682.8696899414062	502.06378173828125	223.93350219726562	0.0	3.4461753368377686	0.0	0.0	26.404375076293945	0.0	278.10040283203125	291.1705627441406	153.2499542236328	328.2802734375	359.854736328125	0.0	0.0	373.54351806640625	415.5616149902344	124.51593017578125	464.99041748046875	506.7036437988281	424.5946044921875	357.3017578125	294.14056396484375	247.52906799316406	0.0	0.0	8.240187644958496	548.1185302734375	538.8345947265625	211.887939453125	348.92352294921875	443.33831787109375	0.0	0.0	0.0	0.0	0.0	0.0	0.0	316.8582763671875	535.43408203125	599.173583984375	256.5640869140625	164.75436401367188	170.59039306640625	272.3468017578125	121.74930572509766	108.80171966552734	300.34979248046875	147.64535522460938
246.64981079101562	304.6586608886719	523.1719360351562	918.8618774414062	157.68643188476562	61.61652755737305	792.593505859375	1172.39453125	36.563079833984375	146.09835815429688	1510.3670654296875	1153.5570068359375	41.39330291748047	599.8707275390625	1365.4654541015625	478.7276611328125	516.7889404296875	639.205078125	822.6685180664062	442.2747497558594	20.291034698486328	617.5247802734375	785.8187866210938	409.4633483886719	7.6746721267700195	681.7794799804688	653.4163208007812	339.1029052734375	174.60365295410156	636.9940185546875	472.05670166015625	200.37147521972656	12.776114463806152	119.83108520507812	89.17460632324219	161.18763732910156	395.60040283203125	451.9052429199219	207.911376953125	233.69973754882812	0.0	0.0	282.8653564453125	164.5823974609375	0.0	0.0	230.05010986328125	69.94037628173828	383.3304443359375	410.7906799316406	288.5426025390625	97.9509506225586	0.0	74.70868682861328	92.12760162353516	0.0	57.8868293762207	169.86367797851562	92.00981903076172	0.0	59.87745666503906	98.7485122680664	0.0	0.0	12.003792762756348	0.0	0.0	12.528159141540527	0.0	0.0	0.0	122.90797424316406	0.0	0.0	0.0	74.6937255859375	0.0	0.0	30.560243606567383	50.32866668701172	20.352025985717773	48.373680114746094	124.90227508544922	16.481651306152344	0.0	46.11253356933594	28.909191131591797	0.0	0.0	0.0	0.0	0.0	6.7746806144714355	6.82490873336792	0.0	0.0	0.0	0.0	0.0	0.0	0.0	0.0	0.0	24.379791259765625	16.103809356689453	0.0	0.0	50.44499588012695	0.0	0.0	0.0	77.54973602294922	352.1594543457031	396.9693298339844	359.99261474609375	322.0486755371094	118.63484954833984	203.27105712890625	248.0791473388672	142.34814453125	41.82041931152344	111.3971939086914	170.73170471191406	142.6285858154297	74.28126525878906	267.5358581542969	303.9212341308594	159.70547485351562	0.0	0.0	0.0	0.0	0.0	0.0	0.0	0.0	0.0	37.119319915771484	0.0	0.0	0.0	0.0	0.0	28.920330047607422	638.7857666015625	983.5098876953125	984.98974609375	508.3410949707031	1249.3292236328125	1517.2418212890625	1216.0042724609375	517.1004028320312	48.179351806640625	177.81781005859375	327.05865478515625	214.87782287597656	91.04854583740234	189.60838317871094	281.3966369628906	96.00308990478516	754.5491333007812	863.7570190429688	742.9832763671875	403.6793212890625	597.5167846679688	775.7899169921875	715.325927734375	346.8394775390625	79.6672592163086	249.7503204345703	263.78631591796875	318.8054504394531	289.9363708496094	573.5679321289062	455.4048767089844	334.2957763671875	37.505592346191406	10.325969696044922	44.917694091796875	7.423010349273682	12.829752922058105	0.0	97.67634582519531	0.0	14.460760116577148	61.255428314208984	169.34681701660156	0.0	0.9771950840950012	181.34178161621094	137.22067260742188	0.0	1130.2813720703125	1255.8828125	933.8663940429688	348.61749267578125	531.7147216796875	498.93096923828125	196.27011108398438	17.864547729492188	25.110929489135742	150.82199096679688	176.97091674804688	37.62306213378906	52.58759307861328	134.0158233642578	174.3376922607422	73.07793426513672	0.0	0.0	227.73928833007812	63.991912841796875	185.00704956054688	180.58543395996094	598.74267578125	318.3802490234375	0.0	145.3190460205078	304.08575439453125	22.08749008178711	0.0	266.72259521484375	270.54705810546875	19.593170166015625	290.77484130859375	324.2570495605469	392.07745361328125	326.4046630859375	0.0	306.84271240234375	424.5233154296875	160.4250030517578	84.98380279541016	408.7663879394531	398.4327697753906	63.07307815551758	169.81947326660156	247.10133361816406	161.50787353515625	0.0	0.0	0.0	0.0	177.80870056152344	396.44927978515625	351.6117858886719	149.3987579345703	199.02859497070312	126.82917785644531	8.178640365600586	254.5362091064453	247.97634887695312	0.0	0.0	253.4136199951172	200.44610595703125
43.299835205078125	1406.6302490234375	1336.14501953125	67.95355987548828	845.623046875	1374.80078125	305.3963623046875	530.5005493164062	934.1080322265625	779.12353515625	913.32568359375	574.90283203125	378.6409912109375	768.204345703125	499.007080078125	685.58740234375	583.4723510742188	640.1754760742188	228.20858764648438	157.7010955810547	543.4657592773438	548.9425048828125	704.1292724609375	569.282470703125	506.7846374511719	709.3157958984375	754.8510131835938	605.0828857421875	422.1955871582031	622.7008056640625	746.95654296875	409.67205810546875	0.0	379.38836669921875	455.01837158203125	115.08343505859375	182.6583251953125	279.55950927734375	0.0	34.10306930541992	55.223243713378906	95.34285736083984	78.94578552246094	141.98809814453125	160.20982360839844	216.7843475341797	383.34686279296875	317.5309753417969	115.52696990966797	27.85357666015625	0.0	16.899547576904297	69.96139526367188	56.61096954345703	95.18453979492188	126.6896743774414	41.1943473815918	136.07676696777344	230.1411895751953	161.1685028076172	263.15899658203125	256.7220153808594	213.35940551757812	151.7924346923828	0.0	0.0	10.229182243347168	37.526302337646484	0.0	0.0	0.0	0.0	0.0	0.0	0.0	0.0	4.987676620483398	11.012589454650879	0.0	124.43458557128906	0.0	0.0	74.96003723144531	30.859027862548828	0.0	15.301445007324219	0.0	17.514787673950195	46.265098571777344	0.0	61.789005279541016	95.51253509521484	83.06131744384766	76.15689086914062	14.395484924316406	85.87430572509766	0.0	0.0	0.0	43.48905563354492	0.0	0.0	0.0	0.0	0.0	0.0	0.0	0.0	0.0	29.625364303588867	37.02267837524414	26.430545806884766	100.05398559570312	132.213623046875	192.8847198486328	101.06063842773438	165.2806854248047	298.4288330078125	369.90380859375	358.7737121582031	253.2665252685547	536.0450439453125	531.1590576171875	256.5455017089844	178.5152587890625	387.0531005859375	432.2453918457031	313.75244140625	8.35795783996582	0.0	0.0	29.77460289001465	0.0	0.0	0.0	0.0	0.0	0.0	0.0	0.0	0.0	0.0	0.0	0.0	105.38851165771484	563.005615234375	846.3602905273438	649.5067138671875	326.7757873535156	549.3358764648438	326.4588317871094	0.0	310.5671081542969	482.14373779296875	862.2985229492188	654.9961547851562	803.3876953125	988.2709350585938	990.6416015625	828.7586669921875	270.1849670410156	349.212646484375	504.3602600097656	444.02276611328125	248.7036590576172	588.55859375	691.792724609375	496.5167236328125	616.8255615234375	1128.2972412109375	1269.5584716796875	844.5089721679688	677.5779418945312	1175.8607177734375	1116.5511474609375	681.8818969726562	62.682167053222656	5.017908573150635	0.0	0.0	121.70146942138672	70.19166564941406	0.0	44.52365493774414	190.50704956054688	110.93295288085938	18.49321746826172	18.944183349609375	10.961461067199707	106.72566223144531	0.0	0.0	173.677978515625	379.6236572265625	364.5229797363281	72.82247924804688	227.52993774414062	125.46197509765625	309.408447265625	353.64630126953125	162.16285705566406	608.0528564453125	793.3512573242188	591.6983032226562	896.35986328125	1134.077880859375	1081.844970703125	544.5869750976562	125.35733795166016	181.2418670654297	108.1578598022461	210.68923950195312	173.8924560546875	9.154105186462402	82.83802795410156	104.21904754638672	91.05760955810547	0.0	282.3549499511719	385.1900329589844	134.93280029296875	174.7537841796875	40.399208068847656	136.92994689941406	375.7604675292969	293.9901123046875	154.88148498535156	252.0061492919922	202.71896362304688	413.7161560058594	429.2628479003906	274.37908935546875	150.20774841308594	352.9495849609375	336.9020690917969	285.67657470703125	0.0	3.9164841175079346	64.36071014404297	0.0	0.0	334.5888366699219	404.47467041015625	227.59933471679688	37.1049690246582	214.5402374267578	85.55360412597656	71.47166442871094	54.057769775390625	17.84954071044922	188.79849243164062	172.74024963378906	0.0	125.24987030029297	169.3637237548828	250.35365295410156
11.246773719787598	575.4908447265625	564.943603515625	988.7598266601562	447.8738098144531	1123.3311767578125	950.140869140625	1073.520751953125	641.4675903320312	879.4222412109375	1070.32080078125	611.9183959960938	159.72952270507812	466.8771667480469	1038.472900390625	151.55043029785156	455.77880859375	376.0435791015625	631.4114990234375	248.1494140625	504.2906799316406	570.1858520507812	584.7719116210938	409.9436950683594	348.9930419921875	648.346435546875	627.373291015625	452.5087890625	254.8819580078125	543.3088989257812	308.64202880859375	165.10975646972656	0.0	32.293575286865234	88.55089569091797	128.0821533203125	1.5335125923156738	95.19070434570312	148.80581665039062	154.44781494140625	186.8070068359375	15.152554512023926	174.41439819335938	137.00079345703125	262.85626220703125	242.09559631347656	427.8846130371094	225.88279724121094	72.67514038085938	34.11473083496094	70.24380493164062	0.0	72.61833190917969	94.05587768554688	29.906166076660156	0.0	172.50868225097656	321.9529113769531	151.26319885253906	157.8622283935547	99.83432006835938	110.08961486816406	0.0	39.23335647583008	0.0	0.0	0.0	41.754302978515625	0.0	0.0	0.0	65.05345916748047	0.0	0.0	4.857743263244629	27.038288116455078	0.0	0.0	32.87812423706055	16.042016983032227	0.0	0.0	6.048379898071289	0.0	0.0	0.0	0.0	0.0	7.8959574699401855	100.59758758544922	22.396913528442383	36.6115608215332	42.74673843383789	0.0	34.73097610473633	50.3765983581543	0.0	0.0	0.0	0.0	0.0	0.0	0.0	14.513845443725586	0.0	0.0	0.0	14.672245979309082	0.0	38.313072204589844	0.0	63.8388786315918	103.33629608154297	99.39949035644531	151.73153686523438	129.40109252929688	168.97329711914062	282.85345458984375	309.7430725097656	203.5825958251953	216.4967041015625	361.76080322265625	421.78167724609375	290.7020263671875	132.03941345214844	261.7291259765625	242.96524047851562	156.53091430664062	33.371097564697266	0.0	0.0	0.0	13.639813423156738	0.0	0.0	0.0	0.0	0.0	0.0	0.0	0.0	0.0	0.0	42.16114807128906	87.48280334472656	116.66767883300781	170.08091735839844	226.54974365234375	119.38900756835938	327.0404052734375	296.3173828125	239.02996826171875	719.510498046875	708.1986083984375	538.3048706054688	422.331787109375	890.4235229492188	866.8551635742188	940.46728515625	723.3064575195312	129.8481903076172	196.41807556152344	267.62677001953125	155.51885986328125	451.7974853515625	535.1875	576.6473999023438	368.4605712890625	525.5404052734375	798.3280029296875	833.5352172851562	472.520263671875	505.3482360839844	632.479248046875	573.0103149414062	517.97998046875	81.09595489501953	62.2667350769043	105.99211883544922	15.056224822998047	137.4583740234375	108.39514923095703	167.18548583984375	16.73719024658203	63.25143051147461	26.129558563232422	18.353628158569336	0.0	14.899421691894531	159.60598754882812	0.0	0.0	32.516387939453125	90.7078857421875	182.8895263671875	127.03394317626953	108.77729797363281	195.2646942138672	164.814697265625	59.24253463745117	652.6791381835938	768.6005249023438	744.0612182617188	577.2369995117188	263.58489990234375	394.9477844238281	350.9637451171875	112.96949005126953	47.13529586791992	18.36473274230957	211.44969177246094	75.09822082519531	161.3505401611328	0.0	203.98104858398438	90.76828002929688	93.57666015625	99.95611572265625	149.41151428222656	0.0	21.528812408447266	418.86041259765625	263.9106140136719	187.00863647460938	353.1382141113281	342.0870666503906	246.18148803710938	199.97128295898438	270.0451965332031	203.61404418945312	224.06747436523438	140.75289916992188	4.52101469039917	272.7037658691406	276.168701171875	30.37186622619629	137.9180145263672	147.02622985839844	7.224377155303955	27.714298248291016	0.0	0.0	0.0	147.09686279296875	0.0	25.946178436279297	116.78157806396484	149.29647827148438	53.058982849121094	0.0	104.40497589111328	102.79174041748047	234.1038360595703	180.8118133544922	370.0926208496094	292.0104675292969
17.731443405151367	230.369384765625	1530.760498046875	1329.4808349609375	13.283811569213867	1254.2764892578125	1379.101318359375	346.6625061035156	342.3330078125	1280.505615234375	618.44384765625	868.0877075195312	470.6761169433594	762.6978149414062	1092.2830810546875	952.5320434570312	170.46209716796875	678.9251098632812	671.6654052734375	239.7072296142578	634.1976928710938	587.9756469726562	574.3667602539062	276.43316650390625	531.9881591796875	661.9912109375	792.4867553710938	390.41650390625	239.6078643798828	776.1804809570312	755.4712524414062	328.7501525878906	0.0	0.0	382.2203674316406	305.99456787109375	0.0	193.01844787597656	274.7708740234375	43.15361785888672	102.17630767822266	259.1150207519531	98.02312469482422	104.35084533691406	89.3133544921875	5.492772579193115	268.56512451171875	56.77238845825195	35.80546188354492	119.0359878540039	44.05972671508789	0.0	156.64898681640625	113.83824157714844	67.52068328857422	11.378030776977539	136.5511932373047	37.69571304321289	0.0	4.27416467666626	151.72113037109375	287.159423828125	168.57383728027344	63.26791763305664	0.0	0.0	0.0	38.82500457763672	0.0	0.0	0.0	16.26166534423828	0.0	0.0	0.0	118.14936828613281	0.0	33.50541687011719	12.686796188354492	88.83953857421875	0.0	3.7965123653411865	0.0	71.86357879638672	14.897560119628906	0.0	70.95553588867188	14.352128982543945	13.263581275939941	0.0	40.661434173583984	3.6676762104034424	25.036664962768555	89.10904693603516	65.7740707397461	30.107629776000977	0.0	0.0	0.0	48.763755798339844	0.0	0.0	0.0	64.2103500366211	0.0	0.0	4.632586479187012	0.0	0.0	0.0	0.0	47.671905517578125	40.662254333496094	97.53614807128906	239.8037567138672	166.01104736328125	123.7851791381836	174.35186767578125	348.74212646484375	187.37863159179688	102.21100616455078	389.0733947753906	324.2593078613281	167.3890380859375	173.7652130126953	417.0716552734375	407.5291748046875	257.659423828125	0.0	10.002700805664062	0.0	0.0	0.0	0.0	0.0	0.0	0.0	0.0	0.0	0.0	0.0	0.0	0.0	0.0	97.19528198242188	83.02412414550781	601.3668212890625	603.7982788085938	86.55006408691406	552.666259765625	467.014892578125	298.15997314453125	365.33892822265625	872.0186157226562	680.0597534179688	128.2858428955078	589.4080200195312	560.6971435546875	580.8357543945312	400.0434875488281	112.70989227294922	340.9894714355469	349.3501892089844	379.30279541015625	340.2841491699219	513.8060913085938	575.9673461914062	379.2752990722656	498.4697265625	793.3952026367188	750.2283325195312	229.9513397216797	509.3447570800781	957.09130859375	887.6470947265625	384.91546630859375	0.0	63.35322570800781	46.63949966430664	0.0	58.85884094238281	28.799718856811523	150.513671875	0.0	130.51239013671875	193.72683715820312	108.08627319335938	0.0	90.48200225830078	142.32899475097656	6.255400657653809	0.0	0.17968669533729553	214.9231719970703	348.25238037109375	340.661865234375	276.7384948730469	432.2585144042969	328.3558044433594	43.42957305908203	357.19793701171875	529.0625610351562	233.45809936523438	0.0	501.2781982421875	908.2011108398438	769.7681274414062	256.8573913574219	0.0	122.37548065185547	245.4335479736328	73.41151428222656	0.0	234.1773681640625	149.63067626953125	111.21984100341797	118.06407165527344	78.05632019042969	336.1809387207031	95.50829315185547	152.46240234375	121.47968292236328	187.2579345703125	0.0	219.77572631835938	429.9892272949219	304.9321594238281	0.0	333.85302734375	307.4573669433594	220.78224182128906	323.9237976074219	144.78114318847656	349.45465087890625	348.46612548828125	249.07806396484375	0.0	378.3269348144531	230.45169067382812	0.0	0.0	0.0	339.1575622558594	320.14447021484375	0.0	213.06959533691406	300.3253479003906	280.115478515625	0.0	263.04290771484375	61.47528076171875	134.3130645751953	88.85850524902344	0.0	99.88986206054688	137.8499755859375
310.3003234863281	1186.5234375	540.958740234375	1105.4947509765625	845.5067138671875	1433.435302734375	984.8123168945312	1500.419677734375	711.0744018554688	756.4740600585938	1305.823486328125	1240.5269775390625	176.23638916015625	0.0	1198.458984375	627.9617309570312	637.5665283203125	419.3963623046875	705.2920532226562	422.97027587890625	507.5420227050781	757.16845703125	861.0736083984375	448.3381042480469	393.1636657714844	646.5720825195312	601.663330078125	316.839599609375	157.84046936035156	724.3136596679688	573.3643188476562	258.7926940917969	0.0	135.5453338623047	0.0	124.96543884277344	48.207855224609375	184.2071990966797	109.71878051757812	265.0686950683594	303.625244140625	219.78598022460938	294.6346435546875	216.2936553955078	396.8428039550781	220.205810546875	293.7572937011719	133.5236358642578	100.18730163574219	39.47819519042969	74.99382781982422	0.0	68.35200500488281	98.94414520263672	79.33098602294922	0.0	233.6557159423828	300.2381591796875	212.4140625	0.0	38.073974609375	183.20567321777344	22.853452682495117	0.6460084319114685	0.0	0.0	0.0	30.54905891418457	0.0	16.732009887695312	0.0	64.79100799560547	0.0	21.841127395629883	0.0	46.391239166259766	0.0	0.0	92.3287124633789	84.82980346679688	0.0	0.0	15.012533187866211	0.0	0.0	0.0	0.0	0.0	13.017745018005371	56.236331939697266	0.0	0.0	50.5685920715332	54.736610412597656	0.0	1.765641450881958	0.0	0.0	0.0	0.0	0.0	0.0	0.0	13.849120140075684	0.0	0.0	0.0	52.65962600708008	0.0	0.0	0.0	52.539066314697266	49.27360534667969	88.04116821289062	137.6151580810547	154.985595703125	381.439697265625	358.4522399902344	346.06097412109375	192.3268280029297	233.16505432128906	225.96182250976562	299.08978271484375	153.0839080810547	143.42042541503906	332.91741943359375	369.017578125	201.66659545898438	15.988585472106934	0.0	0.0	0.0	0.0	0.0	0.0	0.0	0.0	0.0	0.0	0.0	0.0	0.0	0.0	16.304460525512695	116.57221221923828	257.25628662109375	229.27984619140625	88.66167449951172	196.03773498535156	355.92205810546875	230.57882690429688	283.746826171875	1022.546630859375	1159.5318603515625	898.5125732421875	403.10052490234375	1033.261962890625	1052.148193359375	593.9824829101562	169.6006622314453	209.28628540039062	138.9375	460.7882995605469	259.68853759765625	711.4502563476562	827.9226684570312	808.9624633789062	262.3536071777344	705.9169311523438	853.5138549804688	848.0874633789062	349.0509948730469	536.2860717773438	697.512939453125	543.6200561523438	337.68145751953125	54.504547119140625	94.01902770996094	12.753568649291992	103.80168151855469	228.40834045410156	114.38143157958984	79.40483856201172	42.93458557128906	53.24049758911133	0.0	74.33894348144531	0.0	24.178049087524414	53.838706970214844	107.45893096923828	0.0	118.49565124511719	161.5972137451172	80.77249908447266	86.56133270263672	156.78981018066406	150.79150390625	255.15504455566406	175.348388671875	898.1985473632812	898.9707641601562	660.5635375976562	120.60111999511719	251.4777069091797	222.8841552734375	221.3749542236328	62.90353012084961	242.60145568847656	139.5746612548828	216.05825805664062	207.89234924316406	201.44639587402344	44.74735641479492	375.5323791503906	236.8668670654297	164.3114471435547	231.37730407714844	435.5335693359375	45.981475830078125	33.60737609863281	494.2201232910156	546.8748779296875	30.474021911621094	434.9353942871094	429.2376708984375	297.26007080078125	399.5645446777344	246.44908142089844	294.42352294921875	280.4654846191406	106.04204559326172	0.0	247.8378143310547	232.2861328125	64.90290832519531	94.8738784790039	325.9652404785156	199.1454315185547	0.0	0.0	105.30120849609375	0.0	170.71533203125	0.0	75.23125457763672	96.54118347167969	190.8343963623047	57.57332229614258	0.0	219.863037109375	272.56927490234375	336.988525390625	180.35569763183594	233.3931427001953	202.18907165527344
208.01528930664062	457.92694091796875	522.05908203125	992.9187622070312	296.7598876953125	364.25030517578125	779.2883911132812	1038.062255859375	94.1065673828125	693.5428466796875	977.3658447265625	727.1463012695312	280.01007080078125	1373.582763671875	1005.5828857421875	175.38571166992188	487.3707580566406	633.3628540039062	819.6088256835938	703.0679321289062	253.63507080078125	616.273681640625	647.7432250976562	520.071533203125	429.2953796386719	693.3041381835938	794.5159912109375	822.3687744140625	809.2508544921875	712.4165649414062	393.1309814453125	153.22122192382812	0.0	0.0	0.0	111.56037902832031	306.9501647949219	275.77703857421875	180.61715698242188	210.40037536621094	22.995820999145508	0.0	109.99274444580078	95.41185760498047	0.0	421.3376770019531	465.611572265625	403.6682434082031	337.59613037109375	383.8546447753906	337.90142822265625	186.121337890625	124.03430938720703	139.17579650878906	129.08119201660156	0.0	170.00424194335938	294.8871154785156	245.67613220214844	231.60671997070312	134.47976684570312	54.36619186401367	2.708677053451538	0.0	0.0	0.0	0.0	0.0	0.0	0.0	0.0	38.76579666137695	0.0	0.0	11.640664100646973	88.23904418945312	0.0	0.0	0.0	74.607177734375	71.20692443847656	103.4297103881836	121.87265014648438	22.687358856201172	19.683391571044922	17.68158531188965	18.810815811157227	0.0	42.530033111572266	89.11109924316406	30.50745964050293	34.259246826171875	0.0	0.0	5.402059555053711	71.10584259033203	0.0	0.0	0.0	0.0	0.0	0.0	0.0	0.0	0.0	0.0	0.0	11.93203067779541	0.0	0.0	26.828956604003906	53.130855560302734	439.53436279296875	463.984375	437.64251708984375	321.2967224121094	250.59622192382812	340.3325500488281	340.6058654785156	455.8615417480469	117.83717346191406	376.5284118652344	515.77734375	508.5260925292969	291.7618103027344	289.4513854980469	321.9122009277344	204.6918182373047	0.0	0.0	0.0	0.0	0.0	0.0	0.0	0.0	0.0	0.0	0.0	0.0	0.0	0.0	0.0	0.0	235.4797821044922	277.7747802734375	260.5121765136719	190.4823455810547	1181.8145751953125	1323.4381103515625	1068.264892578125	671.9185791015625	505.5561828613281	581.1963500976562	618.1681518554688	646.0781860351562	352.179443359375	687.7454833984375	1187.5557861328125	1263.1817626953125	698.9453735351562	733.8724975585938	631.6180419921875	377.54864501953125	642.8460693359375	791.7427978515625	773.6200561523438	746.2673950195312	406.9129638671875	657.24755859375	898.6902465820312	957.0031127929688	624.8749389648438	614.7084350585938	796.2770385742188	750.577880859375	126.81513214111328	76.52252960205078	59.320648193359375	69.00746154785156	0.47040969133377075	43.83955383300781	76.68892669677734	137.4763641357422	23.449331283569336	71.13004302978516	0.0	19.180234909057617	86.87391662597656	67.82170104980469	0.0	0.0	915.8098754882812	988.2702026367188	803.8095703125	459.4265441894531	790.0191040039062	821.1444702148438	547.5689697265625	310.65924072265625	371.456787109375	639.05517578125	921.1074829101562	961.5559692382812	254.730712890625	514.929931640625	688.3385620117188	492.24127197265625	7.073923587799072	0.0	0.0	69.29540252685547	142.54898071289062	139.2191162109375	431.05078125	297.60504150390625	0.0	201.32237243652344	156.92117309570312	66.10527038574219	115.23204803466797	303.7582092285156	151.4678192138672	363.40673828125	373.09234619140625	399.8916320800781	468.0026550292969	508.3572998046875	0.0	257.6081237792969	218.85247802734375	172.2240447998047	304.43060302734375	596.43017578125	423.1749267578125	175.1737823486328	383.7554016113281	248.43325805664062	0.0	41.13002014160156	0.0	0.0	0.0	26.568464279174805	281.0406799316406	238.56668090820312	151.9892120361328	159.39199829101562	105.63452911376953	0.0	96.6324691772461	0.0	0.0	382.02069091796875	542.9412841796875	449.45196533203125
30.11485481262207	524.7267456054688	603.25390625	546.8831176757812	169.1782684326172	531.3075561523438	357.030517578125	155.8955078125	203.1322021484375	244.96511840820312	248.53750610351562	414.534912109375	220.58184814453125	178.97854614257812	636.3594970703125	448.4825744628906	270.7131652832031	532.7745361328125	592.5596313476562	359.7130432128906	244.35845947265625	445.0013122558594	479.5550537109375	287.8265380859375	202.50181579589844	217.95492553710938	293.98321533203125	242.23760986328125	306.7557678222656	569.700439453125	527.7218017578125	205.77145385742188	0.0	128.9303436279297	359.5766296386719	357.468017578125	31.137414932250977	280.8603210449219	323.06695556640625	228.94642639160156	274.64501953125	258.0232238769531	86.42906188964844	76.83393859863281	118.765380859375	118.850830078125	113.27519226074219	75.94956970214844	95.33574676513672	187.69219970703125	326.8683166503906	294.4902648925781	85.73291778564453	62.685367584228516	65.70281219482422	44.569908142089844	203.48388671875	268.8749694824219	213.87831115722656	35.47367858886719	91.42334747314453	142.43655395507812	80.04419708251953	58.87152862548828	0.0	0.0	0.0	21.25214195251465	0.0	0.0	0.0	22.1235408782959	14.165623664855957	0.0	0.0	37.86860275268555	0.0	0.0	14.445282936096191	72.61264038085938	12.858251571655273	0.0	34.891273498535156	87.85049438476562	14.171026229858398	30.267562866210938	3.7205584049224854	29.145360946655273	0.0	80.8045654296875	98.38726806640625	20.223339080810547	0.0	41.838993072509766	43.1756477355957	15.745835304260254	0.0	0.0	0.0	0.0	0.0	0.0	0.0	53.11104202270508	0.0	0.0	0.0	0.0	0.0	0.0	0.0	17.78737449645996	78.12242889404297	113.3706283569336	177.587646484375	176.90438842773438	186.02435302734375	399.5024108886719	445.48553466796875	196.38792419433594	89.71002960205078	126.11575317382812	226.95587158203125	100.47074127197266	312.37957763671875	334.4206848144531	250.5459747314453	152.19979858398438	0.0	0.0	0.0	0.0	0.0	0.0	0.0	4.612051010131836	0.0	0.0	0.0	0.0	0.0	0.0	0.0	0.0	108.33731079101562	625.9339599609375	1148.466064453125	1148.5050048828125	221.60198974609375	826.4324340820312	984.5811157226562	589.6163940429688	791.7615966796875	1005.3629150390625	764.9369506835938	176.06094360351562	267.86749267578125	454.2483215332031	386.148681640625	135.7880096435547	173.06658935546875	466.1152648925781	625.3238525390625	631.1077880859375	488.63055419921875	728.1586303710938	654.1348266601562	388.93896484375	370.12603759765625	554.7637329101562	499.5008850097656	206.28099060058594	545.4407958984375	615.773193359375	520.8002319335938	240.5797882080078	7.401143550872803	0.0	0.0	0.0	97.6987533569336	106.50303649902344	76.88016510009766	0.0	8.952512741088867	0.0	16.11699676513672	0.0	136.08334350585938	0.0	36.6552619934082	0.0	303.9650573730469	832.8009033203125	903.1050415039062	911.6382446289062	264.4969177246094	254.16082763671875	119.66493225097656	42.37221145629883	673.0084228515625	775.9762573242188	514.1093139648438	80.06863403320312	218.09141540527344	235.8568572998047	241.0124053955078	117.82768249511719	0.0	118.7000732421875	122.1193618774414	215.1201171875	0.0	132.56710815429688	221.68556213378906	196.09024047851562	111.72647857666016	327.6221923828125	404.827392578125	23.613794326782227	0.0	38.60708236694336	332.89324951171875	77.69271850585938	147.37509155273438	287.9949645996094	209.783935546875	44.290977478027344	76.259033203125	191.84487915039062	245.88241577148438	205.35836791992188	22.64895248413086	175.87374877929688	256.3043518066406	181.90884399414062	171.68759155273438	269.7478332519531	186.6128387451172	17.329856872558594	0.0	0.0	132.22946166992188	272.1790466308594	0.0	308.6998596191406	461.10955810546875	395.94769287109375	209.34432983398438	188.3859405517578	0.0	91.48375701904297	204.89227294921875	233.51441955566406	106.65423583984375	106.58741760253906
23.149978637695312	330.4713134765625	1043.699462890625	275.3638000488281	23.292118072509766	381.17132568359375	1020.471923828125	236.7620391845703	26.329124450683594	267.0390319824219	907.7969360351562	311.22625732421875	41.97895431518555	302.5321044921875	816.61279296875	318.685546875	15.963643074035645	506.27001953125	294.38616943359375	129.97906494140625	13.001236915588379	484.59234619140625	314.164306640625	125.92852783203125	0.0	541.6911010742188	351.01715087890625	136.68951416015625	0.0	466.62744140625	365.3455810546875	208.87799072265625	0.0	24.769384384155273	138.0308074951172	37.389305114746094	20.666507720947266	61.548587799072266	158.23028564453125	28.47918701171875	16.109821319580078	39.769744873046875	128.23036193847656	39.89788818359375	13.966897964477539	2.262568712234497	75.8453140258789	36.700836181640625	60.1623649597168	99.4764633178711	0.0	0.0	70.97566223144531	105.34383392333984	0.0	0.0	55.42352294921875	99.27436065673828	0.0	0.0	35.79854202270508	130.6773223876953	39.221614837646484	0.0	0.0	0.0	64.68023681640625	23.520259857177734	0.0	0.0	87.90496826171875	21.10311508178711	0.0	0.0	91.26049041748047	49.33374786376953	0.0	0.0	90.34613800048828	53.91035461425781	7.622054100036621	0.0	0.0	9.553574562072754	4.455772876739502	0.0	0.0	5.57041072845459	0.0	12.045284271240234	0.0	7.076503753662109	8.132494926452637	23.028854370117188	0.0	26.13266944885254	0.0	0.0	0.0	28.6989688873291	0.0	0.0	0.0	31.08848762512207	0.0	0.0	0.0	0.0	1.6985619068145752	0.0	0.0	16.533674240112305	8.747679710388184	92.53325653076172	168.28912353515625	70.81295013427734	5.531004428863525	133.48037719726562	158.13153076171875	50.77195358276367	7.87387752532959	123.92688751220703	164.1602325439453	52.6085205078125	1.606824517250061	154.67596435546875	231.29959106445312	150.19407653808594	0.0	0.0	0.0	54.94828414916992	0.0	0.0	0.0	58.33781051635742	0.0	0.0	0.0	49.53910827636719	0.0	0.0	0.0	0.0	52.094032287597656	182.87973022460938	127.99906158447266	1.274419903755188	142.57427978515625	366.85699462890625	188.33042907714844	0.0	115.6466064453125	333.6865234375	120.84530639648438	0.0	96.60974884033203	322.8394775390625	132.19041442871094	3.6747567653656006	156.1856689453125	274.43914794921875	157.56256103515625	189.87655639648438	179.03872680664062	304.8999328613281	182.99588012695312	199.68048095703125	179.32225036621094	306.7921142578125	155.34091186523438	182.44276428222656	144.999267578125	466.6993408203125	417.6862487792969	377.98309326171875	8.116241455078125	152.2752227783203	147.9474639892578	0.0	16.78244400024414	155.42201232910156	172.75291442871094	0.0	22.387786865234375	119.9886703491211	191.79737854003906	0.0	12.703054428100586	66.98242950439453	237.83584594726562	0.0	103.82672882080078	108.8875732421875	130.9256591796875	19.667787551879883	178.4052734375	151.99832153320312	142.48228454589844	20.116689682006836	154.50015258789062	119.61920166015625	138.65823364257812	12.155350685119629	151.11734008789062	196.60887145996094	249.13262939453125	121.75091552734375	0.0	252.18150329589844	91.53699493408203	43.6076774597168	0.0	285.861328125	152.19720458984375	32.8967399597168	0.0	265.9159851074219	158.73587036132812	30.58357048034668	0.0	219.94619750976562	189.41177368164062	6.125920295715332	58.29396057128906	221.32937622070312	185.3629608154297	0.0	2.2540814876556396	148.72877502441406	233.1795654296875	0.0	0.0	171.8427276611328	249.80523681640625	51.68428421020508	0.0	135.63552856445312	221.79458618164062	40.82049560546875	0.0	0.0	188.74461364746094	144.2901153564453	0.0	0.0	180.5725555419922	148.184814453125	1.3259272575378418	0.0	160.3292236328125	147.6109161376953	7.185921669006348	0.0	99.01993560791016	121.0686264038086
559.2154541015625	793.135498046875	23.266910552978516	661.3578491210938	208.8617401123047	52.68547058105469	587.15869140625	1189.826171875	316.4138488769531	316.982421875	1289.059326171875	1319.1513671875	546.3553466796875	893.0963134765625	1139.438720703125	269.6807556152344	306.1033935546875	98.66453552246094	539.748779296875	317.89678955078125	61.83969497680664	229.08583068847656	626.807373046875	399.7411193847656	476.72528076171875	820.32373046875	715.7863159179688	500.31854248046875	734.5634155273438	804.5477294921875	493.83282470703125	226.11886596679688	389.796875	335.8692932128906	87.0021743774414	94.25814056396484	179.43370056152344	57.87172317504883	106.5110092163086	211.61407470703125	0.0	0.0	172.67166137695312	156.3968963623047	47.40452575683594	414.3648681640625	377.7213134765625	214.95140075683594	138.55789184570312	114.8412094116211	94.80690002441406	24.736591339111328	43.9989128112793	57.52805709838867	119.91060638427734	0.0	41.45698928833008	90.00298309326172	71.06773376464844	50.711360931396484	261.1226501464844	306.23223876953125	281.9664001464844	186.4455108642578	0.0	13.034446716308594	0.0	74.44659423828125	0.0	0.0	0.0	110.36096954345703	0.0	0.0	0.0	38.3596076965332	0.0	0.0	17.776840209960938	5.619457721710205	0.0	3.3912336826324463	49.669132232666016	0.0	44.52702331542969	0.0	13.609054565429688	0.0	0.0	7.748810291290283	0.0	33.578372955322266	0.0	29.424612045288086	123.71529388427734	51.24925994873047	1.0511842966079712	0.0	8.29018783569336	0.0	11.32375431060791	47.52716827392578	0.0	0.0	0.0	0.0	0.0	0.0	0.0	0.0	11.178984642028809	51.37522506713867	106.3017349243164	160.69033813476562	195.4742431640625	173.0848846435547	75.27925872802734	142.3109130859375	185.35479736328125	145.9165496826172	280.6966552734375	301.51959228515625	470.1594543457031	387.0238342285156	309.02685546875	293.263427734375	274.7049255371094	165.69703674316406	0.0	0.0	0.0	0.0	4.401070594787598	5.43270206451416	52.94160842895508	0.0	21.309471130371094	0.0	0.0	0.0	0.0	0.0	0.0	0.0	873.5366821289062	1184.2525634765625	1111.352783203125	312.4346008300781	339.33514404296875	210.64459228515625	242.1212921142578	169.26011657714844	124.85602569580078	123.6773910522461	187.76707458496094	245.26242065429688	434.52685546875	1134.4195556640625	1267.7698974609375	844.627685546875	459.579345703125	791.5565795898438	719.3792114257812	313.0804748535156	135.22491455078125	284.42742919921875	357.9862976074219	137.57913208007812	368.73382568359375	613.0292358398438	762.5000610351562	704.3096313476562	767.0492553710938	793.1386108398438	721.964111328125	556.8877563476562	60.27015686035156	0.0	88.3238296508789	80.94706726074219	34.037960052490234	3.53808331489563	54.21054458618164	50.60624694824219	105.71684265136719	72.3223876953125	139.42535400390625	4.481613636016846	114.82146453857422	0.0	0.0	0.0	768.8172607421875	794.1356811523438	418.09063720703125	196.85255432128906	53.428836822509766	166.66615295410156	121.1478271484375	88.5998306274414	19.42291831970215	247.54275512695312	291.15423583984375	188.2997283935547	835.7182006835938	906.3583984375	869.7042236328125	619.7952270507812	146.48190307617188	36.894065856933594	453.57269287109375	291.609375	9.20803165435791	0.0	328.91961669921875	215.8605499267578	0.0	0.0	188.01918029785156	16.766212463378906	114.91923522949219	27.379173278808594	191.6741180419922	235.1349334716797	0.0	0.0	247.41419982910156	317.11273193359375	133.11659240722656	265.0422668457031	392.572021484375	255.6274871826172	525.4862670898438	571.533447265625	350.2041320800781	90.6430892944336	455.4779357910156	282.0079345703125	0.0	56.569557189941406	368.06329345703125	381.0534362792969	133.5176544189453	127.09760284423828	287.4716491699219	201.93869018554688	32.20303726196289	155.7657470703125	0.0	0.0	111.39045715332031	136.6897735595703	0.0	290.83172607421875	351.1789245605469	138.39822387695312
22.8774356842041	489.9029235839844	424.1788024902344	1110.763427734375	281.48382568359375	880.8369140625	804.8662719726562	1178.6268310546875	1013.9766235351562	1236.6441650390625	820.4309692382812	842.0413818359375	828.0183715820312	643.9261474609375	1215.235595703125	142.688720703125	345.787109375	232.5160675048828	639.1142578125	386.47900390625	659.21875	751.2695922851562	701.2030639648438	467.7074890136719	719.3953247070312	549.3379516601562	454.52813720703125	166.6299591064453	575.78271484375	642.9808959960938	357.83062744140625	179.8839111328125	5.581430435180664	7.7505879402160645	45.50240707397461	222.6802215576172	0.0	0.0	78.15460968017578	157.7145538330078	397.2740478515625	302.8673400878906	379.6039733886719	299.3139953613281	362.6866149902344	185.60716247558594	316.248046875	97.7275161743164	39.56757736206055	0.0	64.25540161132812	18.576366424560547	89.06678771972656	89.96989440917969	222.1126251220703	75.44731140136719	218.7386932373047	301.7497253417969	204.5972442626953	104.0068359375	69.0412826538086	88.22355651855469	20.98050880432129	23.797658920288086	0.0	0.0	0.0	39.78140640258789	0.0	0.0	0.0	14.273425102233887	0.0	0.0	11.392143249511719	61.7743034362793	0.0	0.0	14.7157564163208	60.4196891784668	13.759808540344238	0.0	0.0	0.0	12.249746322631836	27.82557487487793	39.87001037597656	33.51346206665039	0.0	51.00614547729492	49.30598449707031	51.686431884765625	45.02600860595703	47.999656677246094	55.81938552856445	63.318180084228516	0.0	0.0	0.0	0.0	0.0	0.0	0.0	0.0	0.0	0.0	0.0	27.616539001464844	0.0	22.024858474731445	20.96835708618164	63.67557907104492	54.710044860839844	69.52030944824219	89.64115142822266	105.83203125	213.55970764160156	281.82672119140625	373.39813232421875	300.4407958984375	252.56625366210938	273.3777770996094	204.82522583007812	129.8375244140625	239.3282470703125	296.9804382324219	250.42413330078125	193.4574432373047	20.802051544189453	23.014469146728516	0.0	0.0	8.358006477355957	0.0	0.0	0.0	0.0	0.0	0.0	0.0	0.0	0.0	0.0	57.84294128417969	76.21527862548828	87.10597229003906	125.79956817626953	366.6293640136719	149.95150756835938	73.49174499511719	214.4080047607422	189.38485717773438	825.4619750976562	1111.5052490234375	1006.025634765625	683.9930419921875	1086.6302490234375	746.9375	346.01177978515625	278.8269958496094	41.70106887817383	69.589599609375	211.9147491455078	183.7343292236328	521.0584106445312	701.62451171875	834.7012329101562	480.7040100097656	570.2320556640625	835.5162353515625	752.5731201171875	436.71661376953125	649.3016357421875	692.5062255859375	489.2779846191406	350.23876953125	52.82341384887695	63.929203033447266	43.7541618347168	82.84352111816406	95.38763427734375	133.97604370117188	141.33921813964844	120.09260559082031	6.084890842437744	7.942108631134033	0.0	0.0	75.627197265625	14.471205711364746	0.0	0.0	0.0	0.0	167.1959991455078	253.52159118652344	79.34352111816406	400.9779052734375	499.13653564453125	237.3759765625	744.4200439453125	932.8920288085938	848.034423828125	473.92510986328125	430.6813049316406	300.90325927734375	239.29190063476562	75.85989379882812	0.0	23.93587875366211	154.38717651367188	175.78805541992188	168.89891052246094	90.36001586914062	136.16055297851562	80.71772766113281	124.95174407958984	162.84432983398438	400.7576599121094	196.715576171875	108.99266052246094	252.22120666503906	207.0007781982422	105.99943542480469	254.44703674316406	334.746826171875	307.1891784667969	225.1860809326172	418.3212890625	452.3011169433594	193.6548614501953	124.2563247680664	297.16827392578125	109.23885345458984	142.01271057128906	0.0	245.61729431152344	278.66729736328125	0.0	63.91282272338867	0.0	0.0	0.0	242.60948181152344	0.0	0.0	73.19300842285156	206.462646484375	92.6022720336914	128.081298828125	309.41778564453125	267.77850341796875	281.4498596191406	171.66986083984375	392.2187805175781	227.8654022216797
541.9597778320312	540.0617065429688	355.7202453613281	486.69537353515625	328.1431884765625	230.13400268554688	883.6184692382812	690.4267578125	446.20343017578125	885.02197265625	921.5265502929688	430.7587890625	781.6885375976562	978.496826171875	268.1912536621094	0.0	415.9071350097656	248.8199462890625	349.0502014160156	200.08868408203125	350.135009765625	625.083984375	697.177001953125	369.87872314453125	712.152587890625	706.3222045898438	548.3167114257812	281.8680725097656	474.17474365234375	173.1064453125	132.0472869873047	261.74755859375	329.4798278808594	247.75341796875	81.94541931152344	64.39849853515625	283.8751525878906	115.18218231201172	37.466732025146484	41.1533203125	0.0	279.77203369140625	303.9801025390625	0.0	451.5787353515625	438.99822998046875	372.10894775390625	132.62567138671875	267.0464782714844	263.20947265625	107.40386962890625	0.0	32.5079345703125	94.0157470703125	73.39852905273438	36.551822662353516	156.8584747314453	213.5958709716797	192.7078399658203	146.70457458496094	251.97653198242188	30.815391540527344	38.89033889770508	125.10728454589844	0.0	0.0	0.0	45.819862365722656	0.0	0.0	8.26871109008789	58.754432678222656	0.0	0.0	27.003271102905273	67.58978271484375	0.0	6.300555229187012	41.64793395996094	27.704561233520508	0.0	110.81819152832031	73.9903335571289	14.112532615661621	0.0	0.0	62.820247650146484	5.160663604736328	12.444328308105469	0.0	117.3769760131836	106.60391235351562	0.0	25.664777755737305	49.76581954956055	47.58610534667969	4.362218856811523	0.0	0.0	0.0	0.0	0.0	0.0	0.0	0.0	0.0	0.0	0.0	0.0	9.075560569763184	73.8056640625	23.08769989013672	110.24082946777344	172.13253784179688	176.9627227783203	16.364694595336914	186.51312255859375	335.7674255371094	324.5408020019531	358.8219299316406	310.09381103515625	284.8789367675781	327.644287109375	303.036376953125	137.33038330078125	268.26873779296875	182.277587890625	158.73876953125	0.0	0.0	0.0	0.0	0.0	0.0	0.0	0.0	0.0	0.0	0.0	0.0	0.0	0.0	0.0	0.0	987.633544921875	1087.5986328125	586.9692993164062	119.51138305664062	667.265625	550.5567016601562	193.24546813964844	16.116411209106445	79.00524139404297	703.2083129882812	940.5776977539062	679.20947265625	1162.4892578125	1101.913330078125	1052.6627197265625	747.3599243164062	486.47845458984375	569.319580078125	382.7563781738281	91.93331146240234	337.00653076171875	560.85498046875	564.9954833984375	468.3084411621094	779.0828857421875	810.3588256835938	785.2081909179688	720.2947998046875	572.4851684570312	712.5565795898438	691.4690551757812	570.9971313476562	0.0	0.0	90.95098114013672	0.0	53.404701232910156	0.0	103.85298156738281	11.798301696777344	95.97969055175781	91.76081085205078	0.0	11.70233154296875	13.398916244506836	13.966041564941406	0.0	0.0	790.3490600585938	774.5100708007812	437.583251953125	0.0	56.29965591430664	131.86354064941406	139.92665100097656	105.36186218261719	353.82513427734375	851.0247192382812	777.4512329101562	496.13348388671875	864.227294921875	767.4539794921875	403.5994873046875	381.97650146484375	100.35723114013672	264.4870300292969	344.8064880371094	50.201026916503906	27.511877059936523	191.97129821777344	362.951171875	32.9148063659668	71.87173461914062	73.4782943725586	91.63455200195312	114.18994903564453	170.01744079589844	95.20074462890625	137.30409240722656	309.25653076171875	127.78955078125	143.2394561767578	279.0603332519531	214.19686889648438	404.6800537109375	552.1753540039062	322.6184997558594	153.70297241210938	522.4888305664062	438.18670654296875	0.0	158.5815887451172	18.88678741455078	0.0	0.0	57.08795166015625	146.1714630126953	194.48486328125	17.11118507385254	123.36729431152344	300.20477294921875	181.28131103515625	18.38144302368164	75.0752182006836	0.0	129.5049285888672	221.1641082763672	0.0	288.71014404296875	392.71807861328125	404.0954284667969	161.6179656982422
208.20823669433594	573.7940063476562	565.4932250976562	477.14398193359375	1035.1353759765625	1111.2979736328125	389.02435302734375	606.1104736328125	704.1144409179688	312.8785705566406	401.556396484375	769.6937255859375	141.18173217773438	0.0	170.1622314453125	747.94287109375	653.7230834960938	638.2319946289062	598.987060546875	302.5594482421875	580.3658447265625	583.1890869140625	843.791748046875	395.58563232421875	456.3627624511719	502.254638671875	539.8965454101562	257.50238037109375	54.628604888916016	84.40543365478516	516.2609252929688	328.497802734375	0.0	0.0	9.520750999450684	42.97691345214844	181.93800354003906	125.37348937988281	45.279151916503906	67.95347595214844	344.8667297363281	372.33673095703125	211.16758728027344	175.7057647705078	362.1145935058594	317.3410949707031	110.29417419433594	161.4831085205078	154.74932861328125	225.88119506835938	202.24180603027344	33.16387939453125	144.07960510253906	196.85317993164062	167.15469360351562	83.09426879882812	243.60179138183594	395.0790100097656	370.26324462890625	58.715576171875	23.45676612854004	95.44520568847656	128.09408569335938	0.0	0.0	0.0	0.0	30.63074493408203	0.0	0.0	0.0	51.629638671875	0.0	1.9783512353897095	0.0	94.48052215576172	0.0	0.0	0.0	141.52438354492188	0.0	68.30659484863281	90.05329132080078	38.18385696411133	0.0	21.52596664428711	64.39865112304688	0.0	32.83604431152344	28.647497177124023	130.24415588378906	3.891278028488159	43.32575988769531	7.854033946990967	20.64732551574707	0.0	0.0	0.0	0.0	0.0	0.0	0.0	0.0	0.0	19.709613800048828	53.1894416809082	0.0	0.0	44.642608642578125	58.48970413208008	26.443931579589844	0.0462702177464962	249.81614685058594	306.1225891113281	361.8985290527344	201.31893920898438	507.4013671875	550.1343383789062	422.2747802734375	291.1564025878906	170.02658081054688	259.4778747558594	347.3674011230469	263.2579040527344	122.087646484375	124.1598129272461	210.891357421875	173.79039001464844	0.0	0.0	0.0	0.0	0.0	0.0	0.0	0.0	0.0	0.0	0.0	0.0	0.0	0.0	22.899513244628906	0.0	99.23511505126953	0.0	61.25402069091797	55.414093017578125	636.7766723632812	975.2138061523438	920.34130859375	153.1461181640625	1135.73681640625	1265.318359375	1245.133056640625	433.78985595703125	794.58056640625	776.2984008789062	648.64306640625	205.70616149902344	349.6158752441406	503.87066650390625	422.1573486328125	174.68069458007812	1178.9176025390625	1345.4202880859375	1172.3433837890625	484.5439147949219	729.6593627929688	816.4651489257812	746.8572387695312	418.469482421875	353.1227722167969	485.6751708984375	499.1324157714844	227.4798126220703	105.7602767944336	86.29122161865234	67.68828582763672	0.0	146.8715057373047	0.0	105.6122817993164	37.82063293457031	84.73286437988281	0.0	51.90194320678711	131.52354431152344	7.624886989593506	14.265820503234863	45.91923141479492	98.88345336914062	275.18365478515625	646.9797973632812	584.860107421875	131.176025390625	679.0308227539062	812.5988159179688	449.1690673828125	230.21237182617188	830.7025146484375	1030.99951171875	829.9724731445312	293.75970458984375	105.5233383178711	95.28207397460938	87.50604248046875	62.44449996948242	29.28155517578125	0.0	0.0	13.055585861206055	27.304716110229492	101.45237731933594	350.22021484375	106.888916015625	202.5926055908203	201.9486846923828	463.55401611328125	266.0293884277344	129.76043701171875	182.2435760498047	413.9303283691406	280.0082702636719	480.6238098144531	489.03900146484375	319.8609313964844	311.6037902832031	345.6826171875	212.62786865234375	232.09878540039062	220.8842010498047	0.0	113.08605194091797	194.42449951171875	199.33035278320312	42.21478271484375	103.76718139648438	234.82223510742188	224.9792938232422	0.0	0.0	24.37084197998047	93.44002532958984	108.98028564453125	265.8128356933594	185.89756774902344	134.4320831298828	192.2123565673828	185.58096313476562	192.3824462890625	138.45606994628906	430.7980041503906	428.6501770019531	168.76609802246094	150.3623809814453
35.20873260498047	823.320556640625	974.1947021484375	783.0028076171875	315.38104248046875	1307.1083984375	911.7662963867188	1157.1754150390625	459.3829040527344	780.819091796875	1224.524169921875	985.6801147460938	154.88731384277344	121.75968170166016	1104.3572998046875	394.31671142578125	539.2776489257812	582.8566284179688	705.1702270507812	369.31170654296875	566.0682373046875	813.2254028320312	826.7088623046875	411.6195373535156	345.0805969238281	696.938720703125	609.7758178710938	361.1960754394531	59.682254791259766	706.2509155273438	519.3427734375	326.0813293457031	0.0	38.665000915527344	97.01764678955078	125.5135498046875	0.0	202.13966369628906	182.8498992919922	149.54185485839844	249.0987548828125	230.59066772460938	265.8658142089844	107.62321472167969	341.3237609863281	237.07232666015625	255.54293823242188	64.49752044677734	107.07238006591797	115.71688842773438	132.79347229003906	36.06412887573242	133.0262451171875	24.083696365356445	99.81234741210938	0.0	167.40345764160156	251.86187744140625	154.12054443359375	26.01336669921875	0.0	130.384033203125	4.786377906799316	20.98891830444336	0.0	0.0	0.0	23.302108764648438	0.0	0.0	0.0	85.47530364990234	2.513047933578491	0.0	0.0	57.720252990722656	0.0	0.0	79.95748901367188	88.92789459228516	0.0	0.0	28.691431045532227	27.98590087890625	19.436878204345703	14.397575378417969	3.3440921306610107	0.0	15.728466033935547	34.28218460083008	28.65629005432129	0.0	27.994186401367188	77.26289367675781	0.0	1.222322940826416	0.0	0.0	0.0	0.0	0.0	0.0	0.0	23.181615829467773	0.0	0.0	0.0	26.717670440673828	0.0	0.0	0.0	43.21786117553711	81.18791198730469	112.14054870605469	227.0833282470703	233.74658203125	195.34706115722656	379.1805419921875	380.2631530761719	162.16876220703125	135.91871643066406	242.16513061523438	315.024658203125	184.33468627929688	119.16917419433594	303.3656005859375	382.3445129394531	144.7405242919922	24.404773712158203	0.0	0.0	0.0	0.0	0.0	0.0	0.0	0.0	0.0	0.0	0.0	0.0	0.0	0.0	0.0	72.05167388916016	326.6933898925781	533.4401245117188	344.3752746582031	129.60211181640625	661.2378540039062	581.7448120117188	234.3885498046875	843.939453125	1054.8818359375	811.998291015625	318.2743835449219	813.290771484375	1020.1068115234375	522.2117919921875	136.9617156982422	228.44859313964844	358.12213134765625	446.3717956542969	360.6086120605469	601.9462890625	832.5372924804688	794.40283203125	289.4760437011719	607.8994140625	821.2084350585938	733.7117309570312	378.2601318359375	449.5442199707031	589.0386352539062	480.6143798828125	348.39996337890625	77.26493072509766	74.73790740966797	34.51491165161133	0.0	151.69580078125	229.39309692382812	97.01485443115234	0.0	31.39341926574707	10.95191764831543	62.34030532836914	0.0	41.845481872558594	46.80961227416992	146.976318359375	0.0	143.37637329101562	422.5746154785156	411.9861755371094	255.7478485107422	204.93370056152344	349.7686767578125	242.79881286621094	105.53006744384766	676.31201171875	829.0599365234375	549.163818359375	57.89213562011719	229.01519775390625	221.5646209716797	127.17755126953125	138.2145233154297	0.0	61.6330680847168	156.60702514648438	44.5025520324707	55.50737380981445	0.0	317.4349670410156	208.11849975585938	157.79669189453125	180.50831604003906	397.8610534667969	38.09470748901367	19.784557342529297	416.4698791503906	456.0976257324219	122.27619171142578	363.9268493652344	516.229248046875	408.7926025390625	263.1455383300781	249.7045440673828	228.2357177734375	219.66734313964844	178.11154174804688	0.0	265.85675048828125	213.53297424316406	141.44406127929688	72.64591217041016	378.3730773925781	239.13040161132812	33.05056381225586	0.0	0.0	1.4176909923553467	197.47103881835938	0.0	128.81036376953125	172.32272338867188	199.4700164794922	69.03376007080078	0.0	177.65960693359375	175.44496154785156	272.93975830078125	174.44058227539062	228.37237548828125	146.35787963867188
731.5744018554688	421.41302490234375	559.6561889648438	904.2872924804688	836.2039184570312	368.4306640625	841.30859375	1036.8917236328125	514.739013671875	722.8617553710938	814.6653442382812	870.5347900390625	586.9714965820312	407.5914001464844	0.0	503.4332580566406	355.7867126464844	242.36215209960938	499.83599853515625	359.7076110839844	483.43450927734375	729.7744750976562	872.0462036132812	702.060791015625	727.3816528320312	783.25634765625	620.4581298828125	439.83941650390625	119.0946044921875	150.47360229492188	475.5764465332031	554.807861328125	66.65522766113281	76.66141510009766	107.716796875	129.44195556640625	77.86872863769531	0.0	52.55487823486328	56.70881271362305	115.36160278320312	325.8627014160156	253.7545928955078	153.5823974609375	521.0122680664062	499.22357177734375	281.2227783203125	30.058120727539062	57.29173278808594	86.88360595703125	106.721435546875	0.0	70.31993865966797	66.4938735961914	173.7615966796875	126.3543701171875	297.9705505371094	308.9493408203125	339.9932861328125	79.26708984375	49.323062896728516	17.382837295532227	214.7349090576172	156.43865966796875	0.0	0.0	0.0	40.363521575927734	0.0	0.0	0.0	64.98180389404297	57.23160934448242	44.01039505004883	0.0	20.68463134765625	0.0	18.846452713012695	0.0	90.97025299072266	0.0	30.290075302124023	15.389917373657227	0.0	2.5756757259368896	0.0	81.28302764892578	22.96563148498535	31.63539695739746	61.263484954833984	83.98412322998047	23.521547317504883	14.083925247192383	35.078704833984375	70.63934326171875	42.16472625732422	0.0	0.0	0.0	0.0	0.0	0.0	0.0	0.0	0.0	0.0	0.0	0.0	16.289470672607422	61.42395782470703	0.0	0.0	252.24598693847656	41.39374923706055	79.27836608886719	152.99728393554688	362.02984619140625	355.7249755859375	440.7030944824219	346.65509033203125	353.6207580566406	337.9114074707031	357.4972229003906	236.97821044921875	132.77076721191406	183.24652099609375	256.8298034667969	333.8438415527344	0.0	8.573920249938965	0.0	0.0	0.0	0.0	0.0	0.0	0.0	0.0	0.0	0.0	0.0	0.0	0.0	0.0	48.69853210449219	263.9300231933594	505.1939392089844	294.89154052734375	517.4356079101562	159.02239990234375	269.462646484375	59.36002731323242	649.5415649414062	1210.899169921875	1383.011962890625	678.84521484375	1231.4644775390625	1407.7830810546875	1138.191650390625	423.5047607421875	244.25973510742188	201.41778564453125	270.1631774902344	217.38400268554688	742.613525390625	859.7029418945312	775.4059448242188	431.92022705078125	956.8470458984375	1077.13037109375	969.1463623046875	719.8466186523438	574.7012329101562	815.639892578125	789.7684326171875	737.90283203125	107.40984344482422	0.0	150.48712158203125	139.6886444091797	181.7200469970703	16.42828941345215	91.34210205078125	165.73321533203125	140.6487579345703	0.0	0.0	176.8487548828125	55.04069900512695	0.0	0.0	188.41127014160156	152.75909423828125	229.6835174560547	278.3494873046875	176.37619018554688	343.9971008300781	155.71131896972656	302.3870849609375	296.9853210449219	1044.399169921875	1163.0994873046875	964.993896484375	480.49395751953125	673.9583740234375	469.1052551269531	342.27264404296875	394.05438232421875	50.2165412902832	0.0	362.5992736816406	220.0880584716797	96.07038116455078	0.0	284.7129211425781	226.8737335205078	148.0883331298828	59.78013610839844	319.30255126953125	350.1575012207031	183.18475341796875	193.65931701660156	376.30780029296875	441.3524475097656	297.3677673339844	76.243408203125	260.2358703613281	302.92010498046875	525.1536254882812	522.2568969726562	334.8892517089844	275.2055969238281	389.054931640625	229.8686065673828	66.35494232177734	238.2411346435547	0.0	13.516181945800781	118.78252410888672	293.0928039550781	122.95039367675781	59.26123809814453	0.0	152.15103149414062	0.0	7.477170944213867	54.25274658203125	91.55493927001953	0.0	64.86891174316406	130.75326538085938	79.58545684814453	455.17523193359375	434.45208740234375	281.5299072265625	0.0
478.66192626953125	801.7506713867188	626.0027465820312	47.139137268066406	268.5032958984375	1154.855224609375	512.7030639648438	242.84307861328125	392.5474853515625	477.380859375	170.94467163085938	297.52862548828125	72.98299407958984	108.54914093017578	133.75653076171875	721.1771850585938	542.3548583984375	471.2997741699219	253.1553497314453	57.05683898925781	604.61962890625	443.2665710449219	440.6101379394531	451.37017822265625	217.52928161621094	261.2130126953125	352.0721130371094	466.5512390136719	139.76336669921875	539.7570190429688	865.22705078125	797.5546264648438	242.04190063476562	178.8460693359375	119.20596313476562	7.943879127502441	0.0	171.96249389648438	0.0	28.319923400878906	315.8484191894531	288.421630859375	188.06202697753906	0.0	183.654052734375	225.69732666015625	182.1275177001953	200.11244201660156	271.5968322753906	186.79183959960938	51.833404541015625	2.952174663543701	155.94635009765625	90.17127990722656	29.713483810424805	0.0	176.17564392089844	323.8338928222656	312.7821350097656	188.64364624023438	0.0	81.39535522460938	206.67274475097656	229.29156494140625	0.0	0.0	11.409889221191406	9.615930557250977	0.0	17.940839767456055	25.907346725463867	0.0	18.575725555419922	0.0	0.0	0.0	0.0	0.0	0.0	12.484219551086426	86.43883514404297	86.38008880615234	39.90410232543945	31.37027359008789	70.58417510986328	32.34672546386719	0.0	0.0	0.6367508172988892	84.511962890625	84.16912078857422	84.3304672241211	0.0	13.940349578857422	29.417146682739258	58.55340576171875	0.0	0.0	0.0	0.0	0.0	16.118148803710938	0.0	0.0	0.0	0.0	0.0	0.0	0.0	0.0	0.0	4.069761753082275	190.609619140625	159.18519592285156	71.2298583984375	43.93525695800781	269.7832946777344	424.9454650878906	495.237548828125	360.88702392578125	123.49046325683594	151.78976440429688	235.64044189453125	317.7227783203125	198.75547790527344	401.2274475097656	385.9293518066406	332.4906005859375	0.0	0.0	0.0	26.959028244018555	0.0	0.0	0.0	0.0	0.0	0.0	0.0	0.0	0.0	0.0	0.0	0.0	1100.1246337890625	663.4037475585938	238.42660522460938	67.75405883789062	399.7032470703125	344.9131164550781	253.1916046142578	102.95988464355469	858.4551391601562	1095.1221923828125	1108.1258544921875	879.2247314453125	349.9010925292969	727.1538696289062	872.746337890625	740.7047119140625	676.4750366210938	491.8513488769531	222.5380859375	145.9940948486328	615.3333740234375	812.65869140625	838.4115600585938	498.528076171875	434.1422119140625	632.055419921875	733.5094604492188	637.2290649414062	277.7343444824219	606.7625732421875	993.1292114257812	1021.8201293945312	0.0	24.728561401367188	0.0	0.0	0.0	137.5146942138672	6.3450188636779785	89.79727935791016	0.0	0.0	0.0	90.68878936767578	65.62675476074219	91.19326782226562	35.014835357666016	21.02946662902832	882.5660400390625	507.6663513183594	133.57521057128906	40.700439453125	394.425537109375	329.3743591308594	71.85320281982422	69.62410736083984	657.744140625	846.345703125	808.27001953125	627.9193725585938	30.701801300048828	68.77093505859375	464.0326232910156	636.3016357421875	316.7966003417969	451.63824462890625	45.73850631713867	75.15809631347656	86.17118072509766	145.0231170654297	58.026615142822266	127.72521209716797	164.83531188964844	218.84991455078125	176.91891479492188	156.71482849121094	0.0	0.0	214.35360717773438	472.77679443359375	282.2229309082031	376.3814697265625	97.85497283935547	84.3719253540039	278.51190185546875	219.23281860351562	275.1820983886719	191.34474182128906	0.0	183.5564727783203	200.1468505859375	434.4247131347656	171.3392791748047	341.8932189941406	342.77105712890625	223.43678283691406	158.3263702392578	130.93247985839844	159.5293731689453	43.3220329284668	68.64907836914062	104.61846160888672	91.64987182617188	33.78310012817383	273.6833190917969	148.2154541015625	0.0	0.0	241.09417724609375	229.23751831054688	146.81689453125	88.51638793945312
409.55511474609375	1108.4656982421875	497.0526123046875	553.296875	582.5481567382812	851.1996459960938	567.47314453125	822.6171264648438	189.3458251953125	178.1487579345703	354.79180908203125	716.076416015625	172.3533172607422	314.45245361328125	689.1473999023438	1325.92431640625	651.0004272460938	463.3642578125	470.824462890625	289.8319396972656	272.93353271484375	532.6500854492188	808.1528930664062	550.3291625976562	190.12672424316406	166.87384033203125	578.331298828125	418.06793212890625	406.7410583496094	756.0533447265625	940.965576171875	676.8638916015625	126.44355773925781	276.1827697753906	70.17362213134766	68.47002410888672	120.75454711914062	158.0771026611328	0.0	31.50859832763672	272.1323547363281	400.488037109375	255.49012756347656	205.46864318847656	0.0	25.602184295654297	19.502431869506836	198.51797485351562	207.47105407714844	221.1083526611328	176.13880920410156	27.389341354370117	149.0174102783203	342.34124755859375	303.28253173828125	122.89968872070312	64.64732360839844	253.4016571044922	237.6342010498047	64.2821273803711	196.5399169921875	259.3538513183594	229.09609985351562	90.2540283203125	0.0	0.0	0.0	0.0	0.0	0.0	0.0	43.59307098388672	0.0	16.435771942138672	0.0	90.7630386352539	0.0	0.0	0.0	94.806396484375	0.4980357885360718	24.36842918395996	116.98978424072266	9.129912376403809	27.75196075439453	84.14436340332031	114.40414428710938	0.0	46.89569091796875	0.0	111.36955261230469	15.392457962036133	37.44294357299805	42.786834716796875	40.771339416503906	37.212650299072266	0.0	0.0	0.0	0.0	0.0	0.0	0.0	0.0	0.0	0.0	0.0	0.0	0.0	0.0	0.0	0.17596633732318878	121.09416961669922	334.07366943359375	210.69017028808594	121.5195541381836	239.43670654296875	547.7258911132812	510.23101806640625	374.15234375	146.40640258789062	101.94427490234375	173.24148559570312	123.14750671386719	358.3689880371094	505.93914794921875	438.7503356933594	294.1633605957031	0.0	0.0	0.0	0.0	0.0	0.0	0.0	0.0	0.0	0.0	0.0	0.0	0.0	0.0	0.0	0.0	418.817626953125	1045.81884765625	963.8430786132812	214.019287109375	574.4545288085938	522.808837890625	304.7328186035156	72.71260833740234	823.6465454101562	1139.1927490234375	1242.4998779296875	596.4063110351562	24.719694137573242	245.95352172851562	263.4725646972656	205.6662139892578	598.123046875	728.5761108398438	623.274658203125	221.5109100341797	699.67431640625	1048.153076171875	1091.0736083984375	455.65875244140625	370.62310791015625	677.3735961914062	713.13818359375	419.2544860839844	689.7000122070312	1010.697998046875	916.3260498046875	451.3576354980469	111.05831909179688	98.35608673095703	104.24988555908203	4.892582416534424	179.33212280273438	152.976806640625	122.53630065917969	115.41976165771484	6.710883140563965	2.814140558242798	44.29236602783203	128.0345916748047	137.7151336669922	119.07913970947266	4.685242176055908	39.48320770263672	480.468017578125	745.8692626953125	602.2107543945312	89.43921661376953	613.0520629882812	803.684326171875	653.83251953125	365.790283203125	620.8159790039062	986.5442504882812	886.2657470703125	360.70965576171875	437.25341796875	463.1202697753906	462.1373291015625	390.7782287597656	91.40975952148438	17.011642456054688	340.8897705078125	122.36495971679688	127.64347076416016	0.0	338.0516052246094	158.6975555419922	126.95042419433594	267.4000244140625	608.3092041015625	522.1028442382812	0.0	0.0	302.0506896972656	279.1440124511719	276.55804443359375	236.45700073242188	249.5619354248047	307.6061096191406	0.0	333.5381774902344	316.0653076171875	271.4228210449219	0.0	0.0	286.234130859375	273.08856201171875	224.38064575195312	387.23321533203125	493.99114990234375	200.73939514160156	0.0	228.32672119140625	74.72093963623047	114.7930908203125	100.25765228271484	142.73773193359375	116.93071746826172	100.71769714355469	266.005615234375	324.6432800292969	223.25135803222656	143.28709411621094	53.770660400390625	200.8641357421875	60.14300537109375	183.30775451660156
52.19505310058594	1000.0033569335938	924.6372680664062	526.8656005859375	216.87977600097656	1335.289306640625	713.6554565429688	911.4457397460938	508.5384216308594	1256.5888671875	318.86602783203125	1095.2198486328125	556.1633911132812	973.2321166992188	927.0791625976562	1370.4683837890625	536.7235107421875	615.0481567382812	544.26171875	398.3731994628906	654.9464721679688	530.6809692382812	662.3848266601562	440.5380859375	465.79248046875	287.99749755859375	729.1198120117188	505.0852355957031	306.9013977050781	641.9605102539062	853.210205078125	573.7659301757812	42.5867919921875	231.91217041015625	158.93150329589844	53.40544128417969	3.4253971576690674	396.9174499511719	204.42364501953125	130.50848388671875	131.147216796875	260.3561096191406	37.320587158203125	142.21707153320312	56.86050796508789	27.59163475036621	140.8179473876953	268.7199401855469	152.0763702392578	171.90658569335938	133.8557891845703	76.92093658447266	110.36988067626953	5.446794509887695	46.32197952270508	0.0	112.90194702148438	1.7494871616363525	33.46314239501953	0.0	118.25687408447266	313.600830078125	231.66087341308594	45.967655181884766	0.0	0.0	0.0	0.0	0.0	0.0	0.0	96.17195129394531	0.0	0.0	0.0	84.26445007324219	0.0	80.31157684326172	0.0	52.26262664794922	0.0	0.0	39.51763916015625	0.0	0.0	0.0	35.999267578125	0.0	0.0	0.0	0.0	0.0	77.78223419189453	90.51484680175781	0.0	30.49263572692871	0.0	0.0	0.0	0.0	0.0	0.0	0.0	0.0	0.0	0.0	0.0	0.0	0.0	0.0	0.0	0.0	106.70321655273438	191.974609375	269.1473083496094	270.0475769042969	121.96578979492188	211.12098693847656	217.11460876464844	181.90707397460938	129.08981323242188	221.63670349121094	242.78025817871094	144.90188598632812	231.958984375	405.0499572753906	410.4106140136719	322.98919677734375	0.0	0.0	0.0	0.0	0.0	0.0	0.0	0.0	0.0	0.0	0.0	0.0	0.0	0.0	0.0	0.0	417.0530090332031	693.7661743164062	807.2208862304688	284.3121032714844	208.90280151367188	645.7411499023438	751.3973999023438	255.00184631347656	331.09814453125	400.7547607421875	385.6177978515625	172.1297149658203	391.5453186035156	280.12506103515625	248.41586303710938	350.6232604980469	405.26885986328125	647.5130615234375	648.04931640625	530.3858032226562	360.9731750488281	448.7325439453125	609.8427124023438	412.32073974609375	383.15362548828125	300.5570068359375	534.64453125	242.09625244140625	577.9022216796875	1077.657958984375	1150.5318603515625	576.70849609375	7.187929630279541	80.42330932617188	0.0	70.85224151611328	97.55094909667969	161.21630859375	0.0	144.095703125	160.50123596191406	144.4045867919922	18.809415817260742	128.56216430664062	151.075439453125	198.0398712158203	73.37377166748047	68.29271697998047	343.4957580566406	531.0120239257812	398.429931640625	254.50108337402344	199.0640411376953	327.6290283203125	213.6142120361328	113.13981628417969	226.38941955566406	200.8088836669922	132.1771240234375	69.76184844970703	431.2090148925781	623.0769653320312	671.7468872070312	471.6632995605469	19.726573944091797	282.3819274902344	245.91995239257812	132.54713439941406	199.6274871826172	200.61705017089844	364.58721923828125	391.8749694824219	269.8953857421875	94.7318115234375	330.1666259765625	324.6269836425781	133.868896484375	16.699600219726562	270.46087646484375	129.85340881347656	224.80165100097656	348.5220031738281	256.7056579589844	246.60269165039062	215.0773162841797	130.15594482421875	169.9827117919922	310.9916687011719	115.58760070800781	235.93328857421875	322.67041015625	335.31402587890625	29.013988494873047	448.6910095214844	367.8014831542969	42.85791015625	0.0	93.16342163085938	168.1744842529297	112.86155700683594	0.0	363.8319396972656	274.2633972167969	103.78968811035156	17.21523666381836	255.3377227783203	119.67505645751953	166.1301727294922	9.374995231628418	0.0	24.175697326660156	191.47592163085938
399.6302795410156	493.327880859375	664.020263671875	847.8937377929688	430.6187438964844	406.0414733886719	390.1277770996094	897.2283935546875	51.79227828979492	0.0	1427.194091796875	1244.4569091796875	29.179187774658203	392.73541259765625	1586.03076171875	861.7119750976562	586.5645751953125	782.5477294921875	866.2611083984375	459.80572509765625	175.29116821289062	221.9507293701172	663.1068725585938	396.1829528808594	45.742977142333984	688.6226806640625	822.127685546875	454.8711242675781	72.43540954589844	638.347412109375	502.5594177246094	231.69032287597656	0.0	0.0	33.706966400146484	98.21471405029297	482.8020935058594	470.65289306640625	151.34814453125	201.60267639160156	180.19677734375	94.6031265258789	275.93682861328125	200.85374450683594	0.0	0.0	340.10809326171875	180.1283416748047	363.7815246582031	399.42864990234375	333.9337463378906	93.66087341308594	229.56265258789062	252.71240234375	120.05785369873047	0.0	73.13725280761719	157.29244995117188	154.93826293945312	23.986698150634766	56.16572189331055	120.57190704345703	0.0	0.0	0.0	0.0	0.0	20.45258331298828	0.0	0.0	0.0	94.7473373413086	0.0	0.0	0.0	102.74063873291016	0.0	0.0	31.791410446166992	55.253910064697266	60.956016540527344	66.78556823730469	110.52550506591797	35.77880859375	3.169198989868164	0.0	61.517181396484375	0.0	7.025510787963867	40.933998107910156	0.0	0.0	1.271628975868225	3.9142391681671143	0.0	0.0	0.0	0.0	0.0	0.0	0.0	0.0	0.0	0.0	9.892502784729004	0.0	0.0	42.12528991699219	0.0	0.0	0.0	54.418888092041016	452.6549377441406	467.4515380859375	426.3106689453125	325.2895812988281	130.32611083984375	201.97232055664062	243.82815551757812	127.93742370605469	100.98995971679688	201.94497680664062	259.86199951171875	179.79469299316406	26.025930404663086	184.8140106201172	320.7010498046875	160.3713836669922	0.0	0.0	0.0	0.0	0.0	0.0	0.0	0.0	0.0	24.10564613342285	0.0	0.0	0.0	0.0	0.0	7.538271427154541	84.70329284667969	272.04559326171875	423.5631408691406	262.160400390625	1198.7857666015625	1387.7027587890625	1338.58935546875	557.0196533203125	327.1255187988281	320.5650634765625	220.60496520996094	277.6568298339844	76.52592468261719	177.4241180419922	444.82562255859375	326.33111572265625	824.9503173828125	880.8330688476562	780.704345703125	374.8772888183594	671.2446899414062	841.91845703125	790.4834594726562	399.8565673828125	196.374267578125	393.7568359375	412.5850830078125	331.6382751464844	202.6173858642578	510.1063537597656	472.4571228027344	354.4100646972656	148.86083984375	80.74552917480469	102.3001480102539	0.0	0.0	0.0	123.98078918457031	0.0	10.875073432922363	0.0	63.47434616088867	0.0	3.9074928760528564	156.02906799316406	164.65158081054688	0.0	832.1766967773438	987.0354614257812	861.7091064453125	353.8481140136719	1082.3525390625	1105.232177734375	607.9528198242188	120.89099884033203	6.422524452209473	183.0858917236328	208.7815399169922	133.34222412109375	45.8854866027832	192.4271697998047	246.4946746826172	67.61319732666016	0.0	0.0	0.0	0.0	224.9686737060547	198.66709899902344	619.1010131835938	344.33282470703125	0.0	0.0	346.6384582519531	176.1413116455078	0.0	238.65606689453125	287.9432373046875	35.148338317871094	495.9649658203125	496.32781982421875	385.3916320800781	276.6014099121094	0.0	0.0	363.6897888183594	267.6703186035156	102.79462432861328	414.36956787109375	529.2804565429688	160.04832458496094	106.97039794921875	243.31617736816406	169.50830078125	0.0	0.0	0.0	0.0	133.4425048828125	385.24554443359375	402.1019592285156	133.1175079345703	193.4708251953125	349.9369812011719	239.0818328857422	201.7886962890625	220.72012329101562	0.0	0.0	312.6866149902344	256.07708740234375
82.90179443359375	534.592529296875	536.1378173828125	854.9933471679688	286.6720275878906	251.9820098876953	1150.8973388671875	1329.340087890625	566.5504760742188	943.38623046875	1314.3043212890625	925.4478149414062	617.0293579101562	785.9595947265625	465.98065185546875	983.838623046875	270.5288391113281	197.11355590820312	635.7139282226562	495.61505126953125	249.93264770507812	732.2343139648438	819.796630859375	621.4871215820312	629.105712890625	716.8291625976562	701.7538452148438	755.1499633789062	458.1009216308594	415.7731018066406	916.8751220703125	829.185791015625	284.204833984375	450.7219543457031	212.51417541503906	120.44571685791016	175.07847595214844	217.95008850097656	124.42617797851562	201.15452575683594	0.0	112.4715805053711	216.34738159179688	102.14734649658203	370.9577941894531	228.86846923828125	166.85382080078125	322.095703125	228.8296356201172	217.04782104492188	170.50155639648438	0.0	0.0	151.5186767578125	142.62020874023438	24.5297794342041	225.3409423828125	177.86961364746094	78.99322509765625	15.257131576538086	241.24290466308594	219.27920532226562	316.0751647949219	147.08880615234375	2.62673282623291	0.0	0.0	77.96346282958984	0.0	0.0	0.0	65.40982055664062	0.0	0.0	0.0	0.0	0.0	27.357481002807617	24.807336807250977	64.66012573242188	0.0	0.0	63.316558837890625	0.0	0.0	27.53390121459961	4.005265235900879	0.0	50.231563568115234	44.1309814453125	20.486263275146484	16.055049896240234	26.294300079345703	78.3752212524414	86.47577667236328	72.9736099243164	0.0	0.0	0.0	0.0	0.0	0.0	0.0	0.0	0.0	0.0	0.0	0.0	0.0	0.0	0.0	0.0	56.16774368286133	150.23683166503906	184.8509979248047	130.51980590820312	96.03468322753906	136.5595245361328	262.4473571777344	287.15045166015625	335.9322814941406	383.0773620605469	538.6965942382812	315.820068359375	270.6930847167969	433.5393371582031	472.4691162109375	342.3292541503906	0.0	0.0	0.0	0.0	0.0	0.0	0.0	0.0	0.0	0.0	0.0	0.0	0.0	0.0	0.0	0.0	707.0122680664062	1303.710205078125	1255.7825927734375	480.31060791015625	441.7402038574219	523.5304565429688	223.58831787109375	290.990478515625	64.86646270751953	523.0909423828125	775.6765747070312	521.332763671875	1158.1483154296875	1166.44482421875	770.892333984375	827.1962890625	411.2304992675781	664.3162231445312	700.9387817382812	443.76312255859375	147.09979248046875	385.5065002441406	451.99462890625	370.503173828125	814.6447143554688	883.2940673828125	945.2838134765625	841.615478515625	951.7374877929688	1297.05029296875	1318.0540771484375	1009.0347290039062	0.0	0.0	56.05416488647461	78.4757080078125	76.20148468017578	31.458606719970703	0.0	43.15176773071289	143.0483856201172	0.0	53.39735412597656	76.43675231933594	40.04490661621094	39.101417541503906	0.0	0.0	653.1914672851562	1018.384521484375	735.1759033203125	147.17276000976562	68.95304107666016	134.68072509765625	265.7876892089844	262.21026611328125	486.7735290527344	609.5192260742188	549.2504272460938	186.77206420898438	977.1529541015625	889.4561767578125	1073.24462890625	834.04443359375	67.85662841796875	171.916259765625	601.2369995117188	464.95538330078125	0.0	0.0	424.8270263671875	275.8023376464844	0.0	0.0	77.42459106445312	250.7963409423828	255.76124572753906	203.86827087402344	230.55606079101562	295.38177490234375	0.0	0.0	384.0098571777344	335.5028381347656	333.3642272949219	514.7252807617188	648.0613403320312	177.07908630371094	529.8963623046875	442.7001647949219	286.9140930175781	372.470703125	14.731236457824707	0.0	311.1897888183594	133.7161865234375	184.77513122558594	305.5816955566406	176.27420043945312	140.08248901367188	278.9611511230469	324.6240234375	118.7198715209961	127.57460021972656	0.0	0.0	107.43970489501953	55.30516052246094	68.039794921875	144.4563751220703	0.0	129.12750244140625
30.070676803588867	345.47222900390625	976.2196044921875	290.9056701660156	26.161890029907227	484.4382629394531	1087.6065673828125	165.81556701660156	24.545677185058594	451.9231262207031	1034.9571533203125	204.77659606933594	53.274757385253906	443.4465637207031	1055.26806640625	158.9237060546875	61.685115814208984	520.79248046875	314.1865234375	148.13351440429688	14.0460786819458	497.7223815917969	326.9050598144531	124.57611083984375	14.503788948059082	520.5151977539062	358.6129455566406	134.25840759277344	40.63365936279297	479.2890319824219	334.0688171386719	131.38735961914062	19.139223098754883	5.295147895812988	151.4335479736328	39.43539810180664	22.619121551513672	99.27375793457031	175.28244018554688	26.708053588867188	6.944400310516357	58.064605712890625	148.3567657470703	23.109996795654297	0.0	63.883792877197266	134.89419555664062	16.34854507446289	70.41281127929688	121.706298828125	0.9904084205627441	4.040987491607666	70.16265106201172	99.85062408447266	0.0	0.0	71.30943298339844	96.20818328857422	0.0	0.0	63.32813262939453	95.62740325927734	11.775922775268555	0.0	0.0	0.0	86.59879302978516	6.442971229553223	0.0	0.0	104.33574676513672	24.739717483520508	0.0	0.0	110.99627685546875	9.603672981262207	0.0	0.0	101.59798431396484	17.979745864868164	0.0	0.0	0.0	22.166767120361328	0.0	0.0	0.0	1.9417880773544312	0.0	4.592519760131836	0.0	9.552571296691895	9.41018009185791	0.0	0.0	10.487532615661621	0.0	0.0	0.0	0.0	0.0	0.0	0.0	21.205812454223633	0.0	0.0	0.0	11.752089500427246	0.0	0.0	3.8155014514923096	26.58169174194336	0.0	116.99430847167969	176.52957153320312	58.482906341552734	0.0	142.5363006591797	158.25833129882812	76.27628326416016	0.0	159.23463439941406	172.39085388183594	76.52557373046875	15.883415222167969	191.5139617919922	232.73089599609375	128.80299377441406	0.0	0.0	0.0	34.888755798339844	0.0	0.0	0.0	64.41536712646484	0.0	0.0	0.0	56.14616775512695	0.0	0.0	0.0	50.346588134765625	167.23532104492188	309.8203430175781	222.46510314941406	0.0	168.31939697265625	360.4814147949219	229.66162109375	0.0	155.9959259033203	316.737548828125	165.68896484375	0.0	161.22097778320312	342.5760498046875	204.29039001464844	0.0	229.7587127685547	362.8676452636719	200.39820861816406	188.4010009765625	203.64390563964844	298.5431213378906	173.1895294189453	228.98548889160156	201.47752380371094	310.60699462890625	164.74203491210938	231.3311309814453	261.63720703125	494.6085205078125	392.7140808105469	343.1808166503906	20.103208541870117	168.0137176513672	113.6177749633789	0.0	29.0649356842041	196.35670471191406	131.49571228027344	0.0	28.69034767150879	208.3356170654297	119.56449890136719	0.0	31.398330688476562	192.8871307373047	134.4895477294922	0.0	145.10177612304688	198.06629943847656	164.9690399169922	15.943354606628418	170.35731506347656	159.70542907714844	114.61963653564453	27.972890853881836	173.08364868164062	152.34402465820312	119.96556854248047	34.196510314941406	216.44882202148438	163.27444458007812	154.67080688476562	45.83723449707031	0.0	316.2243957519531	135.00631713867188	17.325605392456055	0.0	314.32012939453125	140.18927001953125	43.215538024902344	0.0	295.3286437988281	118.3524169921875	24.175704956054688	0.0	301.69329833984375	114.93058776855469	31.108314514160156	60.30434799194336	295.6097106933594	287.0445251464844	0.0	1.5911754369735718	170.10491943359375	232.5101318359375	0.0	7.761035919189453	197.19631958007812	240.0264129638672	0.0	5.248370170593262	157.91189575195312	184.77389526367188	0.0	0.0	0.0	185.7074737548828	143.78086853027344	0.0	0.0	177.48707580566406	130.117919921875	0.0	0.0	174.72207641601562	128.6082305908203	0.0	0.0	161.0513916015625	119.65052795410156
128.81219482421875	1131.0313720703125	598.6809692382812	158.88905334472656	366.2552185058594	947.1266479492188	607.6342163085938	389.6473388671875	294.0267639160156	723.3088989257812	942.3758544921875	412.2748107910156	44.414649963378906	564.1463623046875	354.0823059082031	761.505859375	482.0943603515625	305.7380676269531	230.9369354248047	236.75735473632812	304.9349670410156	592.9033813476562	449.7132568359375	420.5787353515625	305.15228271484375	516.6319580078125	585.95263671875	637.2130737304688	189.4212646484375	275.5453186035156	608.6093139648438	562.6976928710938	0.0	208.22520446777344	73.0230712890625	43.10530090332031	84.87677001953125	82.34860229492188	17.33536720275879	50.611026763916016	33.852256774902344	168.84803771972656	173.42166137695312	79.6457290649414	143.12863159179688	137.34286499023438	196.0044708251953	334.2744140625	85.66541290283203	0.0	14.498213768005371	18.960718154907227	79.0697250366211	196.4126434326172	146.72238159179688	159.42315673828125	98.90813446044922	71.02738952636719	17.176820755004883	27.253158569335938	120.20320129394531	182.6306915283203	218.20887756347656	116.53112030029297	0.0	0.0	0.0	14.940367698669434	0.0	0.0	0.0	0.0	0.0	0.0	0.0	0.0	0.0	47.83045959472656	37.02021789550781	56.084388732910156	0.0	0.0	0.0	21.664371490478516	8.137534141540527	9.469792366027832	9.216914176940918	98.50919342041016	74.65350341796875	24.5059757232666	0.0	22.42121696472168	35.79047393798828	42.005489349365234	4.534763813018799	96.73954772949219	0.0	0.0	0.7582026124000549	0.0	0.0	0.0	0.0	0.0	0.0	0.0	0.0	12.110556602478027	0.0	0.0	42.2968635559082	0.0	26.389875411987305	182.1892547607422	199.19728088378906	99.80091094970703	82.57425689697266	251.12892150878906	260.7077331542969	306.3709411621094	122.17633056640625	300.5406494140625	440.46966552734375	305.508056640625	90.34197235107422	288.1461486816406	359.3106689453125	281.4159240722656	0.0	0.0	4.720945358276367	40.533721923828125	0.0	0.0	0.0	0.0	0.0	0.0	0.0	0.0	0.0	0.0	0.0	0.0	145.51931762695312	376.9961853027344	231.28831481933594	76.63845825195312	239.31202697753906	253.80406188964844	144.7397003173828	114.95292663574219	358.7478332519531	390.4703369140625	733.7980346679688	643.983642578125	449.0119934082031	698.5697021484375	664.1859130859375	681.6294555664062	216.83013916015625	191.42893981933594	331.0863342285156	140.78819274902344	285.0081787109375	393.9390869140625	475.4325256347656	408.8433837890625	423.3891296386719	707.6585083007812	900.2379760742188	762.7011108398438	376.4642333984375	762.4036865234375	908.7926635742188	715.3170166015625	63.292396545410156	103.879638671875	3.1250364780426025	0.23531563580036163	85.98292541503906	138.09523010253906	0.0	28.88564682006836	30.446889877319336	231.1987762451172	6.25426721572876	21.368776321411133	0.0	169.01614379882812	34.89954376220703	0.0	139.4127960205078	151.28366088867188	122.44066619873047	56.51298904418945	166.44708251953125	313.0295715332031	435.4494323730469	435.3340148925781	259.41949462890625	386.8348083496094	435.92169189453125	250.90106201171875	427.6648864746094	684.3438720703125	851.8903198242188	557.2018432617188	161.41860961914062	197.1382293701172	63.191097259521484	131.75730895996094	148.70469665527344	0.0	93.52413177490234	0.0	55.84872055053711	150.05796813964844	107.23362731933594	289.4748229980469	9.765905380249023	215.1268310546875	152.7873077392578	46.81250762939453	190.24319458007812	209.7669677734375	253.96884155273438	109.21500396728516	61.79525375366211	392.91290283203125	359.77398681640625	234.17715454101562	78.50312805175781	140.63241577148438	284.037109375	250.87893676757812	0.0	0.0	178.28440856933594	42.04012680053711	0.0	180.9350128173828	154.68362426757812	42.8018798828125	0.0	43.05530548095703	2.447615385055542	24.620088577270508	30.83831024169922	0.0	138.90248107910156	64.66065979003906	105.95597076416016	131.34689331054688	32.77204895019531	136.60496520996094
97.0938949584961	277.42596435546875	1072.0223388671875	907.7125244140625	483.95880126953125	1050.915771484375	1080.9500732421875	438.3166198730469	1321.234619140625	1017.131591796875	0.0	1095.955810546875	1059.40771484375	497.0362243652344	822.6790771484375	1024.0809326171875	295.989990234375	776.4195556640625	745.8654174804688	680.9619140625	695.7365112304688	725.7807006835938	355.853515625	580.6065673828125	486.4411315917969	381.0755310058594	747.5726928710938	628.2928466796875	661.7907104492188	776.5084838867188	753.2197265625	162.74708557128906	0.0	0.0	146.48178100585938	108.60343170166016	31.12686538696289	427.1830749511719	411.2754211425781	132.98092651367188	385.165771484375	457.168701171875	116.3611068725586	311.7229309082031	133.0570526123047	91.48922729492188	339.21942138671875	309.93603515625	55.11115264892578	143.12060546875	259.806396484375	202.49143981933594	130.56663513183594	189.11570739746094	117.36961364746094	68.21337127685547	21.98835563659668	3.4177210330963135	114.28636932373047	88.26313018798828	274.61199951171875	237.21546936035156	133.70240783691406	50.32783126831055	0.0	0.0	0.0	0.0	0.0	0.0	0.0	0.0	0.0	0.0	0.0	0.0	0.0	0.0	24.13457489013672	30.77172088623047	0.0	0.0	0.0	71.61712646484375	0.0	31.95143699645996	46.029518127441406	39.40340042114258	0.0	29.557146072387695	0.0	0.0	28.1064453125	16.054807662963867	52.94753646850586	76.19094848632812	0.0	0.0	0.0	0.0	0.0	0.0	0.0	0.0	0.0	0.0	0.0	0.0	0.0	0.0	0.0	23.518373489379883	126.51769256591797	185.0263214111328	264.3604431152344	333.399658203125	175.41421508789062	189.34283447265625	270.8797607421875	278.9162902832031	146.18643188476562	302.2058410644531	281.02301025390625	232.81430053710938	463.2813415527344	427.366455078125	245.5543975830078	228.5045623779297	6.321455478668213	0.0	0.0	0.0	0.0	0.0	0.0	0.0	0.0	0.0	0.0	0.0	0.0	0.0	0.0	0.0	110.64088439941406	72.96630096435547	485.8594970703125	804.244384765625	79.74313354492188	977.2696533203125	1167.478271484375	1122.2635498046875	836.2025756835938	1044.136962890625	787.5731811523438	406.5008544921875	614.86962890625	250.11172485351562	832.4017944335938	705.5991821289062	292.6070861816406	620.2842407226562	728.952392578125	761.9903564453125	464.27606201171875	669.17333984375	788.4332885742188	840.0254516601562	441.5956726074219	630.8012084960938	652.8277587890625	490.6117248535156	927.4462280273438	875.8455200195312	560.82373046875	456.8762512207031	62.633609771728516	89.2292709350586	1.2050479650497437	0.0	86.11656188964844	0.0	29.355907440185547	8.510729789733887	59.81451416015625	30.549081802368164	52.090999603271484	0.0	119.51935577392578	13.748064041137695	0.0	0.0	22.104494094848633	350.49224853515625	879.1416015625	731.3311767578125	564.3792114257812	781.8602294921875	797.9678955078125	359.06292724609375	556.510498046875	422.8768615722656	270.55767822265625	377.0857849121094	574.7418212890625	838.3814086914062	730.4283447265625	436.4709777832031	0.0	70.53258514404297	80.38947296142578	66.29163360595703	60.8577880859375	121.79876708984375	16.76801300048828	410.72174072265625	93.46017456054688	12.846884727478027	159.2093963623047	233.0758514404297	0.0	57.18255615234375	6.16473913192749	39.317474365234375	433.4296875	549.5128784179688	559.1005249023438	259.1988525390625	457.8064270019531	142.84420776367188	154.38893127441406	396.63592529296875	78.46107482910156	443.6289367675781	469.19158935546875	310.71832275390625	314.6760559082031	391.2579040527344	109.42508697509766	4.422909259796143	0.0	0.0	0.0	10.246915817260742	0.0	303.1282043457031	344.87213134765625	179.2735595703125	373.3730163574219	430.08453369140625	238.21156311035156	263.0183410644531	221.87075805664062	41.596710205078125	244.36497497558594	260.7248229980469
0.0	909.8491821289062	1586.046875	898.05322265625	89.15845489501953	1258.8519287109375	1300.8311767578125	648.3059692382812	377.5318908691406	1093.7135009765625	666.4989013671875	889.8880615234375	581.4135131835938	906.1089477539062	889.1265258789062	666.5887451171875	314.8194580078125	670.0946044921875	559.8507690429688	266.7992858886719	412.64056396484375	477.4928283691406	718.1959228515625	509.0739440917969	515.2337646484375	674.3638916015625	723.7037963867188	343.49798583984375	487.3960266113281	765.9027099609375	612.7305297851562	284.2073669433594	0.0	217.83047485351562	407.1091613769531	228.12811279296875	0.0	233.82943725585938	166.5889434814453	54.81376266479492	0.0	104.16400909423828	211.32369995117188	221.08816528320312	118.79708862304688	216.7528076171875	320.56329345703125	180.47607421875	103.73918151855469	135.1482696533203	14.339210510253906	0.0	89.72076416015625	32.52615737915039	183.1169891357422	63.57986831665039	91.88483428955078	82.25672912597656	157.55923461914062	41.44282913208008	272.9643249511719	251.7382354736328	77.55904388427734	30.587223052978516	0.0	0.0	0.0	74.93929290771484	0.0	0.0	0.0	23.039438247680664	0.0	0.0	0.0	84.4899673461914	0.0	0.0	43.75431823730469	67.08747100830078	0.0	0.0	0.0	0.0	7.221005916595459	13.26884937286377	0.0	0.0	0.0	0.0	0.0	12.668405532836914	16.894676208496094	67.77181243896484	75.07110595703125	68.07487487792969	0.0	0.0	0.0	0.6649258732795715	0.0	0.0	0.0	0.0	0.0	0.0	0.0	26.12882423400879	0.0	0.0	33.441776275634766	42.196434020996094	2.173600196838379	36.27781295776367	281.1787414550781	158.51028442382812	5.560310363769531	240.75656127929688	384.0619201660156	333.00421142578125	267.1883544921875	420.4117431640625	358.00830078125	191.6425018310547	340.0797119140625	444.428955078125	379.1705322265625	215.49510192871094	0.0	0.0	0.0	0.0	0.0	0.0	0.0	0.0	0.0	0.0	0.0	0.0	0.0	0.0	0.0	32.575767517089844	92.35847473144531	444.6360168457031	763.8090209960938	604.8980102539062	173.08416748046875	430.251220703125	453.56304931640625	0.0	231.940185546875	499.84246826171875	514.1675415039062	491.9029541015625	808.1975708007812	923.0128173828125	828.1978759765625	390.9139099121094	131.2388153076172	306.1355895996094	360.7343444824219	405.3810119628906	190.32225036621094	398.8999938964844	631.1122436523438	492.49810791015625	606.326171875	884.4618530273438	860.4078979492188	487.2863464355469	855.31689453125	1087.4608154296875	936.3473510742188	514.4503173828125	0.0	85.82984924316406	3.1326286792755127	0.0	15.341140747070312	173.88858032226562	45.61497116088867	0.0	94.27079772949219	150.04254150390625	0.0	0.0	80.19232940673828	103.99128723144531	0.0	0.0	100.17017364501953	344.7144775390625	509.216552734375	328.0482482910156	199.30044555664062	222.49026489257812	329.2102355957031	309.28277587890625	231.90472412109375	418.8844299316406	472.0595397949219	308.02569580078125	1020.3056640625	1088.008544921875	646.7493896484375	150.7421417236328	0.0	207.35345458984375	245.6667022705078	248.88458251953125	0.0	157.66632080078125	77.95023345947266	100.5010986328125	42.29226303100586	134.04417419433594	327.57086181640625	186.3317108154297	162.47384643554688	119.44062805175781	127.32483673095703	48.710243225097656	202.97039794921875	320.727783203125	134.55426025390625	131.83425903320312	191.51022338867188	277.8926086425781	418.5411071777344	346.20806884765625	216.9939422607422	252.49871826171875	271.4341735839844	0.0	56.763267517089844	81.59768676757812	31.177953720092773	24.752723693847656	0.0	25.471145629882812	301.2108459472656	237.9090118408203	0.0	218.14651489257812	268.22802734375	127.93875885009766	0.0	62.45209503173828	122.36487579345703	194.2916259765625	0.0	20.056283950805664	248.64077758789062	249.39724731445312
11.421056747436523	17.11602210998535	1044.8175048828125	791.9736328125	11.997901916503906	649.7745361328125	1340.8115234375	535.1036376953125	49.69047164916992	1315.3511962890625	1190.061767578125	252.67759704589844	732.187744140625	1184.4197998046875	183.89395141601562	181.76129150390625	15.628968238830566	589.7137451171875	555.35400390625	529.1358642578125	299.3853454589844	570.9817504882812	323.4576721191406	276.3866882324219	580.5986938476562	523.7103271484375	291.3150634765625	271.7130126953125	527.4907836914062	270.38934326171875	45.52590560913086	177.695068359375	0.6513928771018982	0.0	152.92941284179688	117.2886962890625	0.0	129.39585876464844	322.1431579589844	170.0739288330078	0.0	264.3206481933594	183.9721221923828	125.72369384765625	245.31381225585938	270.8663024902344	92.43431091308594	122.73059844970703	18.057758331298828	76.58037567138672	59.16802215576172	112.0851058959961	94.21589660644531	86.54424285888672	0.0	15.64608383178711	100.11866760253906	3.7589213848114014	76.71575164794922	73.25892639160156	76.15560150146484	0.0	0.0	0.0	0.0	0.0	0.0	0.0	0.0	0.0	0.0	0.0	0.0	12.588306427001953	2.1449224948883057	0.0	0.0	27.717817306518555	11.730541229248047	0.0	0.0	0.0	0.0	30.518890380859375	0.0	0.0	13.391359329223633	0.0	0.0	0.0	30.96693992614746	0.0	0.0	45.053558349609375	0.0	17.162094116210938	0.0	0.0	0.0	0.0	0.0	0.0	0.0	11.497017860412598	0.0	0.0	14.639716148376465	14.216939926147461	0.0	0.0	44.983768463134766	0.0	6.125734806060791	89.9260025024414	147.62179565429688	141.5526885986328	42.5540657043457	88.24710083007812	186.83323669433594	278.12908935546875	88.06248474121094	166.2334442138672	149.08998107910156	115.70915985107422	138.78970336914062	199.8696746826172	128.5223846435547	136.33531188964844	3.4705374240875244	39.66672897338867	0.0	0.0	23.365432739257812	12.104142189025879	0.0	0.0	8.192840576171875	0.0	0.0	0.0	0.0	0.0	0.0	0.0	43.25746154785156	78.6510009765625	191.14642333984375	389.6907653808594	97.44166564941406	219.88182067871094	500.8088073730469	601.504638671875	97.52940368652344	307.0255126953125	298.96331787109375	345.3499450683594	359.8963928222656	479.273681640625	277.09942626953125	316.6954345703125	23.803911209106445	226.55039978027344	279.52374267578125	365.1953430175781	182.96043395996094	242.38877868652344	416.5992126464844	547.879150390625	288.4602355957031	268.217041015625	428.8938903808594	444.9439697265625	363.7208557128906	348.3752746582031	331.8314208984375	217.84251403808594	0.0	51.45002365112305	58.373355865478516	0.0	14.516511917114258	53.433319091796875	37.939022064208984	29.15854263305664	61.53998565673828	48.329280853271484	0.0	0.0	73.96548461914062	37.60418701171875	0.0	43.13639450073242	0.0	104.84769439697266	355.3382873535156	385.6998291015625	57.21637725830078	175.14923095703125	248.40782165527344	175.6685028076172	145.1443634033203	206.85498046875	259.2954406738281	248.30709838867188	346.9952392578125	245.02804565429688	136.33746337890625	68.60074615478516	5.8867926597595215	52.29821014404297	199.96583557128906	20.936080932617188	0.0	223.69796752929688	153.11007690429688	131.7439727783203	106.7655029296875	208.36253356933594	0.0	130.3389892578125	168.42373657226562	101.37550354003906	19.31260871887207	89.12287902832031	74.40927124023438	354.7904052734375	418.1658630371094	161.09275817871094	273.0282287597656	307.25274658203125	91.81648254394531	110.34171295166016	320.16766357421875	255.44302368164062	0.0	76.04398345947266	182.153076171875	0.0	0.0	154.70407104492188	0.0	0.0	32.59742736816406	72.0544662475586	0.0	0.0	287.0623474121094	208.73280334472656	0.0	259.33612060546875	267.4646301269531	41.59889221191406	53.45380783081055	267.2765808105469	171.12747192382812	106.25282287597656
426.8434143066406	919.068359375	510.3846435546875	467.3024597167969	771.1549072265625	810.8624877929688	770.046875	536.6576538085938	303.0793762207031	871.4163208007812	837.8743286132812	285.42987060546875	505.70989990234375	703.197998046875	567.8236083984375	675.12646484375	551.036865234375	623.0234985351562	534.2332763671875	613.7799682617188	392.73779296875	641.1694946289062	603.76953125	186.30552673339844	551.6751708984375	374.4768981933594	368.8343505859375	302.7881164550781	224.42518615722656	594.2685546875	726.8883666992188	395.26934814453125	11.774927139282227	86.88858032226562	0.0	134.14364624023438	205.911376953125	171.98190307617188	325.0383605957031	368.39410400390625	105.0985336303711	245.68666076660156	207.3443603515625	75.24370574951172	240.54299926757812	174.2552947998047	76.77030944824219	78.12738800048828	135.5485382080078	170.4619598388672	247.14300537109375	222.38958740234375	29.932828903198242	16.129884719848633	103.16455841064453	24.719141006469727	157.44935607910156	79.8728256225586	100.02544403076172	39.98726272583008	51.81986999511719	236.15220642089844	147.3944549560547	84.81797790527344	0.0	0.0	0.0	0.0	0.0	0.0	0.0	71.6533203125	0.0	0.0	0.0	19.882274627685547	0.0	0.0	12.878434181213379	73.10381317138672	0.0	0.0	120.90582275390625	64.16807556152344	26.326242446899414	0.0	0.0	43.438941955566406	56.410701751708984	10.586372375488281	62.81599807739258	31.613981246948242	21.163665771484375	71.06495666503906	44.52168655395508	37.539642333984375	0.0	0.0	0.0	0.0	0.0	40.038818359375	2.1689560413360596	26.71695899963379	0.0	0.0	0.0	43.399559020996094	0.0	0.0	0.0	0.0	205.02908325195312	255.94100952148438	359.91265869140625	381.6089782714844	195.97738647460938	297.5702209472656	354.56915283203125	169.3549346923828	193.4426727294922	218.1299285888672	340.4953308105469	186.51693725585938	236.7919158935547	423.2167053222656	364.4779968261719	268.6418151855469	0.0	0.0	0.0	0.0	0.0	0.0	0.0	0.0	0.0	0.0	0.0	0.0	0.0	0.0	0.0	0.0	75.53792572021484	702.4746704101562	825.526123046875	432.6385192871094	581.0422973632812	729.0050659179688	704.7885131835938	960.1417846679688	426.3087158203125	674.9215087890625	501.4562683105469	224.6302490234375	520.5609741210938	736.3367919921875	492.6407165527344	206.06785583496094	346.5104064941406	631.3574829101562	845.5159912109375	671.51806640625	576.8905029296875	747.7156372070312	659.658447265625	626.0367431640625	473.8771667480469	757.5025634765625	770.68994140625	356.1844787597656	571.7808837890625	996.8927612304688	941.2200927734375	437.1471862792969	121.80472564697266	0.0	0.0	37.67856216430664	152.81617736816406	66.56814575195312	0.0	0.0	71.10835266113281	78.23428344726562	28.60006332397461	0.0	72.22196960449219	78.73612213134766	57.32762908935547	0.0	522.009521484375	668.2510375976562	592.9622192382812	756.4148559570312	349.15081787109375	324.00482177734375	587.132080078125	588.1466064453125	471.5321960449219	522.247802734375	376.6308288574219	69.79120635986328	405.91387939453125	524.7313232421875	496.029052734375	349.2618713378906	40.913448333740234	3.6129519939422607	232.78921508789062	62.76371765136719	116.74192810058594	130.4571533203125	272.2610168457031	220.3504638671875	136.21359252929688	161.9288330078125	41.74446105957031	74.84137725830078	48.70033645629883	10.882187843322754	284.0809326171875	0.0	440.28619384765625	411.14959716796875	433.2137451171875	347.8083801269531	123.6552963256836	358.35833740234375	22.739604949951172	0.0	162.2887725830078	121.43959045410156	419.3239440917969	301.8334045410156	0.0	324.61688232421875	350.74139404296875	115.06624603271484	0.0	0.0	0.0	0.0	60.32135772705078	190.85972595214844	396.5202941894531	381.44927978515625	79.92993927001953	152.3942413330078	291.3295593261719	301.78070068359375	144.6569366455078	119.72225189208984	20.236541748046875	106.0500259399414
682.0873413085938	1483.6024169921875	1260.6165771484375	271.5264892578125	1232.308837890625	1357.649169921875	750.89794921875	810.60595703125	698.9346923828125	919.2755737304688	1065.983642578125	491.7746887207031	328.6772155761719	411.2535400390625	393.4602966308594	971.5967407226562	737.11328125	670.4912109375	424.49566650390625	476.31927490234375	372.7615051269531	721.3360595703125	805.900146484375	812.1986694335938	606.2467041015625	620.59326171875	802.7922973632812	1007.265380859375	238.42446899414062	568.0494995117188	844.965576171875	681.466796875	140.84388732910156	390.85986328125	338.624267578125	46.1577033996582	327.4810791015625	264.309326171875	0.0	47.01120376586914	81.04216003417969	141.07611083984375	249.9925079345703	96.97029876708984	260.9923400878906	196.36338806152344	352.6791687011719	440.0960388183594	160.1827850341797	58.76138687133789	21.3930606842041	0.0	33.359840393066406	184.7838897705078	270.6694030761719	251.89076232910156	132.7947540283203	144.0116424560547	110.11859893798828	62.110816955566406	218.62106323242188	302.05804443359375	366.4941711425781	304.6029357910156	0.0	0.0	0.0	0.0	0.0	0.0	0.0	0.0	0.0	0.0	0.0	0.0	22.33371353149414	58.83671951293945	55.22846603393555	87.8169937133789	0.0	2.087053060531616	19.824121475219727	0.0	0.0	0.48291218280792236	12.874284744262695	74.44633483886719	69.33809661865234	0.0	0.0	24.27584457397461	60.19049072265625	67.31302642822266	22.898162841796875	77.32984161376953	0.0	0.0	0.0	0.0	0.0	0.0	0.0	0.0	0.0	0.0	0.0	0.0	0.0	4.898589611053467	0.0	0.0	139.57763671875	309.55621337890625	228.26217651367188	237.8199462890625	241.0193328857422	383.34429931640625	386.0099792480469	426.75439453125	292.2012634277344	538.5527954101562	579.8593139648438	468.9974060058594	227.8331756591797	346.1103820800781	377.63885498046875	415.4971923828125	0.0	0.0	0.0	31.28738784790039	0.0	0.0	0.0	0.0	0.0	0.0	0.0	0.0	0.0	0.0	0.0	0.0	333.7077331542969	861.26708984375	732.22900390625	317.7910461425781	706.4201049804688	805.3450317382812	232.28399658203125	422.953369140625	323.37493896484375	625.4551391601562	1176.9561767578125	1092.6783447265625	1085.3460693359375	1089.3541259765625	1211.47900390625	1264.410400390625	435.15997314453125	418.41241455078125	524.4742431640625	366.87310791015625	462.5521545410156	686.560546875	831.1887817382812	632.7322387695312	851.5523681640625	1176.0811767578125	1321.6112060546875	1142.21484375	856.6639404296875	1163.7391357421875	1165.523193359375	912.85791015625	79.32946014404297	0.0	0.0	9.602752685546875	147.60047912597656	47.802955627441406	0.0	71.7110366821289	192.5780792236328	133.6030731201172	78.9972915649414	53.567047119140625	50.026668548583984	86.23471069335938	5.480752468109131	0.0	499.6592712402344	459.925048828125	391.3647766113281	66.3874740600586	395.9792175292969	394.46337890625	857.26904296875	732.2801513671875	493.3746337890625	698.9818725585938	789.8770751953125	370.6563720703125	839.6339111328125	1143.209716796875	1192.3477783203125	908.9681396484375	108.52793884277344	245.07553100585938	118.77412414550781	227.39892578125	151.826171875	14.577372550964355	76.41172790527344	17.054405212402344	7.902220249176025	28.78230857849121	96.20307922363281	422.291748046875	267.7696838378906	314.5691833496094	213.1254425048828	188.29074096679688	420.8134765625	172.6422576904297	464.7712097167969	394.6599426269531	134.5540313720703	383.3161315917969	606.3706665039062	338.2234191894531	238.10928344726562	273.1260681152344	225.5197296142578	270.1663818359375	0.0	43.58741760253906	170.45574951171875	7.781998157501221	0.0	289.8575744628906	196.3129425048828	74.59601593017578	224.69186401367188	283.8443298339844	32.57921600341797	0.0	77.64328002929688	109.20893859863281	242.69400024414062	149.5237579345703	159.58758544921875	0.0	24.447525024414062	280.42138671875
47.75908660888672	1077.376220703125	664.0949096679688	720.1348266601562	379.7742614746094	867.0427856445312	1151.4490966796875	1006.926025390625	143.8360137939453	790.4351806640625	1205.487548828125	189.32528686523438	48.334739685058594	1049.4600830078125	1087.1634521484375	72.14323425292969	567.1634521484375	659.8579711914062	732.3245849609375	432.8184509277344	290.33624267578125	685.26806640625	759.6030883789062	372.46405029296875	313.0605163574219	595.4448852539062	337.2310791015625	149.91038513183594	445.92840576171875	618.080078125	401.1858215332031	123.9780044555664	0.0	129.32931518554688	19.20126724243164	138.72915649414062	163.36737060546875	265.2483825683594	345.9241638183594	291.33233642578125	134.57057189941406	226.15553283691406	406.2890625	95.66036987304688	0.0	98.07707977294922	107.2486343383789	4.81611442565918	188.07814025878906	160.30967712402344	287.9661865234375	114.64250183105469	89.53318786621094	152.4755096435547	85.65924835205078	39.268863677978516	61.028724670410156	52.279335021972656	0.0	20.269479751586914	123.86290740966797	84.7873306274414	26.771711349487305	0.0	0.0	0.0	0.0	0.0	0.0	0.0	51.522579193115234	100.02881622314453	0.0	0.0	31.44763946533203	0.0	0.0	0.0	70.37394714355469	0.0	23.206253051757812	0.0	102.95377349853516	47.173431396484375	0.18391002714633942	83.12163543701172	0.0	68.22039794921875	17.792984008789062	56.007041931152344	21.99279022216797	27.159379959106445	8.904489517211914	0.0	0.0	8.437066078186035	0.0	0.0	0.0	0.0	0.0	0.0	0.0	26.795576095581055	0.0	0.0	0.0	55.234893798828125	0.0	0.0	60.43205642700195	0.0	199.66183471679688	232.04537963867188	302.510986328125	303.9714050292969	112.73907470703125	343.8585205078125	259.4181823730469	183.1207733154297	100.53526306152344	182.2617645263672	179.87545776367188	136.93942260742188	96.4058609008789	283.8614501953125	211.87112426757812	107.65583038330078	0.0	0.0	0.0	0.0	0.0	0.0	0.0	0.0	0.0	0.0	0.0	48.395469665527344	0.0	0.0	0.0	26.945602416992188	85.22723388671875	776.3729858398438	951.3751831054688	465.1741943359375	661.4086303710938	881.7214965820312	683.472412109375	492.68096923828125	641.9085083007812	656.3468017578125	701.6734619140625	335.8138732910156	185.14759826660156	148.93006896972656	140.97303771972656	18.239904403686523	406.6778869628906	641.3746948242188	882.4990234375	553.262451171875	585.8304443359375	949.5379638671875	882.6527709960938	446.19451904296875	356.0211181640625	443.9716796875	458.7314453125	330.2787170410156	457.0625	570.544189453125	345.00640869140625	275.0301818847656	97.3115005493164	39.93113708496094	0.0	15.144083023071289	39.65150451660156	160.50115966796875	0.0	0.0	0.0	212.8533477783203	0.0	0.0	0.0	180.27003479003906	0.0	0.0	438.8861389160156	753.5176391601562	647.406005859375	410.8116455078125	387.0466003417969	487.68994140625	476.3971252441406	286.8401794433594	255.72789001464844	452.0746765136719	268.260498046875	60.34502410888672	137.85618591308594	236.00901794433594	135.51165771484375	72.5513687133789	0.0	0.0	326.4478454589844	230.93280029296875	105.90632629394531	49.0500373840332	431.2876281738281	271.1657409667969	17.427474975585938	379.5926818847656	179.14105224609375	77.55241394042969	0.0	224.29049682617188	53.82951736450195	19.853782653808594	403.4505920410156	458.0159606933594	458.9331970214844	384.4737243652344	0.0	350.197998046875	237.7425537109375	0.0	123.41510772705078	228.21417236328125	171.29100036621094	0.0	211.81826782226562	295.94512939453125	263.1028747558594	0.0	0.0	0.0	0.0	169.4224853515625	146.03524780273438	161.49864196777344	322.3545227050781	267.00360107421875	143.22972106933594	145.0751190185547	437.7105712890625	257.21929931640625	0.0	108.9376449584961	177.9936065673828	93.00556182861328
481.6490173339844	598.0929565429688	242.20423889160156	823.6611938476562	165.77200317382812	773.1596069335938	839.0941162109375	1007.5922241210938	385.1847229003906	627.3458862304688	248.7287139892578	767.099609375	439.8376159667969	312.2425537109375	588.3325805664062	1072.445068359375	187.8401641845703	630.046875	926.6871337890625	580.5299072265625	505.5995788574219	766.4571533203125	747.5432739257812	372.4386901855469	151.2721405029297	204.80154418945312	628.2310180664062	478.286376953125	366.2788391113281	692.7980346679688	842.059326171875	582.562255859375	297.6835632324219	320.24871826171875	104.43480682373047	139.92352294921875	0.0	244.8189697265625	303.5672607421875	178.46014404296875	259.4146728515625	504.07147216796875	370.66217041015625	135.45111083984375	0.0	0.0	62.848445892333984	209.4593505859375	109.61399841308594	36.446964263916016	42.58230209350586	32.924171447753906	253.44515991210938	314.28143310546875	314.7048645019531	133.41827392578125	20.581653594970703	0.0	83.6219482421875	6.696207046508789	310.3839111328125	350.0825500488281	252.45062255859375	109.33666229248047	0.0	0.0	0.0	44.95505905151367	0.0	0.0	0.0	69.33180236816406	0.0	0.0	0.0	73.9018325805664	0.0	0.0	0.0	69.6412582397461	0.0	0.0	41.582767486572266	18.373126983642578	53.70882797241211	0.0	100.77513122558594	72.82051849365234	0.0	17.96092414855957	32.15650939941406	0.0	123.73434448242188	88.03329467773438	50.293365478515625	44.06610870361328	0.0	0.0	0.0	0.0	0.0	0.0	0.0	0.0	0.0	0.0	0.0	14.488091468811035	0.0	0.0	0.0	0.0	239.30979919433594	496.86614990234375	452.9614562988281	332.9198913574219	204.36380004882812	355.0148620605469	403.519287109375	322.28558349609375	184.9407196044922	154.0673065185547	224.29159545898438	151.6712646484375	489.0870361328125	537.9170532226562	428.63433837890625	253.59390258789062	0.0	0.0	0.0	0.0	0.0	0.0	0.0	0.0	0.0	0.0	0.0	0.0	0.0	0.0	0.0	0.0	946.77734375	1336.6734619140625	1225.3970947265625	395.5718688964844	237.87620544433594	837.171142578125	1143.10791015625	587.1336669921875	692.5936889648438	1321.9224853515625	1288.763671875	410.4879455566406	313.2858581542969	0.0	127.9916763305664	262.0238952636719	576.2263793945312	980.1200561523438	999.0375366210938	477.2521667480469	482.96954345703125	793.2448120117188	742.06884765625	510.7767639160156	320.3447570800781	575.804443359375	626.2507934570312	384.73919677734375	770.5045776367188	926.458984375	834.203125	456.8955993652344	44.55647277832031	124.5328369140625	9.352144241333008	67.78385162353516	8.390674591064453	14.291707038879395	0.0	91.62657165527344	104.82634735107422	49.277278900146484	0.0	82.27909088134766	141.4520263671875	103.27519989013672	59.048828125	59.47896194458008	689.0478515625	656.211181640625	330.9111633300781	220.6131591796875	591.5487060546875	1069.0826416015625	854.4776000976562	418.95404052734375	494.5361022949219	533.1622314453125	264.6494445800781	72.6463623046875	730.7772216796875	660.496826171875	713.0510864257812	485.3116760253906	86.66104125976562	67.546875	381.42645263671875	251.73056030273438	1.126598834991455	154.1483917236328	156.21902465820312	164.11839294433594	127.46697235107422	266.14923095703125	432.27978515625	439.4764404296875	0.0	0.0	160.50930786132812	126.52686309814453	0.0	435.11468505859375	414.9193115234375	180.79934692382812	269.2044677734375	416.8274841308594	241.22604370117188	210.91812133789062	59.90962600708008	89.6189193725586	489.81524658203125	355.2399597167969	239.68450927734375	423.5339660644531	471.1556091308594	89.13490295410156	246.44232177734375	186.60731506347656	146.6421356201172	182.58474731445312	81.7105484008789	0.0	139.3265838623047	122.57909393310547	318.4542236328125	449.9571533203125	350.4061279296875	76.00740051269531	47.472633361816406	51.22327423095703	0.0	134.901123046875
10.940452575683594	452.36639404296875	1321.6353759765625	683.8425903320312	0.0	1401.7838134765625	1368.24609375	284.31298828125	354.5377502441406	1220.478271484375	773.3412475585938	1008.8685302734375	357.8487854003906	708.1328125	985.87109375	667.6693115234375	222.0884552001953	580.5606689453125	419.1835632324219	152.55552673339844	482.22576904296875	508.5114440917969	477.163330078125	297.913818359375	472.23699951171875	875.5170288085938	889.7609252929688	485.26885986328125	501.85302734375	604.7763061523438	462.5999755859375	76.73033142089844	0.0	60.78434371948242	294.896484375	129.26165771484375	0.0	258.58978271484375	243.29600524902344	64.56886291503906	0.0	108.64883422851562	0.0	116.55338287353516	201.27928161621094	480.7989501953125	479.806640625	160.1632080078125	67.23400115966797	108.33712768554688	0.0	0.285925030708313	95.9819564819336	51.461219787597656	0.0	0.0	66.8666763305664	152.55471801757812	250.2947998046875	90.19609832763672	241.2713165283203	309.3070983886719	177.92431640625	35.26328659057617	0.0	0.0	32.00149154663086	26.824939727783203	0.0	0.0	0.0	8.683526039123535	0.0	0.0	0.0	2.846334218978882	0.7543966174125671	0.0	77.62052154541016	82.04593658447266	0.0	0.0	3.78910231590271	19.736608505249023	0.0	0.0	5.573361873626709	0.0	15.907482147216797	22.635610580444336	0.0	33.927059173583984	23.712831497192383	58.166481018066406	69.71089935302734	54.19110870361328	0.0	0.0	0.0	47.04047775268555	0.0	0.0	0.0	31.548059463500977	0.0	0.0	0.0	0.0	0.0	0.0	10.963927268981934	45.96023941040039	35.3891716003418	54.891326904296875	174.84068298339844	146.37493896484375	21.555910110473633	185.61302185058594	244.68064880371094	111.11368560791016	254.455810546875	456.037353515625	394.705078125	312.77203369140625	219.87490844726562	280.9999084472656	270.2389221191406	154.56427001953125	0.0	30.544551849365234	0.0	0.347888708114624	13.756614685058594	0.0	0.0	0.0	0.0	0.0	0.0	0.0	0.0	0.0	0.0	0.0	91.49678039550781	189.70758056640625	353.0130615234375	293.3414001464844	114.39964294433594	458.7052307128906	435.9421691894531	203.9398651123047	107.40167999267578	255.95660400390625	23.364013671875	128.4008331298828	863.8521728515625	1364.9017333984375	1350.1173095703125	674.645751953125	156.03140258789062	254.1249542236328	236.15255737304688	316.4544982910156	157.74974060058594	200.11196899414062	305.2969055175781	295.1705017089844	610.9508056640625	943.9765014648438	946.151611328125	494.5801086425781	715.6256103515625	1009.2931518554688	1004.8626098632812	559.7671508789062	0.0	47.635337829589844	52.867469787597656	0.0	14.8665189743042	84.77631378173828	0.0	0.0	123.36803436279297	199.42735290527344	11.288230895996094	0.0	35.98939895629883	25.9930419921875	0.0	0.0	46.64748001098633	195.13491821289062	175.1848602294922	101.22669982910156	122.65892791748047	185.60707092285156	139.64642333984375	70.84393310546875	96.85356903076172	327.803466796875	568.0797729492188	441.5211181640625	932.0006103515625	1078.9208984375	960.8684692382812	395.1277160644531	0.0	261.26739501953125	227.9466094970703	76.16671752929688	0.0	169.091796875	39.66855239868164	179.13319396972656	17.485673904418945	26.515676498413086	97.13355255126953	35.0638427734375	180.9284210205078	204.8477325439453	246.11122131347656	193.31568908691406	220.3622283935547	324.49151611328125	137.28207397460938	53.62212371826172	238.83926391601562	217.10935974121094	359.51019287109375	273.13616943359375	198.4602508544922	446.5804748535156	522.2870483398438	154.57298278808594	40.203346252441406	38.25949478149414	0.0	1.7306917905807495	0.0	0.0	256.67559814453125	205.79342651367188	0.0	194.54351806640625	251.1746826171875	133.99298095703125	0.0	60.83183288574219	0.0	124.78076934814453	16.82094383239746	171.5792236328125	293.71630859375	169.18942260742188
455.8471374511719	1251.355712890625	515.388671875	1187.4776611328125	874.4020385742188	1381.823974609375	734.1287841796875	1199.2530517578125	808.2698974609375	694.9880981445312	671.8333129882812	1069.9227294921875	191.46197509765625	0.0	866.1429443359375	1067.4886474609375	601.60498046875	332.16534423828125	649.6950073242188	289.46783447265625	593.3001708984375	570.349609375	773.9949951171875	437.4388427734375	346.6154479980469	173.24456787109375	492.8070068359375	311.0564270019531	51.70309829711914	457.4150695800781	728.8932495117188	438.05792236328125	5.516133785247803	153.3491668701172	64.60220336914062	187.91018676757812	35.363792419433594	96.39353942871094	79.66989135742188	164.55809020996094	514.3073120117188	448.8395690917969	243.2466583251953	237.53858947753906	272.2554016113281	158.8016815185547	128.59848022460938	149.4476776123047	117.55217742919922	38.90293884277344	73.8259048461914	0.0	146.9300079345703	230.9093780517578	134.4416961669922	1.417454719543457	281.65216064453125	340.60699462890625	239.7040252685547	32.177127838134766	43.72875213623047	203.03265380859375	167.0624542236328	22.76549530029297	0.0	0.0	0.0	47.20124053955078	0.0	9.440956115722656	0.0	103.83383178710938	9.650599479675293	21.460737228393555	0.0	92.79815673828125	0.0	0.0	0.0	98.70822143554688	0.0	0.0	33.95313262939453	0.0	0.0	50.42610549926758	28.860563278198242	0.0	6.381432056427002	16.92937469482422	107.00680541992188	7.266497611999512	26.051965713500977	22.417085647583008	0.0	0.0	0.0	0.0	0.0	0.0	0.0	0.0	0.0	0.0	0.0	0.0	0.0	0.0	27.720863342285156	0.0	0.0	39.223697662353516	31.69475555419922	113.76541900634766	101.89461517333984	138.4560089111328	424.87200927734375	367.7998962402344	410.200927734375	260.2936706542969	147.5859832763672	124.9963150024414	189.30657958984375	135.86679077148438	146.88575744628906	261.00885009765625	347.93585205078125	276.2489929199219	23.487001419067383	0.0	0.0	0.0	0.0	0.0	0.0	0.0	0.0	0.0	0.0	0.0	0.0	0.0	0.0	0.0	153.0709228515625	310.4338684082031	339.9668884277344	265.2210388183594	210.43133544921875	237.45196533203125	264.00152587890625	169.0523681640625	1282.0382080078125	1385.2698974609375	1158.6846923828125	473.13323974609375	583.3045654296875	521.1651000976562	381.11474609375	202.836669921875	172.26559448242188	187.90432739257812	414.0469665527344	184.12533569335938	830.6962280273438	1018.4237060546875	1031.7708740234375	284.00067138671875	570.0775146484375	818.4141235351562	799.132080078125	269.20159912109375	300.3258972167969	618.10498046875	627.0507202148438	425.34735107421875	75.82235717773438	82.17033386230469	150.2760772705078	101.65071868896484	235.1288604736328	153.54562377929688	179.1426239013672	105.67655944824219	0.5320575833320618	0.0	119.48538208007812	17.785715103149414	35.100379943847656	0.0	177.71234130859375	0.0	152.51211547851562	198.11927795410156	198.30857849121094	173.16221618652344	407.38128662109375	550.736083984375	448.0074768066406	150.3278045654297	1059.6695556640625	1114.1053466796875	793.7210693359375	219.9418487548828	33.39201354980469	204.18307495117188	240.90943908691406	164.07369995117188	270.0842590332031	57.3625373840332	351.2352294921875	173.76559448242188	151.59817504882812	0.0	391.3250427246094	128.7490234375	177.16690063476562	208.7196502685547	552.9575805664062	221.76129150390625	0.0	0.0	404.21856689453125	164.7396240234375	382.57958984375	341.1138000488281	162.53988647460938	238.89324951171875	250.1970977783203	206.03713989257812	185.37155151367188	241.03770446777344	0.0	59.20607376098633	210.81480407714844	240.54022216796875	57.11115264892578	240.4274139404297	318.4186706542969	221.82730102539062	0.0	110.72492218017578	0.0	212.07876586914062	0.0	27.087055206298828	55.049888610839844	184.09884643554688	286.80218505859375	284.9058532714844	59.03981018066406	170.6769256591797	421.79119873046875	320.96868896484375	72.59085845947266	165.91770935058594
1027.9547119140625	521.8134155273438	126.21102142333984	858.192626953125	1123.7838134765625	230.25735473632812	240.5654296875	1047.3115234375	862.3683471679688	678.653564453125	758.1807861328125	918.3907470703125	254.81553649902344	519.6611328125	291.9496765136719	622.0142822265625	369.9079895019531	144.59304809570312	450.90673828125	335.7703552246094	279.7446594238281	402.7358093261719	845.2955932617188	659.3130493164062	605.3085327148438	847.5101318359375	711.3306274414062	559.44091796875	188.6080322265625	53.293418884277344	335.909423828125	469.9366149902344	196.96408081054688	97.201171875	42.31365203857422	120.14026641845703	201.96018981933594	31.86818504333496	11.775311470031738	120.00067901611328	0.0	128.2463836669922	266.9793701171875	145.68643188476562	397.4127502441406	477.6175231933594	360.16339111328125	122.5431137084961	35.03705596923828	51.76156234741211	97.32820892333984	33.55443572998047	0.0	0.0	73.11260986328125	41.47845458984375	347.0976867675781	298.8633728027344	260.14141845703125	151.8324737548828	159.7527313232422	41.32377243041992	121.00146484375	152.1160125732422	62.45075988769531	19.809602737426758	0.0	0.0	27.273984909057617	0.0	0.0	3.444892644882202	45.366233825683594	0.0	0.0	9.512163162231445	0.0	0.0	0.0	0.0	0.0	38.1453742980957	0.0	0.0	0.0	0.0	0.0	0.0	69.09916687011719	20.576356887817383	65.21759033203125	99.09925079345703	25.479108810424805	13.935785293579102	47.20717239379883	37.16207504272461	0.0	0.0	0.0	0.0	0.0	12.021980285644531	0.0	0.0	0.0	0.0	0.0	0.0	72.72272491455078	41.67375183105469	35.77595138549805	25.792905807495117	173.77879333496094	57.73257827758789	46.18714141845703	117.56686401367188	226.25625610351562	287.4441833496094	289.9592590332031	299.5354919433594	459.8314514160156	468.68756103515625	319.89599609375	294.0989990234375	107.21949005126953	114.8583984375	186.34033203125	201.3522186279297	0.0	0.0	0.0	0.0	0.0	39.862213134765625	0.0	0.0	0.0	0.0	0.0	0.0	0.0	0.0	0.0	0.0	317.3804016113281	154.3318634033203	341.1495361328125	257.5274658203125	272.845947265625	136.94369506835938	372.2455749511719	141.28060913085938	237.45394897460938	502.4664001464844	1165.65771484375	820.4085693359375	1058.126220703125	1349.14990234375	1308.4119873046875	583.71533203125	224.16845703125	254.522216796875	272.02191162109375	215.563232421875	233.52606201171875	588.0377807617188	635.7665405273438	428.5892028808594	839.4465942382812	972.9945678710938	716.7472534179688	570.6663208007812	604.7852172851562	738.1815795898438	760.3643798828125	584.693603515625	126.64511108398438	0.0	0.0	196.5179901123047	127.74048614501953	103.62205505371094	45.37353515625	191.88143920898438	183.63006591796875	0.0	0.0	116.40888214111328	64.45991516113281	0.0	0.0	165.23118591308594	248.7161407470703	109.28718566894531	159.20281982421875	228.52069091796875	126.85367584228516	113.6451416015625	123.35643768310547	130.49850463867188	797.7597045898438	1131.331787109375	1094.449462890625	510.3952941894531	982.8883056640625	828.4461059570312	311.99725341796875	164.80252075195312	172.95680236816406	25.056385040283203	187.7904510498047	270.03558349609375	104.43091583251953	0.0	195.93869018554688	296.5450744628906	37.636383056640625	0.0	0.0	245.28089904785156	267.1919250488281	221.00234985351562	225.67982482910156	429.4143371582031	270.803466796875	0.0	179.1470184326172	234.946044921875	353.31219482421875	355.4889221191406	336.9693908691406	261.8033447265625	445.3512878417969	389.5585021972656	95.07679748535156	164.71176147460938	0.0	0.0	145.44375610351562	146.59100341796875	238.120849609375	174.3360595703125	0.0	116.81790924072266	194.20150756835938	99.53517150878906	0.0	88.63108825683594	0.0	0.0	85.86615753173828	21.89227294921875	434.610107421875	454.5418395996094	351.6075134277344	68.65803527832031
46.148963928222656	1199.3382568359375	1016.7481079101562	533.04150390625	102.51148986816406	1204.205322265625	676.8501586914062	345.25982666015625	438.40936279296875	922.5939331054688	199.36029052734375	485.8770751953125	322.8408203125	385.4068298339844	88.50642395019531	1182.128662109375	468.8777770996094	586.676513671875	303.2393493652344	191.86337280273438	621.7640380859375	626.2398681640625	619.171142578125	486.91143798828125	357.4559631347656	230.82894897460938	394.95001220703125	474.2388916015625	348.1230773925781	465.958984375	828.5736083984375	779.865478515625	31.430978775024414	413.10302734375	416.96746826171875	189.0289764404297	0.0	116.65715026855469	34.01572799682617	23.75309181213379	425.51080322265625	521.0154418945312	282.8387145996094	90.41664123535156	186.193115234375	162.64488220214844	2.775984048843384	180.6881561279297	164.32571411132812	182.35475158691406	121.06649017333984	58.3298225402832	178.0445556640625	178.68896484375	270.6093444824219	112.34852600097656	229.54583740234375	224.5684356689453	232.0611572265625	135.69491577148438	66.86660766601562	161.28424072265625	209.07858276367188	117.79894256591797	0.0	0.0	0.0	46.56968688964844	0.0	0.0	0.0	29.293102264404297	1.630663514137268	37.12041091918945	11.9239501953125	0.0	0.0	0.0	0.0	65.40062713623047	0.0	0.0	39.126102447509766	59.62687301635742	19.399991989135742	46.554500579833984	38.89795684814453	8.952903747558594	0.0	12.515939712524414	67.91529846191406	78.75532531738281	0.0	32.43918228149414	3.1342904567718506	28.2737979888916	0.0	0.0	0.0	7.225035667419434	0.0	0.0	0.0	0.0	0.0	0.0	0.0	0.0	0.0	19.76860809326172	0.0	0.0	35.632476806640625	230.03561401367188	197.51382446289062	63.97312927246094	245.27296447753906	413.7491455078125	538.9584350585938	406.60711669921875	109.67967224121094	113.90892791748047	157.16610717773438	147.81703186035156	345.9159851074219	399.64154052734375	361.8448181152344	295.5162048339844	0.0	0.0	0.0	0.0	0.0	0.0	0.0	0.0	0.0	0.0	0.0	0.0	0.0	0.0	0.0	0.0	376.86492919921875	885.177001953125	1098.0479736328125	725.845703125	226.52880859375	248.93894958496094	137.83811950683594	37.1473388671875	1051.4576416015625	1239.5072021484375	1123.9263916015625	675.4663696289062	455.84307861328125	489.7576904296875	332.9859619140625	154.5183868408203	327.9416809082031	473.0263977050781	556.04443359375	455.68829345703125	641.5647583007812	724.2149047851562	834.2932739257812	571.3775634765625	420.8926086425781	629.0748291015625	752.328369140625	515.2446899414062	486.4518127441406	664.7656860351562	787.536376953125	588.2826538085938	19.098377227783203	152.5307159423828	0.0	0.0	128.325927734375	256.0306701660156	0.0	49.01301193237305	24.674997329711914	0.0	0.0	84.94181823730469	126.8388900756836	25.356630325317383	0.0	71.12798309326172	282.5167541503906	825.4481201171875	821.1868286132812	410.696044921875	308.4764709472656	573.0919799804688	599.2329711914062	320.21710205078125	818.6195678710938	956.12060546875	864.60302734375	482.3633728027344	148.95175170898438	157.96080017089844	308.0013732910156	402.9457092285156	29.050634384155273	242.00491333007812	275.4481201171875	297.72430419921875	142.845703125	123.46160125732422	0.0	96.2201156616211	232.87100219726562	259.6932067871094	437.47833251953125	524.1197509765625	0.0	0.0	116.29199981689453	388.44464111328125	156.324951171875	197.161376953125	57.439971923828125	112.72166442871094	218.6572723388672	205.3349151611328	258.35223388671875	280.0903015136719	0.0	0.0	185.72271728515625	338.8409118652344	204.32090759277344	281.5262451171875	458.4134826660156	318.2748107910156	0.0	234.16065979003906	445.2715759277344	198.87933349609375	0.0	236.67355346679688	292.0914001464844	96.57865142822266	269.8453063964844	364.16253662109375	257.189697265625	2.6536402702331543	290.99053955078125	334.9538879394531	102.84486389160156	128.8502960205078
18.752769470214844	333.8902282714844	1281.539306640625	732.856689453125	24.166940689086914	529.0562744140625	1171.5067138671875	420.25689697265625	21.915918350219727	658.4448852539062	1186.8170166015625	284.0699768066406	46.7546501159668	636.316162109375	1087.971435546875	229.2466278076172	37.43394470214844	636.93701171875	550.5609741210938	252.8560028076172	39.02330780029297	558.7512817382812	434.3553161621094	234.80117797851562	66.41069030761719	544.1409301757812	364.69879150390625	180.51132202148438	220.3634796142578	572.6260375976562	480.0481872558594	221.69149780273438	0.0	0.0	184.98849487304688	87.3255386352539	18.414173126220703	55.85633087158203	210.57545471191406	23.82720375061035	14.361628532409668	87.8545913696289	228.1202850341797	34.02824783325195	0.0	35.68759536743164	162.5542449951172	7.587136268615723	66.90924835205078	128.94252014160156	49.45846939086914	0.0	77.70664978027344	103.23439025878906	0.0	0.0	75.20988464355469	94.81409454345703	0.0	0.0	155.07357788085938	208.61602783203125	91.62678527832031	0.0	0.0	0.0	10.309999465942383	68.2622299194336	0.0	0.0	62.92393112182617	66.52434539794922	0.0	0.0	95.14020538330078	55.65608215332031	0.0	0.0	88.13662719726562	36.475868225097656	0.0	0.0	0.0	0.0	0.0	0.0	0.0	0.0	0.0	0.0	0.0	1.245598316192627	19.336389541625977	0.0	0.0	19.85601234436035	0.0	0.0	0.0	0.0	0.0	0.0	0.0	42.269874572753906	0.0	0.0	0.0	33.904571533203125	0.0	0.0	18.817977905273438	26.640769958496094	0.0	102.62793731689453	167.59915161132812	102.06246948242188	0.0	165.57955932617188	180.10006713867188	110.75389099121094	0.0	176.3661346435547	209.3946990966797	98.4847640991211	58.010684967041016	298.0127868652344	316.6461486816406	181.67010498046875	0.0	0.0	0.0	0.0	0.0	0.0	0.0	35.49384307861328	0.0	0.0	0.0	42.669952392578125	0.0	0.0	0.0	26.99156951904297	83.3914794921875	234.27658081054688	310.2741394042969	134.61944580078125	158.67861938476562	366.24981689453125	331.52911376953125	50.374717712402344	163.9702911376953	324.4596252441406	289.9545593261719	55.512123107910156	181.490966796875	256.98089599609375	213.19268798828125	59.43327713012695	160.27410888671875	353.84490966796875	305.0391845703125	252.41500854492188	180.709228515625	351.8257141113281	317.3515930175781	278.07305908203125	178.10536193847656	318.590087890625	264.4771728515625	271.4406433105469	376.7944030761719	597.8781127929688	489.2100524902344	402.803466796875	5.410550594329834	89.70545959472656	176.32481384277344	0.0	6.662750720977783	152.85264587402344	181.5667266845703	0.0	12.903654098510742	200.4910430908203	139.6906280517578	0.0	17.352161407470703	252.43936157226562	150.67466735839844	0.0	113.14578247070312	201.73582458496094	212.80531311035156	24.271228790283203	160.10357666015625	211.2996368408203	145.7132110595703	49.89167785644531	137.3953094482422	181.3498992919922	163.1724853515625	43.33906173706055	274.0364990234375	452.2260437011719	415.8800048828125	146.31129455566406	0.0	225.01742553710938	284.20477294921875	30.83664321899414	0.0	310.7970275878906	267.905517578125	47.35472106933594	0.0	313.68670654296875	205.5269317626953	59.098228454589844	0.0	280.00823974609375	83.84425354003906	6.840836524963379	69.37871551513672	307.95367431640625	331.77557373046875	54.76831817626953	26.780536651611328	181.8902130126953	213.18113708496094	0.0	43.48100280761719	225.66073608398438	215.9813690185547	0.0	75.29322814941406	246.7765350341797	194.4014434814453	0.0	0.0	0.0	154.78675842285156	204.2559814453125	0.0	0.0	182.06588745117188	173.81600952148438	0.0	0.0	206.56948852539062	145.5687255859375	0.0	0.0	160.5584716796875	146.82772827148438
17.110334396362305	50.07790756225586	451.5308837890625	749.7499389648438	199.34764099121094	211.6472625732422	407.812744140625	1094.527099609375	411.7201843261719	673.7783203125	1174.6832275390625	1318.28955078125	715.3165893554688	798.5333251953125	628.5797729492188	34.988494873046875	11.26297378540039	211.12339782714844	591.4205322265625	718.7371215820312	69.35567474365234	370.4156494140625	941.3818359375	745.7682495117188	950.706787109375	957.3587036132812	1038.001220703125	449.7439270019531	618.808349609375	232.1685028076172	118.91580200195312	95.04952239990234	0.20272201299667358	0.0	0.0	80.03237915039062	38.19392395019531	138.0335235595703	150.88514709472656	306.7233581542969	0.0	0.0	392.84716796875	340.56695556640625	542.3274536132812	496.3290100097656	475.4990539550781	198.8267059326172	37.4181022644043	192.08377075195312	214.0967559814453	224.46807861328125	0.0	9.479379653930664	51.398101806640625	55.44270324707031	260.06719970703125	376.0263671875	268.9808349609375	74.76484680175781	416.68603515625	266.1824035644531	0.0	41.82843780517578	0.0	0.0	0.0	0.0	0.0	0.0	0.0	52.299781799316406	0.0	0.0	0.0	61.920047760009766	0.0	0.0	13.610825538635254	26.58646583557129	11.418946266174316	15.00221061706543	10.247682571411133	33.05189895629883	0.0	0.0	7.774824142456055	8.19763469696045	47.62727737426758	51.044700622558594	14.50550651550293	74.83439636230469	31.340368270874023	43.93358612060547	68.67594909667969	49.108036041259766	0.0	0.0	0.0	0.0	0.0	0.0	0.0	16.92657470703125	0.0	0.0	0.0	35.13892364501953	0.0	0.0	60.02786636352539	101.3253173828125	20.451120376586914	85.16678619384766	258.9087829589844	296.4731750488281	6.83050537109375	192.6683807373047	287.7806701660156	307.31488037109375	443.5979919433594	378.6108093261719	402.4916687011719	378.5614013671875	250.02206420898438	217.2569122314453	147.00331115722656	95.4918212890625	0.0	0.0	0.0	0.0	22.138023376464844	0.0	0.0	0.0	0.0	0.0	0.0	0.0	0.0	0.0	0.0	64.63558959960938	13.624872207641602	213.0308380126953	591.9442749023438	679.378173828125	179.2472381591797	577.4015502929688	997.4315185546875	838.5580444335938	60.56705856323242	204.50308227539062	902.8265991210938	859.4850463867188	1533.09912109375	1512.5059814453125	1452.1837158203125	743.3755493164062	27.4339599609375	303.773193359375	565.3362426757812	661.3489990234375	36.41315460205078	469.19549560546875	729.8323974609375	682.1338500976562	864.9346923828125	843.995361328125	826.6943969726562	594.1905517578125	844.9275512695312	844.9021606445312	756.7125854492188	427.275634765625	0.0	0.0	32.03811264038086	62.476139068603516	80.23519897460938	75.44375610351562	82.14737701416016	0.0	128.25198364257812	120.70106506347656	14.125475883483887	0.0	0.0	0.0	0.0	0.0	56.82501983642578	436.29180908203125	806.4132690429688	633.42138671875	78.9857177734375	334.16943359375	390.0705871582031	292.91259765625	506.768310546875	1083.002197265625	1090.0977783203125	470.1564636230469	1273.169921875	1244.381591796875	636.7741088867188	78.04618835449219	0.9885759353637695	0.0	46.76996994018555	172.91261291503906	32.54838180541992	0.0	337.1968078613281	501.0061340332031	0.0	0.0	29.46584701538086	0.0	184.0832977294922	252.11544799804688	232.5379180908203	171.22926330566406	5.934062480926514	149.47341918945312	369.5123596191406	441.3790588378906	247.60914611816406	381.448974609375	416.2770690917969	280.8033142089844	537.8392944335938	454.5649108886719	240.58045959472656	0.0	69.19893646240234	0.0	7.601784706115723	96.88882446289062	0.06367800384759903	0.0	0.0	0.0	0.0	8.369632720947266	50.81018829345703	214.5633087158203	0.0	0.0	187.62515258789062	286.9733581542969	327.0758361816406	543.9442138671875	467.90606689453125	261.0079345703125
49.18095779418945	1284.6566162109375	839.9492797851562	156.77645874023438	284.5049133300781	1133.2667236328125	344.40411376953125	516.284912109375	345.0209045410156	754.1282958984375	930.9943237304688	606.2093505859375	137.08062744140625	223.5921173095703	583.6995239257812	583.7509765625	508.5060119628906	408.16363525390625	197.51107788085938	157.39886474609375	447.5099182128906	633.0599975585938	618.2969360351562	578.7056884765625	230.42373657226562	648.5313720703125	667.8696899414062	682.6602172851562	124.92021179199219	393.8689880371094	530.845947265625	371.6717224121094	0.0	277.03363037109375	152.38645935058594	24.38593864440918	46.149566650390625	189.7392578125	0.0	63.9901008605957	49.54071044921875	0.0	106.34104919433594	127.3158187866211	136.99505615234375	227.8583221435547	369.0837707519531	321.7063293457031	82.45321655273438	0.0	4.3407301902771	0.0	99.93374633789062	121.99398040771484	76.05750274658203	138.15455627441406	86.51832580566406	136.3038787841797	137.0220489501953	132.83340454101562	94.8749008178711	191.05059814453125	251.0832977294922	220.11683654785156	0.0	0.0	22.173988342285156	0.0	0.0	0.0	0.0	0.0	0.0	8.460898399353027	0.0	0.0	0.0	0.29097431898117065	46.14228820800781	48.4325065612793	0.0	0.0	0.0	0.0	10.462217330932617	0.0	0.0	26.07956886291504	40.958152770996094	91.77327728271484	0.0	62.164085388183594	36.993045806884766	52.01481628417969	2.467944860458374	95.56920623779297	0.0	0.0	0.0	6.955808639526367	0.0	0.0	0.0	0.0	0.0	0.0	0.0	0.0	0.0	16.533828735351562	73.90458679199219	45.61799240112305	37.30051040649414	136.0088348388672	153.24354553222656	78.21928405761719	75.15821838378906	242.88021850585938	297.80255126953125	290.5869140625	115.48482513427734	304.2674560546875	487.2033996582031	402.0419616699219	133.64027404785156	141.5082244873047	235.3170166015625	305.3825988769531	0.0	0.0	22.071290969848633	41.06355667114258	0.0	0.0	0.0	0.0	0.0	0.0	0.0	0.0	0.0	0.0	0.0	0.0	170.0779266357422	396.0884094238281	380.8037414550781	115.9036636352539	182.5704803466797	313.9864196777344	146.80081176757812	0.0	474.29217529296875	447.5634460449219	627.3759155273438	623.1484985351562	504.2317199707031	921.2508544921875	1063.3775634765625	995.1921997070312	243.47933959960938	254.5947723388672	283.9117736816406	220.3035888671875	307.5833740234375	423.0282897949219	556.7138671875	402.6471252441406	420.39404296875	903.861572265625	1169.3778076171875	992.2567749023438	380.4630126953125	798.6864624023438	850.2210083007812	666.0162963867188	61.381893157958984	141.58387756347656	0.0	17.67766571044922	98.37326049804688	156.05601501464844	0.0	55.84173583984375	44.23314666748047	133.1751251220703	118.40718841552734	15.8854398727417	0.0	97.96984100341797	24.595138549804688	0.0	135.39111328125	160.18763732910156	91.39430236816406	59.244041442871094	101.77977752685547	134.2933349609375	339.8169860839844	379.98883056640625	344.6694641113281	403.7683410644531	543.2073974609375	466.736572265625	424.9682312011719	630.0650634765625	781.9248657226562	737.782470703125	147.14547729492188	265.5605773925781	51.62828063964844	140.4625701904297	184.91468811035156	73.4056625366211	28.092132568359375	98.81484985351562	111.28022003173828	68.31771087646484	124.46727752685547	264.2816467285156	0.0	356.5831298828125	261.685302734375	177.29937744140625	186.24732971191406	140.9430694580078	156.46498107910156	200.5872344970703	101.84512329101562	420.02996826171875	404.4804382324219	308.1343688964844	0.0	305.43975830078125	301.49969482421875	212.89013671875	0.0	0.0	122.97708129882812	13.567102432250977	0.0	258.37469482421875	246.17483520507812	30.98159408569336	0.0	140.1343994140625	29.026565551757812	30.38616180419922	27.830259323120117	0.0	172.5342254638672	185.518798828125	141.21487426757812	122.45911407470703	173.017333984375	311.02069091796875
295.5565185546875	405.6920471191406	369.1669006347656	698.2811889648438	346.029541015625	345.3719482421875	632.0112915039062	996.9288940429688	0.0	0.0	1192.20654296875	1004.3383178710938	24.473478317260742	51.080387115478516	1124.5450439453125	598.6570434570312	564.5255737304688	580.2514038085938	658.331787109375	404.3616027832031	69.92009735107422	394.875244140625	599.5658569335938	315.20556640625	48.99564743041992	525.9970092773438	581.048095703125	285.6707458496094	0.0	538.0638427734375	413.3236083984375	219.42649841308594	0.0	0.0	0.0	68.98545837402344	348.885498046875	297.6449890136719	231.1675262451172	182.11602783203125	90.78004455566406	14.096424102783203	200.10218811035156	122.23004150390625	9.680617332458496	0.0	194.78900146484375	47.7344856262207	321.61700439453125	332.70654296875	292.03082275390625	65.98924255371094	218.71133422851562	200.8482208251953	122.31993865966797	0.0	47.29989242553711	167.42929077148438	108.5475082397461	0.0	32.126617431640625	81.143310546875	0.0	21.774864196777344	0.0	0.0	0.0	41.0734977722168	0.0	0.0	0.0	104.03270721435547	0.0	0.0	0.0	111.87425994873047	0.0	0.0	40.80413818359375	73.24935913085938	69.54515838623047	57.56022262573242	142.16709899902344	5.645020961761475	19.672962188720703	0.18556465208530426	24.99090576171875	11.17784309387207	3.6159989833831787	1.5065351724624634	0.0	0.0	0.0	0.0	0.0	0.0	0.0	0.0	0.0	0.0	0.0	0.0	0.0	0.0	44.859519958496094	0.0	0.0	55.874176025390625	0.0	0.0	0.0	27.518821716308594	402.1966247558594	389.9686584472656	380.1788635253906	223.98638916015625	97.97440338134766	137.09762573242188	191.537841796875	90.25201416015625	103.53950500488281	121.56758880615234	201.05697631835938	131.5996856689453	0.0	121.3460922241211	156.42691040039062	110.39916229248047	0.0	0.0	0.0	0.0	0.0	0.0	0.0	0.0	0.0	14.686538696289062	0.0	0.0	0.8832338452339172	0.0	0.0	3.1786489486694336	0.0	110.1715316772461	157.2447052001953	54.65602493286133	1006.9413452148438	1108.216552734375	926.2276611328125	436.6043395996094	125.93882751464844	240.06369018554688	280.3271484375	159.67665100097656	34.14080047607422	289.039306640625	255.59425354003906	101.2616195678711	601.0032348632812	580.2308959960938	500.08087158203125	188.5865020751953	559.7772216796875	679.5447998046875	621.1092529296875	275.8812561035156	142.8367156982422	331.6243591308594	294.35650634765625	250.21157836914062	77.85140991210938	273.37603759765625	237.21612548828125	280.3273010253906	86.31375122070312	86.05583190917969	95.94725799560547	21.924293518066406	10.285449981689453	0.0	140.99069213867188	0.0	0.0	0.0	135.17958068847656	0.0	5.6424689292907715	56.19245910644531	173.0651092529297	0.0	718.9530639648438	762.5923461914062	652.1130981445312	275.4007263183594	916.0123901367188	830.5953369140625	470.19451904296875	131.44020080566406	34.765464782714844	159.88511657714844	154.8408660888672	3.6852734088897705	31.655065536499023	119.59407043457031	108.0207290649414	59.32518768310547	0.0	0.0	0.0	1.4621058702468872	238.44261169433594	192.61679077148438	454.7972717285156	180.16705322265625	0.0	38.39872741699219	275.3360290527344	29.54278564453125	0.0	164.05950927734375	302.1114501953125	8.809664726257324	347.9052734375	290.613037109375	372.8251953125	288.3515319824219	0.0	43.42598342895508	213.99942016601562	145.03260803222656	45.83799743652344	257.046630859375	260.9234619140625	169.34768676757812	25.314355850219727	197.22369384765625	194.98541259765625	75.71871948242188	0.0	0.0	0.0	98.75276184082031	353.87255859375	312.15643310546875	114.42608642578125	216.624755859375	241.29273986816406	100.78321838378906	140.13523864746094	196.70611572265625	0.0	0.0	140.24024963378906	179.96807861328125
104.31436920166016	166.29464721679688	698.4873046875	1454.621826171875	416.568115234375	860.68359375	1234.832763671875	1360.5872802734375	818.9307861328125	780.8292846679688	809.0076904296875	449.2922668457031	185.3014678955078	1115.0198974609375	769.3257446289062	0.0	160.60011291503906	498.777099609375	812.1176147460938	676.4557495117188	760.972412109375	721.2706909179688	645.6971435546875	682.1390991210938	511.7611999511719	582.9359130859375	602.9403076171875	441.7554931640625	730.4432373046875	634.7216186523438	203.566650390625	130.6080322265625	1.5949923992156982	0.0	34.67892074584961	245.75009155273438	0.0	0.0	186.53712463378906	233.58697509765625	326.8408203125	318.9227600097656	466.7242126464844	283.6232604980469	147.80804443359375	457.737060546875	411.6551513671875	236.20298767089844	10.792556762695312	32.9650993347168	116.55704498291016	51.55043029785156	114.35469818115234	205.04530334472656	123.90284729003906	64.08843994140625	303.6131591796875	310.3114013671875	242.90875244140625	289.707763671875	204.10037231445312	55.48888397216797	0.0	53.183441162109375	0.0	0.0	0.0	3.9648349285125732	0.0	0.0	0.0	0.0	0.0	0.0	4.779560089111328	70.13323974609375	0.0	37.19147872924805	46.94878387451172	0.0	0.0	0.0	0.0	0.0	0.0	38.89667510986328	40.472930908203125	0.0	27.889163970947266	101.4801025390625	22.54391860961914	74.75578308105469	16.45907974243164	4.129278182983398	25.617446899414062	50.46126174926758	0.0	0.0	0.0	0.0	0.0	0.0	0.0	0.0	0.0	0.0	0.0	38.41384506225586	37.17915725708008	28.130144119262695	81.71780395507812	65.45671844482422	30.956472396850586	50.906150817871094	98.71662902832031	196.95030212402344	320.2500305175781	428.06671142578125	484.2016906738281	448.0086669921875	286.6202392578125	357.05865478515625	277.6512756347656	225.12672424316406	291.841064453125	350.31829833984375	266.0549621582031	184.71839904785156	19.12889289855957	24.182117462158203	0.0	0.0	0.0	0.0	0.0	0.0	0.0	0.0	0.0	0.0	0.0	0.0	0.0	30.45446014404297	101.3199234008789	130.7156219482422	93.24981689453125	409.7569885253906	64.40802764892578	251.6929168701172	549.7513427734375	627.5429077148438	1325.6385498046875	1125.8250732421875	1118.4200439453125	1171.64453125	1030.380126953125	667.7052612304688	757.6343994140625	595.0540161132812	62.67942810058594	197.30667114257812	356.8170471191406	322.9769592285156	703.7411499023438	904.8170776367188	998.3162841796875	1016.7037353515625	841.8450317382812	905.7860717773438	839.2583618164062	760.2042846679688	866.8555297851562	777.6558837890625	620.1402587890625	514.1171875	23.145973205566406	45.74878692626953	49.0050048828125	27.45403480529785	83.41726684570312	53.32355499267578	56.96113586425781	72.66393280029297	33.63793182373047	20.18008041381836	0.0	0.0	61.768592834472656	1.6383084058761597	0.0	0.0	13.448336601257324	5.798955917358398	360.79058837890625	380.8757629394531	280.2346496582031	560.9077758789062	431.084228515625	231.0032501220703	979.3884887695312	916.3643188476562	859.90478515625	904.747314453125	467.86102294921875	443.0604553222656	202.1566925048828	21.360387802124023	0.0	0.0	214.72821044921875	258.900390625	0.0	0.0	123.02684783935547	65.6025619506836	83.45845794677734	369.5859375	243.51026916503906	369.6620178222656	272.7364501953125	356.2098083496094	55.64621353149414	234.05250549316406	299.1179504394531	429.6012268066406	497.8828125	309.5422058105469	508.5833740234375	428.9698486328125	197.93240356445312	129.9346466064453	173.93408203125	268.0762939453125	50.76310729980469	59.96361541748047	228.5230712890625	70.34158325195312	12.595855712890625	91.52766418457031	0.0	0.0	0.0	146.71456909179688	0.0	0.0	163.5360565185547	173.1715850830078	43.67686080932617	181.35153198242188	301.75897216796875	235.8956298828125	229.74899291992188	425.4695129394531	492.9530944824219	383.7510681152344
91.1032943725586	774.66015625	610.3829956054688	832.9530639648438	232.46421813964844	882.69873046875	889.8355102539062	867.9935913085938	285.3465270996094	689.8341674804688	839.1600952148438	821.1755981445312	202.2156524658203	209.6986846923828	820.00830078125	803.7919311523438	458.0707092285156	402.5970458984375	570.7021484375	235.54148864746094	517.8582153320312	708.7186279296875	787.9866943359375	333.83404541015625	412.07513427734375	344.58380126953125	460.07647705078125	194.40084838867188	11.605798721313477	400.50982666015625	593.6084594726562	304.15374755859375	0.0	92.27900695800781	73.26171112060547	117.04304504394531	0.0	74.24767303466797	87.26895141601562	103.69357299804688	322.2018737792969	407.6098327636719	245.92295837402344	159.36419677734375	284.9382629394531	252.800537109375	166.7192840576172	94.64973449707031	103.64024353027344	65.80975341796875	40.42385482788086	0.0	101.28250122070312	121.25333404541016	70.82821655273438	1.5556234121322632	259.21539306640625	326.7658996582031	233.67430114746094	51.777587890625	0.0	176.30332946777344	134.06808471679688	41.00862121582031	0.0	0.0	0.0	35.62260818481445	0.0	29.740726470947266	0.0	60.05939483642578	7.925410270690918	30.19696807861328	0.0	88.91692352294922	0.0	0.0	0.0	116.15730285644531	0.0	0.0	0.0	29.19477653503418	21.20172119140625	0.0	0.0	0.0	0.0	7.924433708190918	88.95347595214844	0.0	2.574040412902832	32.73942184448242	0.0	0.0	0.0	0.0	0.0	0.0	0.0	0.0	0.0	22.780323028564453	2.5494797229766846	0.0	0.0	17.9822940826416	6.2432403564453125	0.0	4.718223571777344	26.33656883239746	60.38522720336914	132.59458923339844	177.71435546875	67.55055236816406	282.8960266113281	340.08770751953125	421.0927734375	229.99464416503906	66.81452178955078	171.88101196289062	234.6496124267578	132.87648010253906	123.81385040283203	190.9379425048828	256.46502685546875	165.52642822265625	3.4726901054382324	0.0	0.0	0.0	0.0	0.0	0.0	0.0	0.0	0.0	0.0	0.0	0.0	0.0	0.0	0.0	257.6724548339844	324.6086730957031	123.21778106689453	86.98036193847656	231.50709533691406	322.6944580078125	197.2947540283203	112.85706329345703	892.2518310546875	1321.2869873046875	1112.526611328125	390.74212646484375	566.5262451171875	663.015869140625	388.1830749511719	130.604248046875	198.29217529296875	246.99546813964844	232.23468017578125	63.125892639160156	597.5491943359375	879.4963989257812	891.5001220703125	285.1127624511719	425.0794982910156	666.4746704101562	708.2294311523438	242.4862060546875	287.6627502441406	532.8932495117188	536.276123046875	271.8399963378906	30.462387084960938	131.00723266601562	116.57341766357422	0.0	103.20838165283203	208.08583068847656	173.34815979003906	0.0	0.0	0.0	74.05062103271484	0.0	36.07668685913086	0.0	98.4280776977539	0.0	127.27645111083984	203.42269897460938	175.897705078125	2.0398330688476562	139.4717559814453	273.8619689941406	263.5683898925781	117.67335510253906	649.1857299804688	934.361572265625	727.48828125	186.37608337402344	69.39392852783203	128.20957946777344	142.18130493164062	38.8698844909668	191.47950744628906	84.94583129882812	128.93814086914062	0.0	99.02083587646484	0.0	199.56277465820312	21.915523529052734	163.59469604492188	133.3880615234375	441.30792236328125	139.8176727294922	0.0	1.827619194984436	337.8447570800781	96.5967025756836	208.9718475341797	361.5858154296875	296.20538330078125	243.73455810546875	223.13693237304688	410.697021484375	223.0243682861328	208.4761505126953	6.855290412902832	103.4790267944336	151.5817413330078	197.18768310546875	0.0	235.2347869873047	285.96160888671875	195.233154296875	0.0	33.663883209228516	0.0	137.3200225830078	0.0	0.0	19.79509735107422	158.76950073242188	168.43447875976562	149.22540283203125	126.82181549072266	187.76759338378906	377.2017517089844	338.77056884765625	77.2038345336914	176.43386840820312
232.1368408203125	193.1049346923828	508.0364990234375	363.1686706542969	53.65385437011719	12.979193687438965	968.1156005859375	432.150390625	13.932727813720703	544.3516235351562	1363.53662109375	371.43115234375	49.626224517822266	937.8486938476562	1328.5694580078125	217.61672973632812	75.51643371582031	420.8743896484375	343.49310302734375	187.9178009033203	0.0	556.2617797851562	423.7728576660156	200.20538330078125	179.84458923339844	594.0596923828125	405.3327941894531	153.36131286621094	367.9051208496094	524.3487548828125	558.4075927734375	257.5494079589844	253.51019287109375	197.3092041015625	106.31855010986328	43.01932144165039	69.42495727539062	58.27116394042969	105.9955062866211	50.61100387573242	0.0	53.598854064941406	226.47386169433594	43.14125442504883	0.0	109.46927642822266	132.0409698486328	40.4600715637207	104.32279968261719	149.41554260253906	74.11026000976562	0.0	15.572998046875	85.1698989868164	36.583641052246094	0.0	92.63896179199219	103.90343475341797	0.0	5.730959892272949	108.93238830566406	114.94226837158203	61.645591735839844	41.196529388427734	0.0	0.0	27.616146087646484	58.89491653442383	0.0	0.0	69.28581237792969	74.4434814453125	0.0	0.0	59.74555587768555	56.21474838256836	0.0	0.0	18.520793914794922	2.429964780807495	2.8412721157073975	41.42716979980469	24.328832626342773	17.4022274017334	0.0	28.406288146972656	7.096162796020508	0.0	0.0	3.039713144302368	0.0	9.909261703491211	41.82846450805664	0.0	6.505382061004639	26.170177459716797	0.0	0.0	8.075515747070312	0.0	6.687200546264648	0.0	0.0	0.0	0.0	0.0	0.0	37.41576385498047	0.0	0.0	2.126401424407959	39.19719696044922	68.98006439208984	159.05917358398438	129.21316528320312	62.327667236328125	35.341407775878906	180.9248046875	147.60592651367188	81.03466796875	14.734689712524414	109.56906127929688	146.3072509765625	139.42425537109375	78.59627532958984	386.41009521484375	314.4788513183594	207.97943115234375	0.0	0.0	0.0	0.0	0.0	0.0	0.0	20.392751693725586	0.0	14.771598815917969	0.0	14.438502311706543	0.0	0.0	0.0	0.0	717.4769287109375	931.6856079101562	480.7985534667969	85.11424255371094	94.24400329589844	254.1240997314453	165.22650146484375	15.891463279724121	86.55599975585938	179.9149169921875	256.084228515625	119.46958923339844	136.1272430419922	292.24639892578125	347.3748779296875	34.934051513671875	413.2414855957031	541.3653564453125	420.0647277832031	145.8560791015625	92.40301513671875	219.89395141601562	186.16539001464844	223.1737518310547	155.6659393310547	244.36679077148438	165.26988220214844	272.6884460449219	428.3506164550781	752.7976684570312	710.0842895507812	471.2597961425781	6.387294292449951	0.0	126.65585327148438	0.0	33.75455093383789	60.03524398803711	134.86141967773438	0.0	0.0	57.78495788574219	97.08284759521484	0.0	1.1421512365341187	242.46163940429688	95.77371978759766	0.0	599.3665161132812	601.1557006835938	370.8318786621094	0.0	30.7740535736084	110.53788757324219	77.48625946044922	42.23276901245117	73.23981475830078	213.6534881591797	188.4056854248047	75.18273162841797	266.719970703125	334.955078125	287.9012756347656	247.7732696533203	52.93827438354492	350.7972717285156	436.1535339355469	80.87030029296875	0.0	119.28396606445312	305.5152587890625	55.18687057495117	0.0	265.759521484375	171.1293487548828	80.88955688476562	0.0	162.20361328125	48.265777587890625	73.33592224121094	0.0	107.13274383544922	225.96444702148438	120.3925552368164	3.793962240219116	319.42510986328125	319.193115234375	76.11282348632812	185.25733947753906	334.2310485839844	212.42742919921875	15.220685005187988	167.7764434814453	196.6264190673828	179.70724487304688	38.56201171875	242.1077423095703	212.44691467285156	51.11205291748047	124.82313537597656	147.86566162109375	108.52462005615234	141.44117736816406	142.48251342773438	0.0	0.0	163.52151489257812	121.54830169677734	0.0	51.88886260986328	136.0694122314453	101.45983123779297
1008.7967529296875	840.5718383789062	498.6726379394531	612.7355346679688	978.0712280273438	747.6368408203125	458.3642578125	1146.3853759765625	949.3216552734375	874.8897705078125	973.3208618164062	1104.5726318359375	1166.2078857421875	796.03271484375	183.91851806640625	1109.085205078125	624.302490234375	682.1668701171875	564.4862670898438	442.2806701660156	346.4951477050781	772.7891235351562	950.6361694335938	737.8735961914062	711.1826171875	801.7073974609375	711.0081176757812	592.0081787109375	383.06646728515625	791.6055297851562	1026.09130859375	934.5357055664062	182.88897705078125	235.3031463623047	193.0841827392578	82.6327133178711	468.76165771484375	442.7486877441406	201.34591674804688	107.20752716064453	97.1104736328125	227.61148071289062	315.9809265136719	86.74653625488281	407.794677734375	361.1482238769531	213.8276824951172	356.0738525390625	206.0142364501953	333.817138671875	313.0350036621094	164.4299774169922	2.366154909133911	14.775066375732422	156.70863342285156	67.99517822265625	231.15283203125	372.49591064453125	402.33306884765625	171.44789123535156	9.900604248046875	122.36859893798828	313.13397216796875	256.0820617675781	0.0	0.0	0.0	0.0	0.0	0.0	0.0	37.34146499633789	0.0	54.00894546508789	0.0	0.0	0.0	0.0	0.0	73.86670684814453	0.0	31.411386489868164	115.67112731933594	38.336734771728516	15.185503005981445	3.3773858547210693	34.432647705078125	24.06019401550293	29.64546775817871	46.18330001831055	39.597537994384766	94.63619232177734	4.751073360443115	21.692811965942383	58.459144592285156	34.16156768798828	0.0	0.0	0.0	0.0	0.0	0.0	0.0	0.0	0.0	0.0	0.0	0.0	0.0	0.0	0.0	12.043396949768066	279.216064453125	229.77369689941406	268.416015625	313.74560546875	323.5410461425781	489.4117736816406	516.39453125	423.8050842285156	315.9171447753906	385.29998779296875	418.66845703125	364.4509582519531	421.76849365234375	579.6407470703125	526.2134399414062	418.08587646484375	0.0	0.0	0.0	0.0	0.0	0.0	0.0	0.0	0.0	0.0	0.0	0.0	0.0	0.0	0.0	0.0	670.7401733398438	1124.478759765625	1220.47314453125	538.6719970703125	976.2396850585938	1155.9351806640625	978.852294921875	307.7617492675781	444.7991943359375	1097.733154296875	1413.38330078125	1034.6280517578125	998.8953857421875	1424.40625	1284.9893798828125	556.73046875	695.2100830078125	784.2262573242188	795.7980346679688	472.93060302734375	647.7164306640625	962.3965454101562	943.8825073242188	655.7572631835938	654.9283447265625	1036.24755859375	990.037353515625	881.5723266601562	962.3549194335938	1280.602783203125	1292.511474609375	1025.902099609375	125.84857177734375	0.0	0.0	65.39523315429688	205.8992919921875	13.193944931030273	5.373176097869873	103.8190689086914	165.54698181152344	0.0	4.173758029937744	66.36750793457031	171.32826232910156	0.0	86.42750549316406	0.0	811.5757446289062	947.5814819335938	785.772216796875	384.62908935546875	545.5829467773438	251.71371459960938	221.05770874023438	214.56900024414062	880.6757202148438	1252.4346923828125	1132.8671875	583.1232299804688	520.30712890625	337.4335021972656	752.40673828125	826.6262817382812	180.13290405273438	84.93557739257812	232.58145141601562	267.05523681640625	212.75546264648438	112.56170654296875	538.3274536132812	535.1267700195312	149.4009552001953	38.005897521972656	85.82762145996094	421.4158020019531	158.59152221679688	116.87837982177734	345.69671630859375	456.2560729980469	357.99481201171875	290.0534973144531	300.7946472167969	435.7090148925781	341.22613525390625	478.6793518066406	418.6888732910156	285.94873046875	455.30120849609375	448.2000732421875	213.94607543945312	415.17803955078125	0.0	223.51678466796875	278.23529052734375	230.5116729736328	15.550071716308594	69.7429428100586	9.307811737060547	76.08956146240234	187.24229431152344	369.6176452636719	163.05667114257812	47.90302658081055	0.0	0.0	36.56914138793945	40.435489654541016	192.22740173339844	308.0246276855469	251.47235107421875	215.0373077392578
4.360324382781982	8.16689395904541	1221.380615234375	1022.0839233398438	7.560683250427246	213.03526306152344	1373.59521484375	722.33984375	20.670307159423828	874.7100830078125	1439.5001220703125	153.66006469726562	49.043785095214844	1093.3197021484375	1238.2392578125	0.0	0.0	532.8903198242188	578.5899658203125	278.7169189453125	40.56676483154297	572.5184936523438	444.8626708984375	196.90467834472656	303.5620422363281	588.4293823242188	331.8576965332031	108.36646270751953	437.30126953125	571.7686767578125	339.14996337890625	55.20597457885742	0.23813724517822266	0.0	198.51438903808594	119.33743286132812	0.0	0.0	234.6159210205078	107.50753021240234	0.0	171.1112823486328	259.9926452636719	20.20102310180664	0.0	216.1732635498047	180.6819610595703	10.329984664916992	27.86591339111328	90.47832489013672	77.71337127685547	0.0	36.73997116088867	96.93628692626953	0.0	0.0	91.77861022949219	84.78772735595703	3.4427804946899414	0.0	177.351318359375	72.57930755615234	32.231163024902344	0.0	0.0	0.0	0.0	58.605796813964844	0.0	0.0	41.36878967285156	56.51426696777344	0.0	0.0	47.35030746459961	43.7484130859375	0.0	0.0	58.12130355834961	0.4373078942298889	0.0	0.0	0.0	0.8438706398010254	0.0	0.0	0.0	0.0	0.0	2.607464551925659	0.0	0.0	8.883074760437012	0.0	0.0	3.9197750091552734	0.0	0.0	0.0	24.740503311157227	0.0	0.0	0.0	33.86324691772461	0.0	0.0	0.0	44.895565032958984	0.0	0.0	62.946250915527344	16.982358932495117	0.0	36.72029113769531	150.51278686523438	127.65154266357422	0.0	79.97985076904297	169.59539794921875	115.03463745117188	23.823322296142578	164.8938751220703	156.4008331298828	148.0828399658203	69.08802032470703	297.9575500488281	177.72828674316406	79.23454284667969	0.33942800760269165	5.855876922607422	0.0	0.0	1.106916904449463	0.0	0.0	4.661555767059326	0.0	0.0	0.0	41.32527160644531	0.0	0.0	0.0	32.232696533203125	26.14945411682129	176.46800231933594	223.7380828857422	178.90243530273438	61.73439025878906	194.54505920410156	286.03240966796875	156.934814453125	141.5293426513672	273.1189880371094	305.8218688964844	56.39276885986328	175.76417541503906	251.78338623046875	248.12088012695312	49.157814025878906	33.572509765625	245.011962890625	261.06475830078125	273.4155578613281	99.57521057128906	251.7837677001953	221.2723388671875	301.13128662109375	233.8587646484375	261.7600402832031	195.30322265625	306.6161804199219	423.18505859375	480.7353210449219	359.0658874511719	294.8079833984375	0.0	1.100817084312439	111.20958709716797	0.0	0.0	72.28424072265625	126.77521514892578	0.0	0.0	151.2401885986328	49.432518005371094	0.0	0.0	167.7103271484375	0.0	0.0	5.3286333084106445	141.17770385742188	138.4874725341797	29.200359344482422	31.679838180541992	128.2517852783203	125.5970458984375	69.62801361083984	106.78509521484375	167.55140686035156	103.61871337890625	67.12847137451172	300.60101318359375	351.1942443847656	173.24864196777344	73.55379486083984	2.505483865737915	31.42670440673828	309.3779296875	11.206055641174316	0.0	229.3583526611328	304.424560546875	16.851791381835938	0.0	287.71466064453125	137.29483032226562	49.7800178527832	40.0478515625	251.37452697753906	0.0	42.527496337890625	35.10786437988281	257.8173828125	299.5526428222656	126.5882568359375	88.59867095947266	254.53355407714844	218.57794189453125	0.0	188.36459350585938	247.37954711914062	134.1027069091797	0.0	173.84034729003906	162.77005004882812	28.920595169067383	0.0	0.0	0.0	109.90827178955078	190.70098876953125	0.0	0.0	233.42599487304688	202.12664794921875	0.0	42.23101043701172	230.976318359375	142.7886962890625	0.0	112.05853271484375	220.92137145996094	97.37384033203125
247.29368591308594	679.6677856445312	518.93408203125	1109.5045166015625	641.3268432617188	863.3129272460938	1060.2017822265625	1190.5594482421875	520.0287475585938	428.3271789550781	1308.81298828125	973.8074951171875	122.7027816772461	66.93463134765625	1042.10107421875	350.8021545410156	394.0472106933594	272.8387756347656	561.4547729492188	272.4638671875	404.7825622558594	558.6510009765625	650.660888671875	314.7020568847656	231.9348602294922	691.762939453125	708.8256225585938	325.6446533203125	88.57223510742188	465.6540832519531	334.2696838378906	168.67462158203125	0.0	67.92222595214844	87.26242065429688	165.4668731689453	93.96817016601562	85.61479187011719	185.4437255859375	189.51980590820312	25.202232360839844	0.0	186.3768310546875	120.24788665771484	159.48255920410156	147.9385986328125	244.59117126464844	32.5748405456543	62.475669860839844	25.961776733398438	83.63147735595703	0.0	61.5973014831543	54.59747314453125	0.0	0.0	174.2605743408203	261.4679870605469	160.02066040039062	24.592546463012695	68.35134887695312	147.410888671875	43.12392807006836	0.0	0.0	0.0	0.0	75.64302825927734	0.0	0.0	0.0	58.39059829711914	0.0	15.561713218688965	0.0	50.610897064208984	0.0	0.0	71.9947509765625	64.02307891845703	6.840792655944824	0.0	3.6631128787994385	0.0	16.458112716674805	0.0	0.0	0.0	49.89124298095703	73.9278793334961	6.830679416656494	0.0	28.88090705871582	60.44817352294922	19.499675750732422	6.921679973602295	0.0	0.0	0.0	0.0	0.0	0.0	0.0	25.267942428588867	0.0	0.0	0.0	39.93742752075195	0.0	0.0	13.634041786193848	52.27957534790039	71.12812042236328	77.57510375976562	116.1999282836914	118.42166137695312	128.3270721435547	206.7714385986328	152.75234985351562	88.94831848144531	168.4934844970703	336.37677001953125	311.8647155761719	168.35792541503906	154.4165496826172	196.94717407226562	262.81622314453125	119.87383270263672	6.703856468200684	0.0	12.773820877075195	0.0	0.0	0.0	0.0	0.0	0.0	0.0	0.0	0.0	0.0	0.0	0.0	23.10592269897461	75.61076354980469	136.3631134033203	157.78453063964844	191.68963623046875	166.49363708496094	222.8140411376953	180.06069946289062	185.59881591796875	493.25433349609375	502.92401123046875	375.7193298339844	138.84152221679688	749.322021484375	918.7431640625	689.8984985351562	182.68785095214844	139.42799377441406	162.94284057617188	291.79620361328125	121.02790832519531	344.6443786621094	469.86395263671875	419.6727600097656	196.0636749267578	516.99462890625	770.4598388671875	592.120849609375	285.4107666015625	468.3138427734375	829.61279296875	678.2322387695312	405.8241271972656	96.52047729492188	4.132500171661377	124.10882568359375	53.48439407348633	188.24588012695312	62.96272659301758	135.48855590820312	0.0	96.40966796875	89.3432388305664	49.41699981689453	0.0	0.0	74.3836669921875	63.44191360473633	0.0	89.13105773925781	73.31940460205078	111.50763702392578	84.38656616210938	116.98847198486328	100.08941650390625	90.82093048095703	8.124024391174316	586.94140625	693.9940185546875	458.37005615234375	96.71275329589844	507.67413330078125	566.81982421875	333.6542053222656	98.96964263916016	126.29149627685547	0.0	293.37933349609375	88.12860107421875	149.19326782226562	0.0	275.5417175292969	73.48482513427734	63.63449478149414	102.8542251586914	233.55885314941406	0.0	0.0	431.9664001464844	297.18255615234375	38.3702507019043	228.23207092285156	218.572509765625	200.17518615722656	160.69024658203125	136.36317443847656	289.4298095703125	223.23895263671875	150.84597778320312	19.459983825683594	316.2340087890625	237.55506896972656	8.480175018310547	0.0	130.62893676757812	36.82144546508789	0.0	0.0	29.561368942260742	0.0	168.37559509277344	0.0	80.42328643798828	112.07942962646484	194.34449768066406	28.503986358642578	0.0	154.6370849609375	194.11831665039062	184.58204650878906	102.37061309814453	189.56332397460938	193.12818908691406
72.02873992919922	488.4051513671875	1096.2628173828125	910.203857421875	716.4657592773438	1339.308837890625	1159.49951171875	243.32107543945312	1504.5711669921875	1349.6324462890625	74.72125244140625	1452.759521484375	1278.380126953125	257.10089111328125	1316.3707275390625	1401.0367431640625	534.7210693359375	876.7908325195312	877.8717041015625	716.3270874023438	807.0205688476562	738.9155883789062	291.5229187011719	767.2455444335938	560.5462646484375	334.1435852050781	781.2018432617188	765.0130615234375	684.209228515625	919.8365478515625	892.4124755859375	307.1383361816406	0.0	0.0	260.6536560058594	167.9549102783203	91.1499252319336	520.7304077148438	496.1441345214844	221.72084045410156	407.89129638671875	448.29150390625	0.0	367.9515686035156	228.90792846679688	0.0	382.9161376953125	390.6628112792969	75.669677734375	222.03562927246094	289.39520263671875	243.78175354003906	142.74134826660156	147.6073760986328	61.80706024169922	69.21782684326172	71.36865234375	7.125068187713623	136.46290588378906	138.3955535888672	211.04525756835938	217.32530212402344	149.1938018798828	4.10326623916626	0.0	0.0	0.0	0.0	0.0	0.0	0.0	0.0	0.0	0.0	0.0	0.0	0.0	0.0	0.0	22.02910614013672	0.0	0.0	0.0	104.70765686035156	0.0	0.0	24.62875747680664	32.18572235107422	0.0	15.054534912109375	9.708703994750977	0.0	12.658432960510254	0.0	8.826580047607422	74.56009674072266	0.0	0.0	0.0	0.0	0.0	0.0	0.0	0.0	0.0	0.0	0.0	0.0	0.0	0.0	0.0	18.335046768188477	160.04324340820312	211.3271484375	305.89898681640625	356.80938720703125	154.92645263671875	288.7380065917969	273.0148620605469	268.6595153808594	179.63519287109375	239.42970275878906	240.0126953125	254.8410186767578	521.2671508789062	478.4173278808594	277.4977722167969	276.9416198730469	3.197493076324463	0.0	0.0	0.0	0.0	0.0	0.0	0.0	0.0	0.0	0.0	0.0	0.0	0.0	0.0	0.0	109.05015563964844	69.10648345947266	654.4464721679688	1059.639892578125	221.23080444335938	1072.843505859375	1431.52294921875	1344.0040283203125	809.5179443359375	873.4862060546875	466.9378356933594	550.376220703125	495.7964782714844	184.00372314453125	634.7354125976562	696.9775390625	341.3683776855469	603.6588745117188	796.0344848632812	847.8974609375	458.6700134277344	637.073486328125	820.4845581054688	904.2634887695312	394.4216613769531	568.2521362304688	630.6808471679688	474.3893737792969	1027.1234130859375	1112.250732421875	673.4514770507812	502.9051513671875	77.19783782958984	90.24977111816406	11.112418174743652	0.0	75.49102020263672	0.0	0.0	12.042109489440918	110.6448745727539	0.0	0.0	0.0	218.77040100097656	22.539226531982422	0.0	4.4695515632629395	28.569395065307617	500.27362060546875	1080.4383544921875	936.8765258789062	500.381591796875	825.0305786132812	847.2022094726562	355.1986389160156	480.42010498046875	292.773193359375	295.39190673828125	415.2042236328125	252.06927490234375	630.4892578125	750.7976684570312	386.49554443359375	0.0	92.75237274169922	95.9838638305664	155.43435668945312	157.9142303466797	121.52234649658203	31.151113510131836	511.9526062011719	192.81114196777344	0.0	175.56588745117188	245.8897247314453	0.0	80.65240478515625	157.66763305664062	17.47014045715332	540.8500366210938	635.6937255859375	520.0975952148438	209.90380859375	515.0892944335938	201.92755126953125	203.16001892089844	536.8617553710938	140.72166442871094	398.4461669921875	601.6494140625	432.7522277832031	443.6850891113281	496.0824890136719	244.64682006835938	0.0	0.0	0.0	0.0	37.71010971069336	0.0	456.1680603027344	506.3131103515625	193.79176330566406	434.9226989746094	491.5813293457031	212.84530639648438	333.1246337890625	199.55120849609375	24.212177276611328	285.9150085449219	384.46282958984375
3.530458450317383	10.654104232788086	1238.760986328125	1039.3692626953125	6.459722995758057	372.8760986328125	1344.87890625	634.8323364257812	12.964195251464844	1182.66015625	1337.474365234375	28.454286575317383	157.43846130371094	1375.603759765625	833.8408813476562	0.9235281944274902	0.0	563.025146484375	571.2058715820312	282.06671142578125	135.3939971923828	565.1126708984375	406.15130615234375	173.1468505859375	519.0276489257812	570.7125854492188	307.47479248046875	72.30358123779297	594.31787109375	457.92645263671875	196.66050720214844	5.525545597076416	0.0	0.0	214.49221801757812	132.69601440429688	0.0	32.601478576660156	248.10797119140625	103.9712905883789	0.0	255.57984924316406	252.77899169921875	12.369832038879395	0.0	245.7814178466797	138.7100372314453	12.157821655273438	31.442861557006836	84.5819320678711	69.96570587158203	0.0	47.65092086791992	102.66474151611328	0.0	6.230242729187012	90.31568145751953	66.16988372802734	7.393712043762207	0.0	138.1854248046875	0.0	0.0	0.0	0.0	0.0	0.0	38.17261505126953	0.0	0.0	25.180898666381836	51.70461654663086	0.0	0.0	34.40314865112305	22.892032623291016	0.0	10.471575736999512	39.48018264770508	0.7318800091743469	0.0	0.0	0.0	5.2232666015625	0.0	0.0	0.0	0.0	0.6420923471450806	0.0	3.196481466293335	0.0	18.576404571533203	11.921346664428711	19.534177780151367	0.0	0.0	0.0	0.0	20.526594161987305	0.0	0.0	0.0	43.972389221191406	0.0	0.0	3.6300647258758545	50.2544059753418	0.0	0.0	47.28298568725586	19.922500610351562	0.0	58.371219635009766	137.04734802246094	131.83863830566406	17.30341339111328	54.10559844970703	166.7946014404297	125.54776000976562	64.18531799316406	174.57826232910156	140.57896423339844	130.81187438964844	102.0123291015625	243.85360717773438	143.35549926757812	40.72121047973633	2.4629573822021484	20.218111038208008	0.0	0.0	0.0	9.606932640075684	0.0	0.0	10.998990058898926	0.0	0.0	38.77995681762695	0.0	0.0	0.0	35.9370002746582	27.575435638427734	123.32080841064453	216.04164123535156	208.49070739746094	86.1182861328125	180.91531372070312	278.73626708984375	173.22463989257812	123.32205200195312	266.1961669921875	263.7881164550781	99.47935485839844	150.12078857421875	373.02484130859375	237.45787048339844	41.036964416503906	33.550559997558594	228.59683227539062	237.90338134765625	280.8598937988281	114.33295440673828	245.18211364746094	209.75416564941406	301.8418273925781	248.02334594726562	249.217041015625	276.8641662597656	300.6400451660156	428.91302490234375	426.2007751464844	343.7079162597656	195.19268798828125	0.0	37.502201080322266	82.92186737060547	0.0	0.0	50.141937255859375	97.78241729736328	0.0	49.024810791015625	73.98587799072266	0.0	0.0	80.63398742675781	124.2813491821289	0.0	0.0	0.0	132.1533660888672	141.55050659179688	50.04854965209961	51.87751007080078	143.34274291992188	140.0515899658203	73.82903289794922	117.00252532958984	151.6549072265625	87.50944519042969	73.98908996582031	320.3583068847656	311.7814025878906	110.88544464111328	25.426050186157227	3.5006561279296875	36.3013916015625	289.42352294921875	11.54011058807373	0.0	260.71221923828125	254.23648071289062	26.631977081298828	0.0	249.25535583496094	118.21891021728516	64.03643798828125	193.12576293945312	178.33648681640625	21.32908058166504	59.56998062133789	43.25788116455078	280.30609130859375	327.5603332519531	57.03612518310547	156.6190948486328	278.5445251464844	176.65914916992188	0.0	263.712646484375	307.6337585449219	0.0	0.0	232.11607360839844	105.35694885253906	0.0	0.0	0.0	0.0	135.60830688476562	198.8699493408203	0.0	0.0	241.29458618164062	193.51873779296875	0.0	184.03103637695312	263.65496826171875	134.94224548339844	0.0	247.10150146484375	235.4641876220703	43.98100280761719
642.265625	1046.982421875	312.4436340332031	249.34242248535156	994.4579467773438	845.19677734375	104.61805725097656	1143.2227783203125	675.34912109375	359.15899658203125	655.1231689453125	1092.154296875	165.6793212890625	335.7878723144531	392.7082824707031	728.0071411132812	531.83642578125	377.7666015625	170.4729461669922	429.81951904296875	303.9228820800781	309.1336669921875	838.8890991210938	568.2074584960938	388.0164794921875	564.3290405273438	804.4248046875	321.4827880859375	155.59117126464844	273.6212463378906	435.78924560546875	336.655517578125	257.1634826660156	281.51629638671875	100.48268127441406	0.0	284.42364501953125	270.4933776855469	74.22383117675781	195.58973693847656	10.934066772460938	72.51868438720703	236.57196044921875	247.12998962402344	289.523681640625	294.1034851074219	213.74436950683594	163.2480926513672	150.31300354003906	160.989990234375	141.849365234375	76.05935668945312	0.0	0.0	62.388038635253906	99.10366821289062	240.25033569335938	277.3768615722656	208.15306091308594	43.82880401611328	42.322940826416016	63.654441833496094	31.089914321899414	26.208049774169922	0.0	46.98842239379883	0.0	0.0	0.0	0.0	0.0	39.27349853515625	8.839544296264648	20.929262161254883	0.0	61.82621383666992	0.0	0.0	0.0	96.3979263305664	0.0	60.139591217041016	65.68827056884766	35.08782196044922	0.0	0.0	30.96227264404297	0.0	60.83402633666992	0.0	81.15650939941406	23.507705688476562	42.637123107910156	27.022119522094727	8.190753936767578	25.868854522705078	0.0	0.0	0.0	0.0	0.0	0.0	0.0	0.0	0.0	0.0	0.0	0.0	16.087223052978516	29.12067413330078	38.8360481262207	22.42893409729004	97.06163024902344	148.27059936523438	219.90663146972656	152.7273406982422	289.49517822265625	347.5829772949219	235.56883239746094	218.64389038085938	340.37530517578125	360.0628662109375	277.0029296875	270.9983825683594	100.69584655761719	130.79104614257812	310.6562194824219	227.59910583496094	0.0	0.0	0.0	0.0	0.0	0.0	0.0	0.0	0.0	0.0	0.0	0.0	0.0	0.0	0.0	0.0	464.0832824707031	841.0094604492188	669.10205078125	181.76251220703125	455.10394287109375	552.0630493164062	584.4890747070312	220.6312713623047	429.6065673828125	407.1671142578125	742.555419921875	654.3407592773438	845.9844360351562	1090.698974609375	970.2044067382812	428.52093505859375	321.2443542480469	519.440673828125	520.1951904296875	338.9815673828125	356.6287536621094	595.7586059570312	630.79541015625	434.9731140136719	699.3692016601562	794.1705322265625	666.6648559570312	409.00384521484375	380.66754150390625	688.3027954101562	631.8241577148438	368.25799560546875	49.622318267822266	0.0	1.9160236120224	28.755456924438477	185.6109619140625	0.0	57.95378494262695	0.0	140.67996215820312	28.87286376953125	25.86299705505371	44.60675048828125	10.861618995666504	28.09779930114746	159.94911193847656	0.0	471.57037353515625	556.0140991210938	440.538330078125	69.32368469238281	148.45510864257812	154.60276794433594	154.9114990234375	210.08689880371094	641.774658203125	808.3058471679688	748.785888671875	348.96343994140625	546.7382202148438	571.247314453125	182.95480346679688	50.99683380126953	77.2195053100586	179.9163818359375	179.29586791992188	72.3948745727539	180.52659606933594	10.16716480255127	218.75244140625	230.59165954589844	157.75254821777344	0.0	149.2891082763672	69.23478698730469	227.93960571289062	135.31402587890625	314.9102478027344	170.2743682861328	287.4107666015625	209.9357147216797	232.70921325683594	406.9012756347656	132.6895751953125	283.15411376953125	412.7906188964844	388.469970703125	182.3982391357422	308.3293151855469	180.89581298828125	32.1174201965332	0.0	11.636207580566406	153.61209106445312	147.6233673095703	27.57779312133789	271.22918701171875	46.95665740966797	0.0	298.9081726074219	375.72991943359375	88.08340454101562	172.6448211669922	0.0	8.01657772064209	39.81882858276367	219.66905212402344	311.7987060546875	308.42816162109375	191.98838806152344	225.18246459960938
700.1589965820312	1078.460205078125	628.0709838867188	550.2368774414062	996.1304321289062	1096.2821044921875	99.42190551757812	964.1458740234375	374.737548828125	352.85125732421875	915.75732421875	1078.40234375	43.35697555541992	669.596435546875	1009.380615234375	456.7961120605469	720.8280639648438	831.3004760742188	624.9912109375	596.5016479492188	440.10186767578125	398.5884094238281	780.2789916992188	885.2886962890625	394.6803283691406	689.9070434570312	933.234375	901.4981689453125	413.6210021972656	568.6051025390625	374.1701354980469	275.03875732421875	0.0	275.0716857910156	251.51393127441406	107.24214172363281	345.14208984375	477.5968322753906	350.7103576660156	129.89527893066406	154.5305938720703	0.0	253.07049560546875	421.42010498046875	72.87849426269531	140.1422119140625	463.2834777832031	481.3867492675781	248.8759002685547	283.80902099609375	350.51361083984375	250.8453826904297	69.66991424560547	0.0	90.78599548339844	92.11185455322266	115.58712768554688	265.731201171875	294.3818359375	277.1365661621094	151.63807678222656	73.03795623779297	0.0	22.446157455444336	0.0	0.0	0.0	0.0	0.0	0.0	0.0	0.0	0.0	0.0	0.0	0.0	0.0	0.0	0.0	0.0	0.0	53.44144058227539	108.99740600585938	128.4698028564453	0.0	0.0	3.6386897563934326	10.105621337890625	59.204952239990234	0.9645653963088989	0.0	77.4075698852539	73.20002746582031	0.0	0.0	66.6468276977539	0.0	0.0	0.0	0.0	0.0	0.0	0.0	0.0	0.0	0.0	0.0	0.0	0.0	0.0	0.0	80.5922622680664	268.916748046875	269.8798828125	308.4075622558594	314.9856872558594	250.9425811767578	324.2430114746094	424.8651123046875	458.9027404785156	156.64187622070312	382.62835693359375	369.704833984375	389.2522888183594	160.7821807861328	345.3110046386719	397.4239807128906	227.05686950683594	0.0	0.0	0.0	0.0	0.0	0.0	0.0	0.0	0.0	0.0	0.0	0.0	0.0	0.0	0.0	0.0	225.5999755859375	937.8482055664062	1203.78662109375	834.5389404296875	771.9642333984375	1330.07666015625	1265.3839111328125	744.47998046875	656.8123779296875	318.28155517578125	753.8779296875	1154.700927734375	376.8685302734375	668.3967895507812	1277.4053955078125	1266.047119140625	525.3556518554688	638.227783203125	817.927978515625	628.9073486328125	724.1464233398438	712.31103515625	769.03173828125	791.4102783203125	421.6695251464844	752.3116455078125	810.9019775390625	796.0905151367188	478.31378173828125	863.2486572265625	762.091552734375	682.6893310546875	119.712646484375	0.0	0.0	57.90860366821289	195.1509552001953	37.68950271606445	0.0	171.1637725830078	87.84251403808594	79.5115737915039	0.0	0.0	0.0	258.6615905761719	78.73749542236328	0.0	818.8724365234375	1093.8427734375	1048.6158447265625	570.2622680664062	585.1521606445312	441.48297119140625	224.09971618652344	79.59276580810547	335.2615966796875	671.882568359375	1047.208251953125	1006.0650024414062	315.2943115234375	533.3087158203125	531.7190551757812	142.54440307617188	26.454267501831055	39.609092712402344	94.93209838867188	262.7503967285156	263.1903381347656	97.51606750488281	369.4629211425781	572.4223022460938	163.2123565673828	140.7739715576172	70.43476867675781	95.45263671875	11.909605979919434	260.83447265625	170.98362731933594	238.82118225097656	585.01318359375	516.9743041992188	243.0402069091797	360.5897521972656	0.0	330.1759948730469	524.459716796875	387.8915100097656	165.05908203125	574.4343872070312	525.5855102539062	20.64777946472168	132.37159729003906	146.39779663085938	0.0	0.0	0.0	0.0	16.472917556762695	0.0	188.94078063964844	494.5811767578125	372.92034912109375	12.022747039794922	172.78103637695312	0.0	40.5898551940918	157.0139617919922	88.39479064941406	88.13213348388672	521.3450317382812	568.3739624023438
233.83905029296875	211.39820861816406	545.399169921875	669.1248168945312	147.06541442871094	95.96480560302734	851.2694702148438	741.5393676757812	52.663997650146484	44.6398811340332	1135.1514892578125	665.67578125	30.95006561279297	195.97088623046875	1036.1676025390625	325.5018310546875	412.4898986816406	600.1556396484375	613.4041748046875	300.1274719238281	64.46953582763672	588.3469848632812	567.0916137695312	241.43768310546875	4.652981758117676	552.7826538085938	421.5303039550781	190.98773193359375	2.1138916015625	507.7695007324219	316.4693603515625	123.94764709472656	0.0	3.0687673091888428	90.61032104492188	83.28807830810547	270.36761474609375	272.34930419921875	168.4124298095703	89.90499114990234	19.405698776245117	0.0	198.09158325195312	50.77067565917969	0.0	0.0	176.47239685058594	43.40272521972656	314.2737731933594	346.1363830566406	232.01966857910156	25.08608055114746	0.0	48.67833709716797	24.539331436157227	0.0	52.55660629272461	142.77145385742188	68.11078643798828	0.0	44.86058044433594	88.9537353515625	0.0	0.0	0.0	0.0	0.0	22.4967041015625	0.0	0.0	0.0	132.1311798095703	0.0	0.0	37.78722381591797	110.50057220458984	0.0	0.0	69.61432647705078	79.22972106933594	50.945465087890625	70.76216125488281	107.35578155517578	27.114076614379883	38.771121978759766	0.0	20.519418716430664	0.0	0.0	0.0	2.2367260456085205	0.0	5.278587818145752	0.7436801195144653	0.0	3.026155948638916	0.0	0.0	0.0	0.0	10.105775833129883	0.0	0.0	9.503870010375977	21.72223472595215	0.0	0.0	15.430033683776855	0.0	0.0	0.0	39.25074768066406	373.0856628417969	379.76043701171875	358.3431396484375	119.86196899414062	96.84052276611328	179.4175567626953	165.2911376953125	114.95926666259766	43.736732482910156	113.09220886230469	157.2705078125	101.55191040039062	8.196191787719727	114.93700408935547	193.11758422851562	74.12075805664062	0.0	0.0	0.0	0.0	0.0	0.0	0.0	4.596775531768799	0.0	16.933856964111328	0.0	16.04317283630371	0.0	0.0	0.0	49.08340072631836	462.2070617675781	441.86962890625	283.4202575683594	119.07438659667969	1020.6436157226562	1100.17041015625	767.8748779296875	213.5500946044922	29.54401397705078	251.9003143310547	279.84716796875	114.24486541748047	33.693885803222656	191.40126037597656	196.81332397460938	53.53866195678711	647.0927734375	650.41455078125	450.1611328125	78.29328155517578	477.6376953125	671.3840942382812	549.8528442382812	233.95648193359375	71.83137512207031	231.17758178710938	247.78456115722656	262.8907165527344	120.50423431396484	289.91229248046875	212.9613494873047	218.2698211669922	60.226707458496094	8.817911148071289	108.99874877929688	0.0	0.0	0.0	84.8336410522461	0.0	12.010907173156738	34.07471466064453	168.88461303710938	0.0	4.449934959411621	88.06069946289062	174.377197265625	0.0	839.1461791992188	875.0830078125	582.2432861328125	58.110206604003906	455.7530517578125	478.6014099121094	179.88711547851562	17.2231502532959	32.243614196777344	148.1232147216797	164.95445251464844	49.72795104980469	73.9511489868164	100.26107025146484	119.84939575195312	46.468467712402344	35.84380340576172	0.0	8.736651420593262	0.0	208.65504455566406	210.36207580566406	419.89642333984375	61.0120849609375	0.0	165.27752685546875	263.85968017578125	25.69261360168457	0.0	206.4521942138672	179.49542236328125	38.47397232055664	238.24014282226562	276.46734619140625	327.7572326660156	254.82237243652344	0.0	204.7400665283203	225.96844482421875	182.58523559570312	60.42348861694336	285.8214416503906	241.00303649902344	78.42454528808594	24.46402931213379	155.57289123535156	155.1793212890625	0.0	0.0	0.0	0.0	111.59861755371094	302.3164978027344	228.0337371826172	81.20114135742188	198.5472869873047	118.80683898925781	12.206464767456055	180.76002502441406	171.46743774414062	0.0	0.0	200.4637908935547	159.01890563964844
21.39421272277832	210.5771484375	1076.2886962890625	463.4628601074219	16.98671531677246	362.6418151855469	1088.117919921875	238.3000946044922	18.220230102539062	391.96502685546875	1126.3031005859375	238.5017852783203	44.216636657714844	423.1357421875	1060.4068603515625	152.866943359375	9.577858924865723	576.9932250976562	346.48681640625	143.46359252929688	4.899895668029785	532.1367797851562	320.804443359375	129.9679412841797	6.460593223571777	564.5487060546875	360.6361389160156	135.8133544921875	72.21466064453125	473.80517578125	318.974365234375	127.45972442626953	0.0	0.0	172.3727264404297	69.96479034423828	30.59116554260254	46.282779693603516	198.19703674316406	35.038658142089844	0.0	44.91360855102539	167.73202514648438	36.3420524597168	0.0	66.7397689819336	154.00924682617188	10.655881881713867	55.55340576171875	100.27388000488281	0.0	0.0	79.94441986083984	103.02601623535156	0.0	0.0	72.66474151611328	103.77066802978516	0.0	0.0	70.51261138916016	118.10884857177734	44.202354431152344	0.0	0.0	0.0	54.025672912597656	60.87277603149414	0.0	0.0	87.78592681884766	39.05069351196289	0.0	0.0	110.63760375976562	21.642032623291016	0.0	0.0	78.59247589111328	7.183416366577148	4.458167552947998	0.0	0.0	3.345510959625244	0.0	0.0	0.0	3.950089693069458	0.0	0.0	0.0	8.692206382751465	12.025135040283203	0.0	0.0	11.065531730651855	0.0	0.0	0.0	9.360156059265137	0.0	0.0	0.0	37.627227783203125	0.0	0.0	0.0	20.591148376464844	0.0	0.0	6.403846740722656	46.7986946105957	7.440248966217041	75.20050048828125	177.7540283203125	58.55887222290039	4.67811393737793	131.10313415527344	158.65957641601562	61.402217864990234	1.7979068756103516	142.87908935546875	178.69520568847656	85.98455047607422	25.399269104003906	184.35812377929688	233.93594360351562	116.51748657226562	0.0	0.0	0.0	30.22780418395996	0.0	0.0	0.0	67.87705993652344	0.0	0.0	0.0	59.24464797973633	0.0	0.0	0.0	38.4337158203125	27.184526443481445	153.3783721923828	237.12521362304688	68.6352310180664	122.35972595214844	353.67681884765625	206.1512451171875	0.0	98.2619400024414	277.6318359375	163.370361328125	0.0	158.23397827148438	341.71942138671875	209.88421630859375	6.611629009246826	141.62623596191406	285.5263366699219	188.16929626464844	198.91806030273438	164.8077392578125	303.9228820800781	146.32077026367188	192.37118530273438	186.92791748046875	322.1375732421875	152.570068359375	225.46054077148438	283.18768310546875	485.89990234375	400.2661437988281	362.6080322265625	7.0207061767578125	94.83744049072266	192.53819274902344	0.0	13.082265853881836	152.1221466064453	175.14842224121094	0.0	26.541366577148438	154.42941284179688	145.45431518554688	0.0	21.49464988708496	195.10806274414062	134.4208984375	0.0	77.31463623046875	107.7691879272461	167.306396484375	37.47709655761719	146.0267791748047	175.28439331054688	142.7750701904297	30.775300979614258	159.98641967773438	155.66796875	148.3595733642578	28.51662826538086	211.95391845703125	222.33517456054688	233.61959838867188	82.42263793945312	0.0	231.68382263183594	160.35430908203125	45.075687408447266	0.0	288.38427734375	166.99606323242188	41.92378616333008	0.0	279.5890808105469	115.59355163574219	24.587251663208008	0.0	295.1912536621094	104.63105010986328	20.066850662231445	54.24384307861328	267.4519348144531	223.22007751464844	0.0	32.67811965942383	177.0340118408203	233.2570343017578	0.0	9.096487998962402	206.37486267089844	224.16554260253906	0.0	23.37550926208496	149.33871459960938	125.06065368652344	0.0	0.0	0.0	225.35818481445312	183.12876892089844	0.0	0.0	211.47984313964844	168.4671630859375	0.0	0.0	198.6465606689453	142.0578155517578	0.0	0.0	154.3057403564453	132.2242431640625
30.348316192626953	356.6898498535156	404.3251647949219	813.9853515625	45.79881286621094	81.2675552368164	1208.7548828125	925.994384765625	73.35478210449219	1161.5120849609375	1333.030517578125	202.38478088378906	524.2727661132812	1410.3297119140625	849.0491333007812	243.97181701660156	91.27645111083984	284.4029846191406	561.9634399414062	293.46917724609375	76.94116973876953	569.5858764648438	577.4482421875	284.4359436035156	574.4143676757812	590.659912109375	282.5654296875	72.7621841430664	693.7169189453125	527.5968017578125	417.60272216796875	329.13873291015625	127.93367004394531	213.1023406982422	159.84104919433594	141.56820678710938	32.27919006347656	0.0	224.36346435546875	141.44407653808594	0.611762285232544	216.9241180419922	281.2484436035156	21.419084548950195	0.0	182.7355194091797	38.602909088134766	20.08938980102539	46.31584548950195	39.58424758911133	31.715383529663086	11.458276748657227	15.92911434173584	84.95930480957031	42.229312896728516	14.145246505737305	57.70994186401367	33.18986129760742	0.0	0.5620863437652588	254.34637451171875	166.52047729492188	183.88427734375	63.497520446777344	1.4335296154022217	0.0	0.0	86.73284149169922	0.0	0.0	6.75868034362793	78.98280334472656	0.0	0.0	0.0	30.408885955810547	0.0	0.0	0.0	10.270397186279297	3.4079432487487793	0.0	19.86257553100586	0.0	0.0	28.463603973388672	0.0	31.276439666748047	0.0	0.0	26.318967819213867	0.2161998599767685	11.511000633239746	87.84817504882812	49.93705749511719	5.2236809730529785	0.0	0.0	43.87562942504883	0.0	0.0	0.0	0.0	42.94670104980469	0.0	0.0	0.0	45.17724609375	0.0	0.0	0.0	0.0	0.0	114.71019744873047	176.80825805664062	108.46070098876953	29.05063819885254	123.41568756103516	175.15167236328125	127.15750885009766	123.14167022705078	135.8678436279297	142.8559112548828	133.21112060546875	249.9603271484375	484.70782470703125	388.1129455566406	223.07559204101562	0.0	0.0	0.0	0.0	0.0	28.46345329284668	0.0	0.0	30.80496597290039	0.0	0.0	12.292862892150879	0.0	0.0	0.0	0.0	210.3267059326172	805.8604736328125	905.8778686523438	377.4482727050781	91.94168853759766	165.30067443847656	150.57261657714844	156.66159057617188	111.17706298828125	268.9710693359375	416.4756774902344	197.10252380371094	251.9402618408203	447.5375061035156	379.5935974121094	27.249340057373047	136.34585571289062	470.2979431152344	585.8621826171875	293.8647155761719	45.25832748413086	284.8619079589844	240.3456573486328	261.2731628417969	277.61053466796875	257.6859436035156	268.6832580566406	286.0437316894531	662.2579345703125	781.1975708007812	757.3248901367188	466.61785888671875	12.465005874633789	18.842411041259766	47.48481750488281	0.0	23.883983612060547	67.369873046875	13.444000244140625	0.0	110.44286346435547	77.7547378540039	0.0	0.0	68.33250427246094	163.93382263183594	0.0	57.116024017333984	240.12928771972656	487.643798828125	301.5707092285156	47.29861068725586	16.1663875579834	108.77684783935547	118.95226287841797	93.49566650390625	67.74966430664062	228.70907592773438	217.8314666748047	131.3646240234375	762.8096313476562	686.080322265625	380.3577575683594	285.6049499511719	0.0	37.62908172607422	353.3158874511719	214.5219268798828	0.0	102.15044403076172	194.0731658935547	39.37751388549805	0.0	250.43495178222656	161.96365356445312	124.33399963378906	32.68419647216797	48.19609832763672	0.0	99.32361602783203	0.0	131.47889709472656	317.6929931640625	143.56756591796875	124.29035949707031	355.3088073730469	377.0633850097656	0.0	427.7651062011719	368.2083435058594	0.0	118.09352111816406	320.33770751953125	88.64402770996094	197.57418823242188	146.0341796875	57.610408782958984	177.9617156982422	106.7689437866211	138.48373413085938	50.28475570678711	39.7216911315918	215.447021484375	190.2537078857422	0.0	114.6638412475586	270.6069641113281	144.48507690429688	0.0	192.19955444335938	161.75833129882812	46.26734924316406
69.3847885131836	164.08766174316406	422.4920654296875	393.77923583984375	84.7056655883789	88.69236755371094	729.3853149414062	578.040283203125	17.683332443237305	387.2097473144531	946.6158447265625	713.4270629882812	267.28045654296875	480.2568054199219	915.9104614257812	573.4542236328125	73.14156341552734	364.9600830078125	348.8292541503906	186.52169799804688	0.0	387.1683044433594	482.3327941894531	228.15187072753906	279.9091796875	561.0191650390625	619.1532592773438	275.00213623046875	267.3915100097656	514.5382690429688	396.1445007324219	157.9470672607422	112.77897644042969	112.56246185302734	51.396270751953125	51.174076080322266	46.06399154663086	59.45082473754883	72.56390380859375	67.01512908935547	0.0	0.0	111.27237701416016	49.74674606323242	71.63829803466797	39.167545318603516	206.031005859375	89.28692626953125	78.51844024658203	88.9560775756836	36.673858642578125	0.0	0.0	85.01622009277344	43.776023864746094	0.0	73.18965148925781	142.72061157226562	118.95123291015625	25.933868408203125	66.26701354980469	94.33914947509766	31.989112854003906	30.372814178466797	0.0	0.0	0.18247579038143158	39.38693618774414	0.0	0.0	29.24978256225586	99.30619049072266	0.0	0.0	11.704107284545898	121.15380859375	0.0	0.0	48.67555236816406	97.75272369384766	0.0	44.604820251464844	0.0	17.993621826171875	0.0	44.58002471923828	21.429656982421875	0.0	0.0	0.0	55.80145263671875	0.0	20.22747230529785	6.924912929534912	17.660797119140625	12.017051696777344	6.317347049713135	0.0	0.0	0.0	0.0	0.0	0.0	0.0	0.0	0.0	0.0	0.0	0.0	0.0	18.45423698425293	32.44084930419922	83.43822479248047	111.49866485595703	178.4379119873047	39.99964141845703	15.32034969329834	143.8776092529297	162.31805419921875	77.42874145507812	95.09517669677734	166.84458923339844	212.5286865234375	135.72850036621094	103.73292541503906	195.4198455810547	194.5388641357422	101.7550048828125	0.0	0.0	0.0	0.0	0.0	0.0	0.0	0.0	0.0	0.0	0.0	0.0	0.0	0.0	0.0	0.0	407.4365234375	594.9115600585938	273.9709777832031	60.19027328491211	113.5702896118164	348.18353271484375	245.00352478027344	80.6031265258789	41.36136245727539	228.43711853027344	218.5939483642578	101.82022857666016	209.31312561035156	448.6606750488281	411.3931884765625	233.29879760742188	292.90924072265625	395.964599609375	355.2685546875	115.12255096435547	85.01148986816406	290.4322814941406	245.46868896484375	168.8971710205078	154.19346618652344	371.2315368652344	359.6337890625	253.91236877441406	320.0802917480469	575.7514038085938	574.1763916015625	320.8291015625	16.241121292114258	0.0	142.58349609375	0.0	60.20644760131836	0.0	148.94512939453125	0.0	99.66387176513672	4.203944683074951	118.15272521972656	0.0	88.16584014892578	31.763336181640625	54.19651794433594	0.0	304.50213623046875	319.6911315917969	247.59149169921875	0.0	92.19373321533203	173.45245361328125	139.55606079101562	0.0	122.30552673339844	301.3038024902344	324.2382507324219	89.04940032958984	287.8789978027344	375.576171875	312.32147216796875	114.82386779785156	0.0	231.60292053222656	276.7103271484375	41.3023796081543	0.0	118.50923919677734	288.78875732421875	53.809906005859375	0.0	55.98155212402344	240.62655639648438	0.0	61.605751037597656	83.18043518066406	224.44586181640625	38.801998138427734	0.0	94.2905502319336	223.24832153320312	130.5297393798828	24.013561248779297	251.66162109375	275.6336975097656	218.40365600585938	192.565673828125	288.7900390625	191.16172790527344	200.5747833251953	93.32919311523438	95.1163558959961	0.0	0.0	139.43043518066406	116.98395538330078	39.126708984375	116.95061492919922	93.12134552001953	107.87458038330078	0.0	119.35199737548828	0.0	0.0	18.75032615661621	117.5003433227539	0.0	57.73262023925781	162.336669921875	174.17837524414062
2.0262112617492676	1181.9879150390625	826.7649536132812	145.23779296875	85.96847534179688	974.4307861328125	500.26861572265625	537.0176391601562	120.69815063476562	756.6296997070312	832.8314819335938	679.541259765625	107.53713989257812	537.8564453125	353.2498779296875	721.4022827148438	391.8248596191406	424.3095397949219	321.20001220703125	204.4810333251953	335.98779296875	518.8198852539062	504.4528503417969	369.7459716796875	342.05877685546875	510.27490234375	693.5140991210938	454.876953125	189.1735076904297	274.5159606933594	605.5319213867188	416.2232360839844	13.003294944763184	144.20225524902344	67.86004638671875	54.83208084106445	0.0	49.81726837158203	0.0	98.5385971069336	0.0	184.5433349609375	88.98212432861328	121.87745666503906	158.6407012939453	167.6080780029297	193.96871948242188	230.77508544921875	76.08853149414062	33.788150787353516	0.0	0.0	70.47563934326172	126.3176040649414	173.9960479736328	80.2596435546875	113.05551147460938	90.3060531616211	45.93007278442383	4.303303241729736	121.74607849121094	187.50975036621094	198.83395385742188	75.45799255371094	0.0	0.0	49.71501541137695	12.604612350463867	0.0	0.0	34.45023727416992	11.886553764343262	0.0	0.0	0.0	90.82269287109375	0.0	61.032711029052734	49.85871505737305	84.67478942871094	1.535079836845398	0.0	0.0	14.640302658081055	1.3652187585830688	48.43794250488281	10.180107116699219	29.519704818725586	17.2915096282959	20.330751419067383	51.70326614379883	0.0	5.515122890472412	63.84110641479492	0.0	70.92889404296875	0.0	0.0	21.753433227539062	0.0	0.0	0.0	0.0	0.0	0.0	0.0	0.0	22.899873733520508	0.0	0.0	6.292217254638672	0.0	5.551335334777832	121.98880004882812	227.19122314453125	73.75575256347656	61.98979568481445	203.59791564941406	314.9327697753906	252.27491760253906	106.99556732177734	285.949462890625	398.572021484375	293.7590637207031	107.27394104003906	246.05894470214844	322.0147399902344	253.64549255371094	0.6020670533180237	0.0	17.953449249267578	39.21045684814453	0.0	0.0	0.0	0.0	0.0	0.0	0.0	0.0	0.0	0.0	0.0	0.0	199.46279907226562	262.12640380859375	174.6831817626953	58.46986389160156	164.3404083251953	184.66497802734375	229.89517211914062	86.99560546875	331.2727355957031	436.64190673828125	599.46923828125	307.0443420410156	512.9019165039062	739.1749267578125	718.929931640625	492.1994323730469	208.72164916992188	162.5637664794922	311.7208251953125	193.01150512695312	230.99911499023438	367.0086669921875	480.48004150390625	293.1988220214844	433.8407287597656	735.8653564453125	855.4157104492188	470.4161376953125	398.8134460449219	801.2709350585938	942.1432495117188	562.0752563476562	0.0	97.65506744384766	0.0	0.0	2.6793997287750244	200.52960205078125	27.02602767944336	0.0	0.0	198.18899536132812	0.0	78.69515991210938	0.0	157.87890625	0.0	22.183340072631836	87.6794662475586	88.65788269042969	53.613487243652344	46.13138198852539	99.56443786621094	296.49713134765625	373.32916259765625	315.5722351074219	298.9451599121094	412.600341796875	322.2381591796875	137.3636016845703	466.3578186035156	683.0557861328125	764.5701293945312	447.2879638671875	10.040053367614746	275.9745178222656	5.963953495025635	133.79110717773438	50.24382400512695	80.8873291015625	141.65179443359375	18.596342086791992	41.42872619628906	142.92755126953125	270.477294921875	188.50735473632812	35.14277648925781	231.11691284179688	217.41810607910156	66.66573333740234	150.84471130371094	208.24270629882812	323.83050537109375	83.44860076904297	91.11478424072266	349.0205993652344	394.53753662109375	196.7500762939453	100.72535705566406	156.92864990234375	276.9548645019531	193.8907012939453	0.0	0.0	220.17115783691406	1.4924966096878052	0.0	76.61653900146484	142.48097229003906	64.7813720703125	0.0	35.64681625366211	28.13294219970703	97.62419891357422	0.0	0.0	128.6037139892578	153.71266174316406	139.0708465576172	154.67005920410156	26.544633865356445	122.78807830810547
16.436365127563477	775.77490234375	742.51953125	975.1489868164062	235.43019104003906	888.7377319335938	756.591796875	1118.777587890625	213.53555297851562	491.9532165527344	1333.9114990234375	772.6689453125	3.6910576820373535	1444.824462890625	1349.71044921875	0.0	580.1984252929688	606.4544067382812	883.5592041015625	668.2122802734375	320.68634033203125	601.493896484375	651.4888916015625	360.4914855957031	302.13092041015625	681.0239868164062	474.2131042480469	222.45994567871094	658.4313354492188	584.21826171875	299.2552795410156	57.51050567626953	0.0	55.126487731933594	20.671554565429688	188.4322509765625	244.17578125	320.382568359375	307.2987060546875	354.4559020996094	149.09698486328125	87.38681030273438	311.0599670410156	151.8743896484375	0.0	258.11297607421875	268.7557373046875	11.398870468139648	225.49966430664062	243.88926696777344	291.8289794921875	181.7169189453125	131.831298828125	53.661006927490234	0.0	0.31687551736831665	62.07851028442383	111.41434478759766	1.2913649082183838	2.221669912338257	96.3628921508789	25.175203323364258	2.581367254257202	0.0	0.0	0.0	0.0	4.485538482666016	0.0	0.0	0.0	90.37229919433594	0.0	0.0	9.729463577270508	24.006977081298828	0.0	0.0	19.189146041870117	2.9291369915008545	0.42927372455596924	0.0	84.61084747314453	35.9028205871582	0.0	33.36783218383789	15.630002975463867	34.65662384033203	0.0	51.529048919677734	3.4672608375549316	39.94406509399414	0.0	0.0	33.557125091552734	0.0	0.0	0.0	0.0	0.0	0.0	0.0	19.45138931274414	21.360027313232422	0.0	0.0	17.156023025512695	59.12248992919922	0.0	0.0	38.6085319519043	51.525447845458984	191.51963806152344	246.96994018554688	342.42071533203125	329.1430358886719	31.845083236694336	232.46771240234375	263.7400207519531	213.375	116.33379364013672	131.77352905273438	202.57659912109375	183.94219970703125	166.91860961914062	275.1331481933594	198.88877868652344	111.33323669433594	0.0	0.0	0.0	0.0	0.0	0.0	0.0	0.0	0.0	0.0	0.0	0.0	0.16437819600105286	0.0	0.0	36.54795455932617	71.77570343017578	471.7264709472656	779.4230346679688	671.7297973632812	613.7881469726562	1137.481201171875	1128.989990234375	755.1570434570312	427.6680908203125	388.1650085449219	380.4619140625	252.6645050048828	105.67919921875	323.1488037109375	382.5452880859375	142.1093292236328	417.66448974609375	603.4295654296875	740.8795166015625	567.8392333984375	334.67071533203125	791.5953369140625	877.250244140625	538.09130859375	215.39932250976562	374.07574462890625	367.18511962890625	334.4847106933594	493.3994445800781	481.8691101074219	321.4281311035156	304.71435546875	65.908447265625	90.3951644897461	0.0	0.0	0.0	85.7609634399414	0.0	0.0	5.9672112464904785	56.84177780151367	0.0	0.0	101.79615020751953	122.65425872802734	0.0	0.0	317.68035888671875	886.8104248046875	954.9407958984375	552.3693237304688	466.15667724609375	620.1861572265625	326.1396179199219	121.22171783447266	68.82540893554688	259.2098083496094	254.3120880126953	97.12919616699219	83.83222198486328	154.19337463378906	88.9286117553711	80.45093536376953	0.0	0.0	105.32487487792969	165.12594604492188	116.43330383300781	48.812381744384766	433.1164855957031	436.6709289550781	0.0	230.54603576660156	245.51466369628906	46.53001403808594	43.137428283691406	199.517822265625	57.94765090942383	75.34832763671875	341.36016845703125	469.8028259277344	410.68756103515625	412.51617431640625	8.994160652160645	283.0628967285156	324.6802978515625	0.0	262.2381591796875	431.5926818847656	256.9602966308594	8.973628044128418	334.5264587402344	322.5364990234375	0.0	0.0	0.0	0.0	0.0	129.34474182128906	138.60325622558594	248.02944946289062	311.09820556640625	331.0473327636719	194.8611602783203	35.770721435546875	306.2145080566406	260.61151123046875	0.0	284.3849182128906	343.7877197265625	144.1029510498047
37.80686950683594	428.6107482910156	647.3353271484375	1029.3681640625	47.35176086425781	358.6766052246094	1048.40478515625	1063.4664306640625	362.5885314941406	753.1497802734375	742.3677978515625	729.6309814453125	524.8931884765625	535.1974487304688	911.7869262695312	1007.157958984375	134.50135803222656	380.6746826171875	705.205078125	414.3807373046875	301.1940612792969	768.293212890625	775.7110595703125	432.88946533203125	260.652099609375	542.3895263671875	806.4235229492188	459.35369873046875	611.6185302734375	1007.6581420898438	906.6958618164062	317.6805725097656	99.2299575805664	159.1654510498047	174.2508087158203	258.1657409667969	0.0	32.68195724487305	181.13351440429688	171.92713928222656	124.05876922607422	354.9927978515625	221.7350311279297	165.56141662597656	0.0	97.02348327636719	327.47711181640625	175.20242309570312	134.26907348632812	76.07606506347656	71.48458099365234	22.633779525756836	160.6448516845703	246.31480407714844	214.63868713378906	34.47231674194336	61.37253189086914	71.61768341064453	2.383065700531006	40.149112701416016	392.391845703125	408.9282531738281	202.4487762451172	87.7828140258789	0.0	0.0	0.0	112.97911834716797	0.0	0.0	1.1322723627090454	79.26770782470703	0.0	0.0	0.0	75.78478240966797	0.0	0.0	28.467037200927734	108.02680969238281	0.0	0.0	15.840819358825684	22.634899139404297	0.0	30.50133514404297	70.80203247070312	32.57931900024414	0.0	0.0	34.98221206665039	0.0	61.884521484375	66.2687759399414	92.20185852050781	95.89020538330078	0.0	0.0	0.0	0.0	0.0	0.0	0.0	0.0	0.0	0.0	0.0	25.73684310913086	0.0	0.0	0.0	35.36954879760742	35.33251953125	182.59239196777344	265.22271728515625	166.2067413330078	116.82804107666016	298.644775390625	462.197998046875	322.1550598144531	196.50033569335938	355.6926574707031	383.3138732910156	220.6125030517578	535.141845703125	602.900146484375	464.92041015625	243.65814208984375	0.0	0.0	0.0	0.0	0.0	0.0	0.0	0.0	0.0	0.0	0.0	0.0	0.0	0.0	0.0	0.0	298.9530334472656	790.7874145507812	972.919677734375	646.6609497070312	148.53407287597656	189.84376525878906	585.2780151367188	334.1584777832031	425.2824401855469	1123.74853515625	1254.9608154296875	357.1061096191406	305.9266662597656	487.19305419921875	812.1060180664062	596.0686645507812	151.54246520996094	587.4105834960938	688.905029296875	481.73040771484375	335.6436462402344	697.1784057617188	733.4647216796875	467.9950256347656	362.7830505371094	754.45458984375	799.2333374023438	409.5945739746094	866.8907470703125	949.901123046875	733.98095703125	399.0351257324219	6.593913555145264	149.7584228515625	70.10140991210938	0.0	39.3851203918457	89.30552673339844	132.12237548828125	0.0	123.3247299194336	104.31521606445312	8.84980583190918	0.0	156.05235290527344	87.16914367675781	0.0	0.0	282.4795837402344	647.989501953125	599.9345092773438	132.8204345703125	299.3416442871094	776.8726806640625	701.4658813476562	267.57562255859375	447.0538330078125	735.1049194335938	462.13690185546875	129.35694885253906	1005.3228759765625	1132.4603271484375	877.9873046875	344.0730285644531	0.0	58.926509857177734	348.5039978027344	307.922119140625	0.0	0.0	129.8594207763672	20.739742279052734	53.5385856628418	140.933349609375	478.37249755859375	276.73516845703125	0.0	0.0	21.549091339111328	29.359128952026367	12.899322509765625	187.9204864501953	283.86407470703125	61.62223815917969	108.9461669921875	256.91668701171875	273.4142150878906	258.4989318847656	259.7023620605469	223.88739013671875	319.98260498046875	189.3413543701172	358.58258056640625	374.5382385253906	230.2398681640625	5.4640703201293945	0.0	86.29695892333984	160.92506408691406	254.1209259033203	0.0	0.0	162.70797729492188	219.7478790283203	3.915090322494507	270.3531799316406	157.61184692382812	117.53898620605469	0.0	73.1272201538086	198.57435607910156	168.4210968017578
758.4146728515625	1330.1217041015625	766.4821166992188	347.4460144042969	1254.3814697265625	1440.703369140625	0.0	553.0098266601562	1063.35546875	913.5526123046875	187.9619903564453	1210.2279052734375	779.4099731445312	524.5753784179688	887.2059936523438	1465.942138671875	764.6754150390625	730.7662353515625	460.3670959472656	394.4167785644531	565.7498168945312	246.5647430419922	345.8992614746094	684.7534790039062	489.851318359375	297.5481262207031	771.8685913085938	817.6455078125	357.0638122558594	643.7715454101562	990.2430419921875	776.5723876953125	67.54100799560547	374.93133544921875	253.70538330078125	56.431114196777344	345.0764465332031	504.8363037109375	318.1729736328125	68.0784912109375	194.7852783203125	95.45462036132812	0.3561108112335205	177.47372436523438	50.27354431152344	0.0	185.5844268798828	398.83013916015625	168.3721466064453	229.04820251464844	280.0532531738281	181.17893981933594	73.34947967529297	0.0	77.52733612060547	85.55686950683594	9.358275413513184	6.073609828948975	81.96112823486328	85.68303680419922	190.80520629882812	371.02667236328125	363.0919494628906	114.49681854248047	0.0	0.0	0.0	0.0	0.0	0.0	0.0	0.0	0.0	27.961843490600586	0.0	0.0	17.756305694580078	51.6724967956543	0.0	6.981132984161377	0.0	0.0	112.50930786132812	78.35984802246094	0.0	0.0	21.37119483947754	47.18666458129883	29.27889060974121	0.0	0.0	7.829060077667236	114.61332702636719	51.78620910644531	50.30913543701172	63.205047607421875	0.0	0.0	0.0	0.0	0.0	45.129188537597656	0.0	0.0	0.0	7.228092193603516	0.0	0.0	0.0	0.0	0.0	0.0	171.71493530273438	270.07501220703125	285.1882629394531	292.04998779296875	208.18812561035156	190.0150604248047	212.863037109375	189.2889404296875	227.131591796875	237.78494262695312	195.10940551757812	261.3083801269531	312.75958251953125	506.16094970703125	452.4721374511719	382.7297058105469	0.0	0.0	0.0	0.0	0.0	0.0	0.0	0.0	0.0	0.0	22.5507755279541	0.0	0.0	0.0	0.0	0.0	298.06988525390625	1030.6439208984375	1214.0606689453125	805.745849609375	626.7247314453125	929.14453125	919.6048583984375	746.1025390625	382.14569091796875	214.7550048828125	274.1880187988281	199.20823669433594	581.8511352539062	306.4344787597656	558.22802734375	843.1578979492188	480.7278137207031	707.1626586914062	884.3611450195312	775.9240112304688	460.5900573730469	597.1476440429688	731.0255126953125	461.1256103515625	435.13275146484375	381.1077575683594	480.203125	505.98486328125	704.9912109375	1133.472900390625	1076.4913330078125	765.0403442382812	70.87638854980469	0.0	0.0	76.94026947021484	192.55355834960938	0.0	0.0	150.46072387695312	180.7805938720703	0.0	31.704267501831055	115.26068115234375	182.62869262695312	98.54344940185547	27.369359970092773	0.0	576.6556396484375	830.7887573242188	890.1514282226562	498.2205810546875	437.1961975097656	287.64697265625	288.14666748046875	217.32508850097656	153.96080017089844	6.134280204772949	106.3212661743164	226.17356872558594	611.5469970703125	868.5430297851562	1011.5518188476562	746.6615600585938	145.35775756835938	118.73541259765625	271.1850891113281	316.8287658691406	277.7726135253906	59.34861373901367	301.52117919921875	477.08544921875	279.9361877441406	0.0	38.259098052978516	347.20391845703125	147.4953155517578	0.0	70.23794555664062	155.86883544921875	503.476806640625	370.3739929199219	8.104055404663086	292.9001159667969	92.9273452758789	103.3328857421875	215.86561584472656	428.1268615722656	124.58077239990234	267.1856384277344	459.4881286621094	523.57763671875	144.20281982421875	454.3995361328125	421.39593505859375	4.637266159057617	0.0	246.85830688476562	214.53822326660156	0.0	226.2165985107422	537.3543090820312	426.79559326171875	30.949630737304688	139.4849090576172	258.9750061035156	57.67637634277344	129.68460083007812	72.16009521484375	0.0	0.0	282.34478759765625
161.14712524414062	462.91363525390625	555.5878295898438	423.13946533203125	1257.3656005859375	1154.8555908203125	631.16455078125	233.904052734375	1452.1180419921875	659.2952270507812	78.00395202636719	1036.3580322265625	737.8470458984375	310.5574645996094	705.1133422851562	1008.9390258789062	665.7754516601562	793.3534545898438	650.2960205078125	627.624755859375	735.4732666015625	561.1741333007812	85.8979721069336	648.9397583007812	336.324951171875	465.9733581542969	838.3511962890625	735.5899658203125	459.09466552734375	775.5708618164062	736.5941772460938	168.60227966308594	0.0	0.0	0.0	0.0	392.9490661621094	496.2274169921875	338.67041015625	191.91732788085938	390.86492919921875	251.71261596679688	0.0	255.45494079589844	30.892595291137695	161.72547912597656	431.0162658691406	331.13262939453125	112.17874145507812	249.9601287841797	364.2049255371094	306.55157470703125	152.87344360351562	223.4443817138672	126.70598602294922	24.50074577331543	0.0	55.09856033325195	176.67410278320312	145.3275604248047	334.51025390625	286.6413879394531	186.36685180664062	83.24838256835938	0.0	0.0	0.0	0.0	0.0	0.0	0.0	0.0	0.0	0.0	0.0	0.0	46.7325553894043	0.0	0.0	50.47771453857422	0.0	15.808899879455566	41.662086486816406	134.1781768798828	0.0	11.670212745666504	41.24956130981445	26.285030364990234	0.0	0.0	0.0	0.0	69.22410583496094	26.025964736938477	30.397720336914062	57.89167785644531	0.0	0.0	0.0	0.0	0.0	0.0	0.0	0.0	0.0	0.0	0.0	0.0	0.0	0.0	0.0	0.0	224.47445678710938	318.0965576171875	398.6423034667969	385.64349365234375	122.46371459960938	187.2187957763672	149.61846923828125	247.3109588623047	381.1969909667969	398.2040710449219	314.1661071777344	286.4643249511719	449.6324157714844	454.3338317871094	228.2339324951172	211.61721801757812	9.402181625366211	0.0	0.0	0.0	0.0	0.0	0.0	0.0	0.0	0.0	0.0	0.0	0.0	0.0	0.0	0.0	121.10845947265625	41.95140838623047	176.82725524902344	395.90057373046875	626.40625	1159.54150390625	1159.15673828125	1190.3572998046875	774.56640625	685.176025390625	283.1484375	291.46270751953125	633.6465454101562	607.5101318359375	1085.719970703125	1002.7280883789062	459.9479064941406	563.8318481445312	574.268310546875	580.937744140625	461.18109130859375	678.2735595703125	663.6742553710938	673.2645874023438	613.7047729492188	707.1927490234375	684.556640625	552.8074340820312	851.5883178710938	964.073486328125	649.10498046875	545.9143676757812	104.5945053100586	89.7741470336914	43.477394104003906	57.211097717285156	51.17995071411133	0.0	19.105884552001953	0.0	248.21737670898438	22.377243041992188	69.5057373046875	0.0	122.5626449584961	0.0	0.0	0.0	70.62462615966797	524.6898193359375	901.5415649414062	849.5072021484375	570.8310546875	952.637451171875	888.268310546875	482.4137268066406	365.3759765625	25.733903884887695	269.2216491699219	498.57647705078125	901.3834228515625	969.0484619140625	840.8350830078125	698.9892578125	23.285396575927734	42.062686920166016	0.0	0.0	139.0889129638672	127.48035430908203	152.13536071777344	414.4505310058594	148.0656280517578	0.0	59.222896575927734	164.2549591064453	162.47572326660156	0.0	41.781715393066406	95.37451934814453	595.015625	519.3001098632812	327.760986328125	212.50570678710938	500.717529296875	1.471177577972412	57.2538948059082	395.6673889160156	218.66346740722656	374.5841369628906	523.86962890625	505.1492919921875	294.2556457519531	350.7581787109375	68.02571868896484	0.0	0.0	0.0	0.0	0.0	167.68789672851562	416.41253662109375	385.8158264160156	167.0605010986328	478.51824951171875	447.16412353515625	108.94599151611328	101.87274169921875	0.0	0.0	227.64520263671875	353.3871765136719
35.53508758544922	127.01730346679688	1089.8118896484375	993.754638671875	0.0	1332.556640625	1241.6851806640625	298.9795837402344	435.6558532714844	1152.148193359375	359.5122985839844	465.7486267089844	549.4453125	800.7094116210938	672.7855834960938	568.2229614257812	197.71771240234375	688.9555053710938	722.0519409179688	463.9877624511719	528.0096435546875	612.644775390625	275.5271911621094	175.13690185546875	373.7675476074219	465.24346923828125	449.3143310546875	314.40191650390625	274.3860168457031	634.95751953125	643.476318359375	308.0064392089844	0.0	0.0	376.5364685058594	463.3030700683594	0.0	322.8547058105469	409.6485595703125	172.2263946533203	31.882831573486328	195.171142578125	0.0	63.76895523071289	110.22348022460938	42.912784576416016	159.51235961914062	100.6076889038086	50.654449462890625	115.93074798583984	116.53292846679688	177.45297241210938	116.7981948852539	68.98834991455078	0.0	23.020017623901367	87.5093002319336	85.26280975341797	190.6934814453125	22.947965621948242	76.36180877685547	159.2440185546875	92.60859680175781	79.26009368896484	0.0	0.0	0.0	26.932558059692383	0.0	0.0	0.0	19.297069549560547	0.0	0.0	0.0	39.3813591003418	0.0	0.0	0.0	66.76605224609375	0.0	0.0	0.0	50.17296600341797	0.0	0.0	17.530763626098633	40.470733642578125	0.0	30.50494384765625	0.0	18.693410873413086	29.10007095336914	37.33769989013672	32.07839584350586	42.79007339477539	0.0	0.0	0.0	0.0	0.0	0.0	18.216293334960938	72.11449432373047	0.0	0.0	12.55258560180664	0.0	0.0	0.0	0.0	2.6576573848724365	76.25167083740234	172.6866455078125	148.0443115234375	212.500244140625	51.77442169189453	169.9218292236328	213.96932983398438	114.57189178466797	103.92718505859375	254.63388061523438	394.21087646484375	181.43629455566406	257.653564453125	370.4200744628906	316.81512451171875	186.1415557861328	4.196813106536865	17.33544921875	0.0	0.0	29.81574249267578	0.0	0.0	0.0	0.0	0.0	0.0	0.0	0.0	0.0	0.0	0.0	62.56673049926758	57.620880126953125	549.7178955078125	992.9036254882812	81.78655242919922	554.1592407226562	812.1832885742188	664.6763305664062	144.0532684326172	412.8008728027344	153.53257751464844	28.42798614501953	418.86572265625	590.3727416992188	486.24072265625	278.57958984375	136.665283203125	330.9046325683594	473.934326171875	637.1734008789062	213.8828887939453	326.4413757324219	477.0393981933594	467.1805419921875	362.49005126953125	566.885986328125	607.8028564453125	250.4604949951172	637.483642578125	1092.4306640625	972.2130737304688	428.1876525878906	7.174963474273682	98.12759399414062	0.0	0.0	52.41858673095703	56.071109771728516	0.0	0.0	128.6385040283203	130.22901916503906	18.446374893188477	0.0	150.95571899414062	104.05128479003906	10.672781944274902	0.0	1.9218093156814575	262.3511962890625	560.741455078125	783.200927734375	132.59580993652344	402.6400146484375	383.4347839355469	46.28074264526367	265.2677917480469	394.60211181640625	431.4659423828125	107.23584747314453	419.57562255859375	482.8273010253906	434.8786315917969	245.00509643554688	0.0	86.97804260253906	115.41260528564453	93.1805648803711	19.9841365814209	156.03834533691406	95.17273712158203	123.35021209716797	128.9257049560547	3.8108928203582764	61.504573822021484	74.4863052368164	66.17650604248047	30.57008934020996	212.82913208007812	0.49584442377090454	249.9751434326172	487.3035888671875	453.89166259765625	0.0	293.2962951660156	282.0240478515625	35.18721008300781	166.57891845703125	150.03311157226562	312.7806396484375	346.6159362792969	204.45541381835938	37.96158981323242	392.98291015625	293.5794982910156	27.178794860839844	0.0	0.0	160.36016845703125	367.46148681640625	0.0	232.8602294921875	453.3345031738281	396.8186950683594	0.0	244.68508911132812	128.80181884765625	136.48631286621094	19.020458221435547	9.338513374328613	111.95665740966797	128.0314483642578
31.073535919189453	439.2918701171875	685.4990234375	284.2167053222656	101.00830841064453	613.3468017578125	490.0201416015625	633.94091796875	483.24847412109375	878.5145874023438	976.9815673828125	592.0133056640625	949.6334838867188	870.1917114257812	737.53125	0.0	313.23187255859375	514.1776123046875	564.181396484375	653.6564331054688	164.24472045898438	689.798828125	756.8970336914062	610.8104858398438	536.1209106445312	715.5540771484375	413.4882507324219	178.73965454101562	724.2241821289062	664.2586669921875	364.0669250488281	78.35460662841797	0.0	0.0	33.54218292236328	0.0	96.0647201538086	226.16139221191406	197.67039489746094	394.5115966796875	0.0	246.23043823242188	372.1668395996094	299.302734375	42.83454895019531	208.77987670898438	181.93948364257812	12.076388359069824	216.16162109375	255.6809844970703	310.2300720214844	354.8031005859375	49.21549987792969	5.8174920082092285	119.1338119506836	86.80325317382812	50.23073959350586	136.05027770996094	79.6356430053711	18.968002319335938	114.06657409667969	65.5914306640625	46.351436614990234	33.83062744140625	0.0	0.0	0.0	0.0	0.0	0.0	0.0	62.5814208984375	0.0	0.0	23.89052391052246	23.111356735229492	0.0	0.0	76.84487915039062	44.858943939208984	8.57853889465332	0.0	93.30743408203125	104.05132293701172	0.0	0.0	0.0	57.10429763793945	0.0	0.0	0.0	58.25489044189453	0.0	4.140478610992432	35.080543518066406	0.0	0.0	0.0	0.0	0.0	0.0	0.0	23.669633865356445	38.49482727050781	0.0	0.0	0.0	64.86502075195312	0.0	20.13948631286621	45.39264678955078	33.266578674316406	142.769287109375	296.40570068359375	376.27337646484375	418.7016906738281	71.38601684570312	310.3243713378906	342.26031494140625	300.3620910644531	159.18052673339844	260.57513427734375	293.1764221191406	142.35360717773438	366.20660400390625	318.11798095703125	195.07249450683594	141.44761657714844	0.0	0.0	0.0	0.0	0.0	0.0	0.0	0.0	0.0	0.0	0.0	1.1105676889419556	0.0	0.0	0.0	58.892860412597656	107.61504364013672	323.0169372558594	674.5367431640625	631.589599609375	369.9756164550781	983.4605712890625	1146.8323974609375	858.4345703125	167.9195556640625	615.37255859375	736.2653198242188	731.0894165039062	395.7546691894531	528.0046997070312	317.1494445800781	51.3906135559082	243.5267791748047	525.00439453125	740.2363891601562	838.301513671875	310.8479919433594	770.4056396484375	1026.2589111328125	916.5714721679688	363.80535888671875	537.5962524414062	561.4628295898438	505.3537902832031	922.96728515625	872.88623046875	455.39593505859375	292.59759521484375	0.0	66.37081909179688	0.0	61.0347785949707	67.9974136352539	114.17411041259766	0.9614842534065247	0.0	94.85596466064453	37.197296142578125	24.2434139251709	0.0	195.67469787597656	0.0	0.0	0.0	315.4296569824219	888.1216430664062	988.7864990234375	806.3615112304688	286.8813781738281	429.2349853515625	532.71875	552.9227294921875	364.4491882324219	535.5108642578125	653.3672485351562	137.88491821289062	397.61962890625	414.818603515625	284.0472717285156	94.7681884765625	0.0	0.0	0.0	139.1450958251953	0.0	144.694580078125	346.5889587402344	382.5620422363281	0.0	219.2293701171875	128.48486328125	55.53092575073242	58.717411041259766	144.54930114746094	77.27852630615234	44.295772552490234	140.94927978515625	340.77105712890625	411.096923828125	473.1100158691406	174.31712341308594	288.3246765136719	246.42416381835938	0.0	387.63818359375	329.6006164550781	78.8272705078125	18.292280197143555	293.3446350097656	94.0878677368164	0.0	5.46476936340332	0.0	0.0	0.0	0.0	0.17408256232738495	164.922607421875	195.53775024414062	321.3222961425781	0.0	126.99068450927734	439.1197814941406	429.4715270996094	69.90467071533203	260.84246826171875	297.0733642578125	87.88130950927734
353.30877685546875	496.5462341308594	518.6514282226562	875.3928833007812	547.0850219726562	464.5093994140625	916.154296875	1016.3153076171875	78.380859375	322.2630615234375	1359.6815185546875	798.1848754882812	35.402469635009766	832.6788940429688	1379.158447265625	38.75607681274414	653.2312622070312	658.0823974609375	775.4591064453125	438.4395751953125	146.38461303710938	608.3779907226562	652.4784545898438	360.8315734863281	115.28439331054688	716.1665649414062	538.4014892578125	241.36785888671875	210.0836639404297	536.6775512695312	322.8167724609375	97.96794891357422	0.0	0.0	22.761829376220703	134.06968688964844	407.7442626953125	352.9195556640625	298.9352722167969	231.32188415527344	148.11038208007812	6.767961502075195	283.75054931640625	110.53172302246094	0.0	152.87403869628906	291.4444580078125	27.20634651184082	314.5552062988281	333.89837646484375	300.1661376953125	60.015480041503906	224.86936950683594	136.2534942626953	38.998985290527344	0.0	116.03365325927734	156.45858764648438	73.43241119384766	12.676593780517578	86.9358901977539	74.3399429321289	0.0	0.0	0.0	0.0	0.0	19.848804473876953	0.0	0.0	0.0	106.27372741699219	0.0	0.0	42.043399810791016	51.707489013671875	0.0	0.0	48.890777587890625	12.259626388549805	32.463687896728516	35.754859924316406	116.41301727294922	5.764544486999512	0.0	9.787308692932129	9.625317573547363	0.0	29.80036163330078	0.0	0.0	8.271809577941895	0.0	0.0	7.719868183135986	0.0	0.0	0.0	0.0	0.0	0.0	0.0	0.0	17.205894470214844	7.454099655151367	0.0	0.0	47.387210845947266	0.0	0.0	0.0	57.352874755859375	379.2237548828125	354.6570129394531	353.4709167480469	297.7045593261719	100.36323547363281	182.4381103515625	218.74188232421875	142.96807861328125	126.99288940429688	171.48255920410156	203.041748046875	164.10858154296875	22.115957260131836	222.34121704101562	199.60122680664062	131.90516662597656	0.0	0.0	0.0	0.0	0.0	0.0	0.0	0.0	0.0	12.8745698928833	0.0	0.0	0.0	0.0	0.0	36.683319091796875	0.0	310.6092834472656	444.819580078125	267.1689147949219	1163.2745361328125	1271.3797607421875	1037.3441162109375	531.4266967773438	293.7030944824219	143.56495666503906	381.0248718261719	193.8177032470703	156.36724853515625	249.248046875	392.2136535644531	104.50257110595703	650.7133178710938	611.4130859375	592.4854125976562	265.6463317871094	568.293212890625	794.8536987304688	710.6228637695312	315.849609375	173.8428497314453	356.4779052734375	295.0707092285156	299.8843688964844	281.550537109375	375.1466064453125	316.34014892578125	296.839599609375	116.5880355834961	57.729000091552734	94.29801940917969	3.970642328262329	0.0	7.87572717666626	40.597694396972656	0.0	0.0	52.60368347167969	62.06182098388672	0.0	0.0	222.4003143310547	47.18880844116211	0.0	699.041015625	904.8399047851562	811.3751831054688	335.20428466796875	979.7394409179688	833.4390869140625	339.2879638671875	49.57202911376953	43.33381271362305	219.88710021972656	220.7614288330078	82.1729736328125	119.27996063232422	183.76780700683594	143.9811553955078	50.24306869506836	0.0	0.0	84.25187683105469	0.0	224.43734741210938	211.6675567626953	458.3389587402344	232.6002655029297	0.0	230.8546600341797	233.7447967529297	36.51800537109375	0.0	247.98365783691406	87.88954162597656	68.99829864501953	401.9497375488281	313.1081237792969	372.6651916503906	318.7975158691406	0.0	200.67581176757812	321.47918701171875	44.86551284790039	182.044921875	399.9059143066406	288.4275207519531	0.0	126.79576873779297	164.57257080078125	100.25971221923828	0.0	0.0	0.0	0.0	109.5040283203125	387.6431884765625	335.19195556640625	233.25498962402344	232.14398193359375	276.63323974609375	0.0	279.9824523925781	209.9770050048828	0.0	72.4849624633789	256.24139404296875	153.2944793701172
47.488807678222656	121.44017028808594	242.19041442871094	376.3782653808594	57.93866729736328	627.7606811523438	1167.8131103515625	756.6739501953125	252.49462890625	972.3698120117188	1052.45166015625	19.604812622070312	297.17510986328125	610.95947265625	566.7468872070312	0.0	40.4452018737793	414.3856201171875	760.6500244140625	842.1842651367188	426.5691223144531	777.4745483398438	722.63671875	382.3804931640625	440.8947448730469	533.1535034179688	387.9795837402344	190.5794219970703	575.2708740234375	675.8505249023438	227.7741241455078	38.16061782836914	1.7119243144989014	2.427196741104126	0.0	0.0	0.0	70.79946899414062	453.6470947265625	452.3979187011719	13.006352424621582	364.4028015136719	354.99615478515625	187.49864196777344	171.4398193359375	332.01641845703125	116.6742172241211	22.070556640625	17.694761276245117	23.055917739868164	142.23362731933594	225.12591552734375	167.1053466796875	161.0767822265625	323.2753601074219	283.4405212402344	84.1648178100586	57.39504623413086	68.9393539428711	66.13652038574219	279.2199401855469	214.49237060546875	114.38147735595703	0.0	0.0	0.0	0.0	0.0	0.0	0.0	0.0	0.0	0.0	0.0	0.0	10.7071533203125	0.0	43.43129348754883	142.24063110351562	18.56511688232422	0.0	0.0	0.0	64.3442611694336	0.0	0.0	0.0	78.13655853271484	0.0	41.350257873535156	0.0	35.918235778808594	56.87184524536133	97.42278289794922	41.2095947265625	17.1691837310791	0.0	0.0	0.0	0.0	0.0	0.0	0.0	0.0	0.0	0.0	77.93667602539062	65.28257751464844	0.0	16.340452194213867	18.970609664916992	7.5782856941223145	45.44137191772461	253.68643188476562	310.40374755859375	321.9755554199219	99.56690979003906	213.15574645996094	207.57339477539062	141.5944061279297	313.8049011230469	276.8935546875	287.7291564941406	194.8110809326172	403.2106628417969	393.30047607421875	229.27606201171875	37.383487701416016	1.4922168254852295	21.2883243560791	0.0	0.0	0.0	0.0	0.0	0.0	0.0	0.0	0.0	50.79656219482422	0.0	0.0	0.0	19.151037216186523	77.60966491699219	122.98052978515625	154.6632080078125	10.324051856994629	73.51887512207031	267.6386413574219	1132.6673583984375	1292.1524658203125	512.9024047851562	735.4817504882812	893.4995727539062	396.6600341796875	725.4806518554688	728.5790405273438	554.651123046875	99.3525619506836	2.562432289123535	345.5809631347656	614.6595458984375	677.7868041992188	403.0331726074219	533.6625366210938	677.7835083007812	696.4299926757812	733.2608032226562	784.9940795898438	569.119384765625	420.4346008300781	927.686279296875	828.6420288085938	450.99322509765625	242.23495483398438	0.0	114.95511627197266	92.54225158691406	101.25303649902344	7.0676350593566895	98.21315002441406	0.0	0.0	119.66998291015625	181.7135009765625	10.989120483398438	0.0	51.420257568359375	0.0	0.0	0.0	0.0	0.7208587527275085	143.625732421875	565.5715942382812	144.901611328125	623.6505126953125	954.9823608398438	1119.6942138671875	446.70751953125	531.40771484375	143.56082153320312	104.87804412841797	1011.6897583007812	841.5684814453125	378.43701171875	56.186134338378906	8.581388473510742	0.0	50.286354064941406	44.218421936035156	0.0	59.8944206237793	59.35064697265625	321.0284423828125	35.62277603149414	250.59669494628906	73.23084259033203	74.51292419433594	0.0	54.191829681396484	72.62411499023438	92.64442443847656	107.06890106201172	521.1436157226562	544.718505859375	434.66107177734375	259.1976623535156	464.6492614746094	324.5659484863281	0.0	232.227294921875	108.63081359863281	88.92413330078125	41.61227035522461	91.85186767578125	0.0	0.0	0.0	0.0	0.0	0.0	0.0	0.0	0.0	355.10723876953125	401.5872802734375	0.0	209.50880432128906	489.2773132324219	431.79388427734375	45.70392990112305	137.4510955810547	123.32759857177734	44.70547103881836
0.0	1093.988037109375	843.916748046875	749.5695190429688	405.0559997558594	1004.0172119140625	996.6868286132812	896.3807373046875	379.1960144042969	463.9476318359375	995.1685180664062	618.4228515625	55.1668586730957	0.0	863.8594970703125	557.6636962890625	598.2438354492188	637.8925170898438	716.1807250976562	340.860107421875	409.6398620605469	683.9656372070312	692.4657592773438	326.5732727050781	170.0758056640625	378.96197509765625	363.17401123046875	207.74832153320312	0.0	538.8788452148438	472.488037109375	223.18128967285156	0.0	72.43096160888672	73.52714538574219	133.43426513671875	27.084781646728516	175.18499755859375	193.98593139648438	150.46249389648438	317.0389099121094	314.8377685546875	208.37538146972656	78.59463500976562	132.4037322998047	100.47975158691406	131.32821655273438	12.896538734436035	128.3966522216797	123.42646026611328	184.78819274902344	5.103463172912598	104.4443588256836	125.04898071289062	121.86763000488281	0.0	161.07376098632812	244.99136352539062	84.4986343383789	20.829681396484375	6.190551280975342	122.39583587646484	63.94601821899414	3.2230381965637207	0.0	0.0	0.0	23.122039794921875	0.0	0.0	0.0	102.0602035522461	23.062124252319336	0.0	0.0	104.27457427978516	0.0	0.0	37.43293380737305	124.22317504882812	0.0	0.0	44.70356750488281	22.697032928466797	27.700244903564453	7.789567470550537	6.8239312171936035	0.0	5.437713146209717	51.02163314819336	31.296058654785156	0.0	0.0	40.743709564208984	0.0	0.0	0.0	0.0	0.0	0.0	0.0	0.0	0.0	28.487056732177734	0.0	0.0	0.0	34.21148681640625	6.087364196777344	0.0	29.568248748779297	17.022350311279297	117.10581970214844	135.1093292236328	291.7692565917969	209.2194061279297	164.146484375	315.28924560546875	346.0760803222656	170.27366638183594	126.43629455566406	150.36538696289062	161.65806579589844	74.11907958984375	84.75743865966797	180.99349975585938	209.8198699951172	102.42886352539062	12.373821258544922	0.0	0.0	0.0	0.0	0.0	0.0	0.0	0.0	0.0	0.0	10.608050346374512	0.0	0.0	0.0	23.874069213867188	58.381202697753906	539.0528564453125	604.7691650390625	318.8324279785156	293.9323425292969	621.1467895507812	454.0287170410156	265.804931640625	772.07421875	1058.6146240234375	700.44775390625	231.46681213378906	220.41030883789062	364.3938903808594	156.21536254882812	54.2270622253418	242.16574096679688	430.9488830566406	503.30291748046875	253.48231506347656	590.0728759765625	911.5345458984375	844.5308837890625	253.70770263671875	405.85406494140625	629.4498291015625	627.1325073242188	236.2139892578125	192.66525268554688	354.97796630859375	382.30523681640625	264.86492919921875	83.71539306640625	29.374542236328125	0.4217246174812317	0.0	112.986083984375	196.30722045898438	85.25411987304688	0.0	0.0	0.0	141.07247924804688	0.0	29.608741760253906	0.0	169.0836639404297	0.0	202.81813049316406	486.281494140625	406.6051940917969	169.30003356933594	378.7210998535156	465.1041564941406	398.3157043457031	37.8953742980957	644.9470825195312	861.448974609375	559.5986938476562	25.088991165161133	45.46039581298828	174.64747619628906	123.66291046142578	31.696754455566406	0.0	25.354839324951172	138.63851928710938	62.828651428222656	148.7412872314453	16.479900360107422	273.1011657714844	182.1619110107422	129.96389770507812	326.3741455078125	502.3225402832031	71.08882141113281	0.0	105.22773742675781	306.3609924316406	25.415403366088867	369.3438415527344	504.05157470703125	367.3572998046875	288.6317443847656	105.49641418457031	192.4761505126953	203.56602478027344	195.3514404296875	0.0	93.4127426147461	157.99288940429688	186.7159423828125	4.524514198303223	238.5568084716797	227.6138153076172	186.46517944335938	0.0	0.0	31.00694465637207	188.83021545410156	0.0	146.3033447265625	179.94728088378906	233.89471435546875	265.71282958984375	199.56369018554688	81.36500549316406	195.0440673828125	253.82302856445312	187.14593505859375	41.444278717041016	118.97422790527344
46.89160919189453	1205.77197265625	763.5093383789062	265.25848388671875	100.98242950439453	906.6317749023438	747.8677368164062	388.2853698730469	154.25421142578125	1068.7899169921875	908.2816772460938	955.6455078125	145.8846893310547	460.7619323730469	324.8554992675781	1143.8128662109375	456.3558654785156	351.3904724121094	441.9360656738281	431.0887145996094	557.8845825195312	651.3555297851562	597.817626953125	556.2445068359375	459.555908203125	408.4297180175781	832.7467041015625	810.8527221679688	181.55780029296875	368.7213439941406	676.2393188476562	488.2550354003906	0.0	141.70428466796875	25.19686508178711	42.51176071166992	0.0	60.847877502441406	83.57534790039062	103.79785919189453	36.938472747802734	367.1280517578125	305.05145263671875	147.0865936279297	161.8655242919922	176.98019409179688	296.4031677246094	403.82464599609375	87.51801300048828	17.00717544555664	0.0	33.985321044921875	137.63670349121094	210.7475128173828	238.24331665039062	185.02268981933594	120.39708709716797	0.0	75.6663818359375	54.75928497314453	99.88723754882812	210.3428192138672	297.1224365234375	132.83694458007812	0.0	0.0	0.0	5.096611022949219	0.0	0.0	30.87651252746582	0.0	0.0	0.0	0.0	26.613521575927734	0.0	50.427303314208984	78.4482421875	50.17534637451172	0.0	19.835241317749023	0.0	8.678132057189941	0.0	0.0	38.29001998901367	114.6644058227539	6.318493366241455	21.039934158325195	0.0	9.424142837524414	0.0	70.96437072753906	7.297362804412842	94.71755981445312	0.0	0.0	0.0	0.0	0.0	0.0	0.0	0.0	0.0	0.0	0.0	0.0	0.0	0.0	23.8582706451416	0.0	37.78325271606445	250.63755798339844	318.201416015625	262.99755859375	147.7673797607422	304.5413818359375	329.99310302734375	349.76416015625	134.1377716064453	399.47540283203125	492.9115905761719	345.2985534667969	119.53761291503906	257.9244384765625	306.53955078125	300.52850341796875	0.0	0.0	10.745381355285645	14.146966934204102	0.0	0.0	0.0	0.0	0.0	0.0	0.0	0.0	0.0	0.0	0.0	0.0	230.6878204345703	302.619873046875	154.59178161621094	69.13445281982422	246.95855712890625	316.40277099609375	694.669189453125	563.9878540039062	505.23895263671875	754.383056640625	1046.2119140625	712.3075561523438	508.62017822265625	761.1626586914062	892.042724609375	901.3322143554688	187.2576904296875	356.5902099609375	580.6234130859375	368.91156005859375	367.76934814453125	601.3115844726562	699.4810180664062	511.6717834472656	467.7054443359375	770.4091796875	1003.447265625	744.3346557617188	375.4668273925781	695.1358032226562	938.70703125	665.073974609375	0.0	213.61956787109375	0.0	51.71987533569336	4.273428440093994	272.0137939453125	0.0	34.89840316772461	0.0	231.48667907714844	32.65105056762695	67.96939086914062	0.0	79.95052337646484	0.0	0.0	111.12279510498047	128.53382873535156	64.65133666992188	57.07586669921875	184.848388671875	685.3148803710938	822.964599609375	548.1180419921875	310.66656494140625	479.3821716308594	366.4850769042969	117.29684448242188	399.0352478027344	748.6212158203125	946.22607421875	563.8861083984375	75.7522964477539	243.51605224609375	15.262896537780762	109.53163146972656	89.62265014648438	153.24349975585938	7.151979923248291	72.6579818725586	122.71428680419922	200.20782470703125	201.54307556152344	462.2567443847656	69.97493743896484	168.39715576171875	196.66529846191406	114.0853271484375	146.87745666503906	355.3526306152344	429.2933044433594	118.91405487060547	155.55015563964844	451.07916259765625	368.4319763183594	298.97381591796875	29.95383071899414	28.020410537719727	412.52032470703125	230.92662048339844	0.0	99.1032485961914	276.69415283203125	0.0	0.0	89.840576171875	128.03135681152344	63.25639724731445	0.0	0.0	0.0	0.0	41.108978271484375	141.04571533203125	298.2335510253906	78.39205932617188	174.0937957763672	134.79214477539062	0.0	153.61593627929688
104.296875	556.0853271484375	380.54888916015625	1120.0740966796875	481.8336181640625	894.4566040039062	1178.347412109375	1240.5767822265625	458.5093078613281	637.1768188476562	1258.582275390625	662.4880981445312	307.9889221191406	650.4617919921875	1063.7421875	24.253555297851562	317.9457702636719	278.9673156738281	610.1491088867188	370.7474060058594	386.2516784667969	783.567626953125	685.79541015625	328.6294860839844	400.3151550292969	657.8626098632812	447.5032653808594	167.22763061523438	493.8705139160156	614.6884155273438	381.1956481933594	94.79428100585938	0.0	63.812477111816406	62.12021255493164	262.53753662109375	25.3564395904541	55.45759201049805	230.26943969726562	247.38552856445312	192.8344268798828	181.11764526367188	281.9830627441406	97.42501831054688	258.4837646484375	194.31077575683594	271.1609802246094	8.94019889831543	65.93598937988281	36.23169708251953	105.7419204711914	8.644721984863281	35.64781951904297	60.191444396972656	22.869647979736328	11.722054481506348	187.2777862548828	289.46490478515625	72.05001831054688	11.752182006835938	133.3627471923828	156.96080017089844	31.194869995117188	0.0	0.0	0.0	0.0	37.316341400146484	0.0	0.0	0.0	21.851055145263672	0.0	0.0	16.72467803955078	15.88282585144043	0.0	0.0	80.09638214111328	55.46648406982422	0.0	0.0	3.9487645626068115	0.0	1.110721230506897	0.0	0.0	27.47437286376953	0.0	14.50818920135498	0.0	21.38796043395996	77.24003601074219	0.0	28.33096694946289	0.0	0.0	0.0	0.0	0.0	0.0	0.0	0.0	6.5055975914001465	0.0	0.0	0.0	38.18733596801758	0.0	35.80552291870117	10.525907516479492	35.42005920410156	81.4627914428711	99.39189147949219	87.20108795166016	139.1256866455078	270.5254821777344	329.2212829589844	325.44232177734375	145.1407928466797	163.33657836914062	199.69786071777344	243.7662353515625	126.93132019042969	199.4172821044922	318.41937255859375	215.47959899902344	129.1230926513672	0.0	0.0	0.0	0.0	0.0	0.0	0.0	0.0	0.0	0.0	0.0	0.0	0.0	0.0	0.0	41.438560485839844	160.78121948242188	118.6628189086914	252.30091857910156	328.8460693359375	175.1553955078125	233.49563598632812	243.01771545410156	242.1841583251953	722.5978393554688	991.2168579101562	769.1448974609375	221.322021484375	898.951416015625	797.213134765625	395.9420166015625	103.27000427246094	139.1806182861328	114.3615493774414	309.238037109375	209.36019897460938	516.1126098632812	674.7150268554688	619.908447265625	245.96371459960938	518.4050903320312	664.932373046875	581.6510009765625	308.0593566894531	634.5402221679688	701.7244873046875	459.267578125	324.4248046875	93.33047485351562	21.07722282409668	24.509721755981445	58.271888732910156	234.2462615966797	68.8333511352539	47.43857192993164	0.0	51.52559280395508	54.41636276245117	4.547032833099365	0.0	15.661653518676758	84.379150390625	0.0	0.0	108.26344299316406	107.07527160644531	197.23240661621094	252.40057373046875	52.02608871459961	86.22725677490234	199.41758728027344	76.00431823730469	775.1340942382812	726.8931884765625	543.883056640625	85.31388092041016	192.70498657226562	313.48077392578125	198.2918243408203	65.68464660644531	148.6708984375	0.0	259.385986328125	227.853515625	144.322509765625	0.0	268.9045715332031	78.86041259765625	103.06452178955078	263.3186950683594	315.5889587402344	18.628232955932617	8.136761665344238	415.2760314941406	279.48052978515625	73.13566589355469	244.59527587890625	278.14581298828125	224.90835571289062	179.09774780273438	233.1698760986328	413.36712646484375	205.10374450683594	0.0	76.16741180419922	269.86419677734375	140.7368621826172	0.0	138.81959533691406	162.8102569580078	6.835394382476807	0.0	0.0	22.040035247802734	0.0	233.33094787597656	0.0	0.0	217.17575073242188	261.85931396484375	0.0	0.0	265.0739440917969	183.5518035888672	169.85276794433594	141.49160766601562	249.20460510253906	115.81986999511719
67.38887023925781	572.4754638671875	642.8997192382812	1063.0845947265625	707.0537719726562	1289.2384033203125	486.7905578613281	1083.914306640625	1074.0653076171875	969.8786010742188	1058.712890625	974.8572387695312	576.8555908203125	613.2178344726562	827.173095703125	80.3348617553711	500.3763122558594	514.9528198242188	593.4673461914062	522.3396606445312	598.6961059570312	510.4435119628906	636.3834228515625	503.3943176269531	524.4700317382812	694.0488891601562	662.5731201171875	494.36669921875	414.9412536621094	407.7394104003906	198.8182830810547	99.63154602050781	0.0	50.891395568847656	21.463518142700195	197.2621612548828	63.04386520385742	202.9918212890625	0.7555220127105713	169.82577514648438	188.19569396972656	23.64639663696289	278.80267333984375	236.32586669921875	400.4140625	293.99029541015625	437.03607177734375	216.93087768554688	101.08138275146484	20.44013786315918	103.66507720947266	45.53858947753906	85.24528503417969	62.613380432128906	68.24369812011719	0.0	241.78562927246094	291.78619384765625	168.21360778808594	126.9860610961914	118.88606262207031	52.55279541015625	0.0	44.668663024902344	0.0	0.0	0.0	5.87718391418457	0.0	0.0	0.0	10.453367233276367	0.0	0.0	0.0	58.614627838134766	0.0	0.0	31.678863525390625	19.907730102539062	0.0	0.0	55.19254684448242	0.0	0.0	50.716732025146484	35.5069694519043	27.155820846557617	23.78604507446289	118.67513275146484	0.0	64.93363952636719	46.758358001708984	0.0	42.02724075317383	36.353294372558594	0.0	0.0	0.0	0.0	0.0	0.0	0.0	0.0	0.0	0.0	0.0	22.03907012939453	0.0	21.142105102539062	53.077877044677734	75.9005355834961	105.3178939819336	155.60812377929688	143.74180603027344	116.34761047363281	197.16221618652344	341.30596923828125	307.53118896484375	335.0852355957031	356.4134216308594	425.2149963378906	283.8849182128906	247.73318481445312	193.03176879882812	254.6005859375	205.97169494628906	128.8668975830078	34.4835090637207	0.0	0.0	0.0	18.655542373657227	0.0	0.0	0.0	0.0	0.0	0.0	0.0	0.0	0.0	0.0	53.10469436645508	69.2167739868164	3.330698013305664	91.72672271728516	185.99229431152344	140.3738555908203	425.2592468261719	373.0195617675781	254.2113494873047	796.771728515625	735.2896118164062	697.860107421875	705.0303344726562	1177.1336669921875	901.9176635742188	938.6544189453125	712.37353515625	220.856689453125	166.33413696289062	302.8216857910156	244.84063720703125	490.5879211425781	696.1339111328125	691.7432861328125	551.464111328125	718.352783203125	893.0806884765625	794.0944213867188	508.2120666503906	782.5726318359375	792.7008666992188	585.6668090820312	506.6133728027344	62.2885627746582	88.67469024658203	0.0	40.563629150390625	106.82101440429688	79.58131408691406	77.70218658447266	94.22793579101562	59.26705551147461	0.0	0.0	0.0	0.0	63.100914001464844	0.0	0.0	65.08641815185547	121.40660095214844	194.0670166015625	121.90484619140625	185.0462646484375	245.84742736816406	234.48220825195312	102.88179016113281	868.9768676757812	896.240478515625	792.784423828125	546.0626831054688	440.7496643066406	361.89202880859375	262.57769775390625	40.72386169433594	5.1097493171691895	123.90234375	0.0	195.1212158203125	135.91363525390625	124.70067596435547	266.2489013671875	196.6596221923828	97.91267395019531	36.82767105102539	155.53932189941406	0.0	82.05964660644531	392.9295959472656	271.0164489746094	214.01182556152344	429.52923583984375	402.63958740234375	186.62977600097656	227.79879760742188	343.77618408203125	147.5957489013672	295.11773681640625	141.3747100830078	78.88687896728516	316.6746826171875	318.8250732421875	0.0	131.50906372070312	38.268253326416016	0.0	59.09996795654297	0.0	0.0	2.489591360092163	154.7771759033203	0.0	154.1428680419922	12.404838562011719	184.1073760986328	111.75025939941406	102.78277587890625	118.81291198730469	130.31500244140625	286.892578125	224.73834228515625	402.520263671875	319.8922424316406
264.80133056640625	1138.929443359375	649.212646484375	1295.47802734375	510.6817626953125	1156.168701171875	1263.5203857421875	1289.1064453125	275.4620056152344	333.121826171875	1107.3922119140625	559.5159912109375	81.23348999023438	585.2457275390625	1136.7342529296875	390.5228271484375	695.4483032226562	484.01025390625	786.9896850585938	314.5828857421875	336.2318420410156	623.133544921875	709.07373046875	479.33135986328125	180.30374145507812	519.90966796875	676.421875	730.3726806640625	342.6624450683594	657.8468017578125	460.5012512207031	226.416259765625	20.770477294921875	217.55213928222656	155.35220336914062	224.39566040039062	159.29074096679688	231.17124938964844	205.5077667236328	210.37200927734375	204.3319091796875	25.979063034057617	113.28247833251953	120.2579345703125	98.37313079833984	168.36781311035156	427.8450622558594	350.86993408203125	157.3657684326172	128.93101501464844	134.2816619873047	3.555079936981201	97.28394317626953	149.6906280517578	16.701013565063477	0.0	118.62261962890625	210.31719970703125	233.46011352539062	247.2486114501953	136.190185546875	153.6022186279297	0.0	0.0	0.0	0.0	0.0	31.626493453979492	0.0	0.0	0.0	18.79800033569336	0.0	4.286904811859131	0.0	30.106929779052734	0.0	0.0	28.92762565612793	27.925323486328125	0.0	0.0	89.37589263916016	0.0	11.232682228088379	2.041977643966675	0.0	0.0	31.740236282348633	89.17315673828125	15.684118270874023	27.477046966552734	15.656228065490723	50.63970184326172	0.0	69.73955535888672	0.0	0.0	0.0	0.0	0.0	0.0	0.0	17.0046329498291	0.0	0.0	0.0	13.094256401062012	0.0	0.0	4.525913238525391	39.787742614746094	89.31641387939453	206.26568603515625	157.1631622314453	133.522216796875	159.30276489257812	290.9784851074219	380.90850830078125	382.12530517578125	108.9210205078125	238.67494201660156	383.3011169433594	425.98895263671875	207.79151916503906	333.93878173828125	342.92608642578125	234.95913696289062	0.0	0.0	0.0	0.0	0.0	0.0	0.0	0.0	0.0	0.0	0.0	0.0	0.0	0.0	0.0	0.0	205.26785278320312	704.0224609375	508.338134765625	372.62945556640625	413.6135559082031	454.7120056152344	335.23529052734375	300.2950134277344	684.3068237304688	788.2898559570312	649.7767944335938	467.0147705078125	476.24322509765625	629.5562744140625	1007.9378051757812	1081.3939208984375	397.8778991699219	421.9757385253906	516.9287719726562	288.60211181640625	507.9742126464844	715.64990234375	712.0339965820312	559.8243408203125	420.9185791015625	762.3585815429688	878.42529296875	801.6190185546875	461.6025695800781	644.6500244140625	632.2698974609375	721.1536865234375	82.37657928466797	82.26068878173828	82.24927520751953	0.0	151.79042053222656	135.34934997558594	110.4203109741211	19.78928565979004	0.0	77.1447982788086	31.904621124267578	0.0	19.471433639526367	187.89512634277344	73.69850158691406	0.0	331.79827880859375	385.4427490234375	323.6426086425781	188.9617156982422	313.87786865234375	285.3681335449219	153.17518615722656	85.31153106689453	434.18389892578125	602.8241577148438	730.2066040039062	882.927001953125	179.79100036621094	353.330810546875	495.1091003417969	388.9177551269531	190.92251586914062	65.1404037475586	313.841064453125	159.7889862060547	177.17904663085938	0.0	343.7001953125	89.05326080322266	163.18496704101562	383.1247253417969	282.7244873046875	12.42661190032959	0.0	381.3125915527344	286.8188781738281	291.44488525390625	388.33441162109375	357.1618957519531	256.4548645019531	216.5653076171875	18.85187339782715	284.3094177246094	273.45684814453125	292.8793029785156	15.077489852905273	310.0098571777344	283.90826416015625	209.44403076171875	128.900390625	234.72703552246094	61.98208236694336	2.0265707969665527	0.0	118.58208465576172	57.891822814941406	249.0437469482422	62.60017013549805	134.87123107910156	173.6614990234375	194.3782501220703	133.65524291992188	0.0	17.801475524902344	0.0	113.42315673828125	120.84783172607422	500.00494384765625	445.13970947265625
274.7674560546875	392.48822021484375	653.3201904296875	928.5774536132812	133.10386657714844	480.0679016113281	924.3563842773438	884.614013671875	298.5760498046875	741.1102905273438	719.9747314453125	874.8545532226562	358.8855285644531	280.3529357910156	1195.6802978515625	1060.6436767578125	445.0123291015625	613.1422119140625	839.031982421875	798.525634765625	601.4030151367188	767.2302856445312	647.705322265625	606.4771728515625	384.56158447265625	310.7846374511719	655.4054565429688	565.5045166015625	763.4765625	1051.3599853515625	1029.4273681640625	534.24951171875	104.99815368652344	107.31159973144531	49.979949951171875	238.23367309570312	244.0468292236328	147.98641967773438	367.24273681640625	360.3705749511719	361.8477478027344	450.0871887207031	88.1310806274414	144.18951416015625	273.48114013671875	183.5885009765625	360.1534423828125	315.0483703613281	282.92120361328125	300.6705322265625	335.994873046875	183.19268798828125	133.13394165039062	214.92535400390625	49.97810363769531	0.0	328.49932861328125	375.8049011230469	203.53526306152344	175.7934112548828	46.00251388549805	276.7472839355469	261.2439880371094	67.04314422607422	0.0	0.0	0.0	0.0	0.0	0.0	2.071725368499756	42.875179290771484	0.0	0.0	0.0	0.0	0.0	0.0	0.0	118.53766632080078	32.45332336425781	87.05184936523438	85.07361602783203	26.57915496826172	39.12727355957031	61.58144760131836	0.0	30.833044052124023	4.735270977020264	14.21774673461914	85.313232421875	3.3774335384368896	0.0	8.73035717010498	9.561752319335938	66.7389144897461	0.0	0.0	0.0	0.0	0.0	0.0	0.0	1.2981432676315308	0.0	0.0	0.0	0.0	0.0	0.0	0.0	14.839266777038574	220.51878356933594	351.5497741699219	401.7710876464844	327.838623046875	341.0849914550781	473.8413391113281	550.951416015625	465.69232177734375	108.44963836669922	260.59100341796875	263.5509033203125	291.5675964355469	506.7224426269531	447.5548095703125	391.3632507324219	302.7955017089844	0.0	0.0	0.0	0.0	0.0	0.0	0.0	0.0	0.0	0.0	0.0	0.0	0.0	0.0	0.0	0.0	926.7344360351562	1032.032470703125	743.27734375	715.889404296875	1065.6751708984375	1067.1292724609375	1041.8841552734375	1092.996826171875	1117.9666748046875	1543.0213623046875	1209.5008544921875	449.4774169921875	823.7242431640625	829.1368408203125	560.4151611328125	726.7156982421875	597.7899169921875	729.2611694335938	696.4666137695312	566.5517578125	837.9310913085938	984.0283813476562	1015.5902099609375	759.2787475585938	536.9627685546875	741.7359619140625	915.9229736328125	702.7073974609375	789.4076538085938	896.358154296875	926.29931640625	611.3868408203125	0.0	0.0	0.0	0.0	67.19599151611328	51.534305572509766	72.55028533935547	0.0	0.0	0.0	25.234556198120117	0.0	196.76605224609375	49.2261962890625	0.0	0.0	1015.574951171875	992.1045532226562	861.4518432617188	780.261474609375	241.14669799804688	438.3868408203125	425.25994873046875	303.9794921875	898.8778686523438	1079.8292236328125	754.6897583007812	381.1899719238281	82.89824676513672	585.8239135742188	823.1277465820312	438.41290283203125	6.28621244430542	54.93221664428711	188.22459411621094	157.44805908203125	38.2558708190918	347.4359130859375	336.3445129394531	232.9879913330078	137.27906799316406	187.1125030517578	561.677978515625	419.37359619140625	0.0	133.17747497558594	436.8109130859375	267.688232421875	238.6871795654297	441.34552001953125	623.329345703125	385.3907470703125	252.9032440185547	269.88555908203125	130.19952392578125	381.76318359375	35.48163604736328	202.05795288085938	531.162353515625	549.9423217773438	516.9754028320312	484.25848388671875	343.9629211425781	0.0	0.0	0.0	0.0	87.4680404663086	148.3339385986328	80.64600372314453	248.91378784179688	295.81817626953125	144.8882293701172	194.90023803710938	47.530845642089844	101.92057037353516	311.1954040527344	295.69891357421875	271.2268981933594	277.52880859375
248.1364288330078	604.4996948242188	897.9231567382812	1066.1785888671875	556.1871948242188	652.4827270507812	906.6900024414062	965.5114135742188	154.05230712890625	228.7199249267578	1389.9237060546875	863.66650390625	44.39030456542969	718.0901489257812	1367.50537109375	243.2099151611328	822.9048461914062	773.607177734375	932.8197631835938	432.63836669921875	396.6323547363281	574.3745727539062	616.6380004882812	349.92718505859375	120.60718536376953	744.0136108398438	600.8916625976562	294.1712646484375	201.7331085205078	568.1614990234375	384.40625	139.7836456298828	0.0	0.0	100.45636749267578	166.0644073486328	495.0438232421875	384.11212158203125	311.971435546875	220.60801696777344	296.3888244628906	14.553468704223633	268.9731140136719	107.79728698730469	0.0	53.17881393432617	254.543701171875	27.042715072631836	250.0374298095703	311.20556640625	281.1895446777344	56.1336669921875	347.7557067871094	247.4269256591797	66.95748901367188	0.0	112.2904052734375	179.74183654785156	62.705841064453125	0.0	88.37295532226562	103.70601654052734	4.956170558929443	0.0	0.0	0.0	0.0	22.256410598754883	0.36680519580841064	0.0	0.0	110.23880004882812	0.0	0.0	33.17436599731445	89.1144790649414	0.0	0.0	56.02077865600586	38.684024810791016	19.84455680847168	17.405763626098633	84.73485565185547	18.13499641418457	14.458763122558594	51.08998107910156	34.01571273803711	0.0	0.22738946974277496	29.644285202026367	0.0	0.0	16.478866577148438	0.0	0.0	0.15830984711647034	0.0	0.0	0.0	0.0	0.0	0.0	0.0	31.650991439819336	12.634309768676758	0.0	0.0	34.87154006958008	0.0	0.0	9.221192359924316	57.00025177001953	394.8825378417969	305.2566833496094	306.41937255859375	299.86651611328125	113.13949584960938	184.06771850585938	195.01893615722656	128.3306121826172	124.01029205322266	184.66648864746094	237.66616821289062	144.99700927734375	44.222103118896484	258.5045166015625	271.5045166015625	148.4847869873047	0.0	0.0	0.0	0.0	0.0	0.0	0.0	0.0	0.0	35.78572082519531	0.0	3.913654327392578	0.0	0.0	0.0	38.03030014038086	44.772430419921875	227.2437744140625	542.4963989257812	463.2287902832031	1439.310791015625	1403.5982666015625	1117.525390625	544.5844116210938	679.0149536132812	376.18817138671875	297.1632080078125	145.79994201660156	124.36114501953125	224.3603973388672	281.1509704589844	69.28865051269531	826.0731201171875	758.9716796875	722.9998779296875	378.2535705566406	673.703857421875	865.4579467773438	765.9833374023438	303.2815246582031	364.9806213378906	428.5501708984375	320.1124572753906	303.35211181640625	292.55419921875	511.0118103027344	409.25244140625	334.24432373046875	124.07901763916016	95.15462493896484	72.86228942871094	0.0	0.0	0.0	59.0416259765625	0.0	1.8076571226119995	30.79911231994629	110.79715728759766	0.0	3.369431734085083	223.25152587890625	90.87931823730469	0.0	497.0342712402344	898.176025390625	843.6341552734375	283.3289489746094	1167.8638916015625	1119.8792724609375	460.30023193359375	56.246925354003906	57.94439697265625	188.1476593017578	170.2618865966797	60.18588638305664	115.26710510253906	141.22637939453125	144.7716064453125	54.90896224975586	0.0	0.0	134.87939453125	0.0	208.2096710205078	234.94488525390625	511.7381286621094	215.2783203125	43.617305755615234	227.37716674804688	327.79412841796875	9.147523880004883	0.0	294.3693542480469	184.4330596923828	37.18551254272461	470.8134765625	417.78826904296875	387.7706298828125	282.08782958984375	33.85462188720703	112.76103973388672	285.9250793457031	106.03783416748047	212.91709899902344	400.5550842285156	358.7783203125	22.01565170288086	133.929931640625	211.31263732910156	128.46424865722656	0.0	0.0	0.0	0.0	191.7439422607422	330.8337097167969	340.898681640625	242.1161651611328	236.7007293701172	427.2175598144531	111.40422821044922	259.9515380859375	219.3343505859375	0.0	0.0	256.94512939453125	165.4835205078125
1033.065673828125	731.8720703125	352.5439453125	375.6263732910156	859.4636840820312	543.1638793945312	210.83154296875	102.40937805175781	756.26318359375	284.2877197265625	70.17066955566406	85.47235107421875	71.23777770996094	208.13485717773438	175.1202850341797	415.5002136230469	532.1204223632812	345.3199768066406	341.4987487792969	301.71893310546875	680.6660766601562	645.078369140625	504.0783996582031	500.6561279296875	159.55990600585938	220.46343994140625	214.3372344970703	523.7281494140625	288.2264709472656	281.9055480957031	483.5509338378906	814.4560546875	226.2901153564453	195.75035095214844	212.32070922851562	158.59185791015625	74.21049499511719	105.1985092163086	75.74547576904297	14.0275239944458	375.43060302734375	329.53338623046875	307.891357421875	121.36701965332031	35.81902313232422	0.0	0.0	29.784305572509766	200.47264099121094	300.91497802734375	286.7597961425781	189.99903869628906	244.06463623046875	277.7203369140625	306.28277587890625	273.3630065917969	42.56892395019531	0.0	13.280353546142578	63.81017303466797	170.9796600341797	220.1278533935547	257.8201599121094	214.22836303710938	0.0	0.0	0.0	23.861957550048828	0.0	10.556756019592285	0.0	0.7337260842323303	0.0	0.0	0.0	0.0	9.080347061157227	6.187817096710205	0.0	0.0	0.0	78.51976013183594	78.5260238647461	83.1458740234375	0.0	49.65233612060547	95.53137969970703	104.15038299560547	43.170162200927734	0.0	10.864709854125977	39.256534576416016	90.2374496459961	104.61235046386719	100.0417709350586	52.069984436035156	0.0	0.0	0.0	0.0	0.0	29.969633102416992	0.0	0.0	0.0	3.1342544555664062	33.29922866821289	0.0	29.178707122802734	0.0	0.0	0.0	294.8010559082031	383.5572204589844	344.228515625	284.3793029785156	433.31829833984375	418.203125	407.07550048828125	425.6127624511719	198.98977661132812	259.4324645996094	208.30409240722656	176.28707885742188	239.97581481933594	361.96099853515625	409.59039306640625	405.1667785644531	0.0	0.0	0.0	0.0	0.0	0.0	0.0	0.0	0.0	0.0	0.0	0.0	0.0	0.0	0.0	0.0	786.1746215820312	1005.1001586914062	997.6487426757812	802.5001831054688	322.4583435058594	636.4082641601562	677.8883056640625	479.41534423828125	1062.5093994140625	1114.7186279296875	1024.565185546875	919.6378784179688	393.86181640625	391.3692932128906	77.73027801513672	106.41310119628906	641.6504516601562	1030.6787109375	965.9265747070312	699.61572265625	814.3782958984375	860.6589965820312	794.5547485351562	679.0673828125	675.1355590820312	717.4534912109375	605.2431030273438	529.3369140625	431.02197265625	605.3029174804688	717.989990234375	708.8826904296875	115.13330078125	0.0	40.45064163208008	75.18700408935547	220.30801391601562	0.0	0.0	21.716203689575195	42.310577392578125	11.780770301818848	0.0	33.749874114990234	0.0	11.125974655151367	96.27544403076172	63.40785598754883	604.5440673828125	941.4227294921875	939.4168701171875	706.7637939453125	856.0018310546875	1003.3606567382812	879.07666015625	576.1617431640625	694.4528198242188	315.3621520996094	342.5155029296875	292.5992126464844	462.9950866699219	595.0818481445312	539.2540283203125	631.8613891601562	17.32129669189453	108.9987564086914	223.61923217773438	240.30908203125	52.393348693847656	0.0	0.0	0.0	129.08509826660156	235.6180877685547	269.7508544921875	339.6492614746094	23.864473342895508	23.75060272216797	0.0	152.00477600097656	350.4253234863281	206.3731231689453	201.00051879882812	128.81915283203125	189.1190185546875	61.778507232666016	162.9191131591797	246.7158203125	69.86213684082031	153.9178924560547	116.24073791503906	360.7196044921875	178.420654296875	229.22064208984375	262.94903564453125	406.4561767578125	124.5484848022461	184.25636291503906	213.6627197265625	226.66810607910156	255.8874053955078	250.32733154296875	171.02630615234375	22.42584228515625	288.7768249511719	323.4810485839844	277.3807067871094	98.09386444091797	114.53630065917969	0.0	43.45466995239258	31.482154846191406
23.936628341674805	28.43027114868164	1005.2496948242188	565.8812255859375	6.00309419631958	310.8609924316406	1119.914794921875	383.7129211425781	10.696158409118652	1058.876953125	1361.208740234375	85.0267105102539	29.933277130126953	1192.1552734375	1041.4305419921875	0.0	0.0	502.0714416503906	378.3410949707031	189.28146362304688	95.75340270996094	578.5208740234375	407.4681091308594	181.6687774658203	385.8799133300781	584.2340698242188	303.6185607910156	78.9034652709961	477.6684875488281	486.69049072265625	300.0630187988281	37.43867111206055	21.271541595458984	0.0	147.9589080810547	79.1994857788086	5.788191795349121	0.0	189.05271911621094	45.355892181396484	0.0	214.02093505859375	241.80282592773438	20.45378875732422	0.0	214.93125915527344	145.205322265625	9.48904800415039	36.871788024902344	95.83387756347656	40.29655075073242	0.0	41.31882095336914	101.91793823242188	0.0	0.0	100.18070220947266	84.51435852050781	5.000141143798828	0.0	149.1075897216797	50.41957473754883	53.90032958984375	0.0	0.0	0.0	35.726051330566406	63.61528015136719	0.0	0.0	67.97517395019531	62.58821487426758	0.0	0.0	47.92910385131836	16.470287322998047	0.0	12.205302238464355	54.274169921875	0.0	0.0	0.0	0.0	0.0	0.0	0.5148125886917114	0.0	9.497036933898926	0.0	0.0	0.0	4.92339563369751	22.89362335205078	2.5734596252441406	4.3279128074646	2.2589120864868164	0.0	0.0	0.0	0.0	0.0	0.0	0.0	26.969303131103516	0.0	0.0	0.0	46.53349685668945	0.0	0.0	66.83706665039062	8.232234954833984	0.0	102.28779602050781	114.74104309082031	68.98241424560547	4.891103744506836	140.0234375	146.25546264648438	133.00303649902344	27.095035552978516	177.84039306640625	123.69044494628906	123.62445831298828	84.73492431640625	295.30938720703125	177.9574432373047	67.34342956542969	1.8852218389511108	0.0	0.0	0.0	0.0	10.67711067199707	0.0	28.69153594970703	0.0	0.0	0.0	38.71711730957031	0.0	0.0	0.0	31.554174423217773	52.47075653076172	285.1805725097656	280.5980529785156	110.80101776123047	84.08309173583984	186.67208862304688	113.08749389648438	25.3632869720459	133.10867309570312	299.9622497558594	319.4643249511719	69.45079040527344	185.41140747070312	301.35882568359375	252.15977478027344	45.640743255615234	66.7400894165039	236.5888214111328	197.4718017578125	241.6105499267578	128.08872985839844	243.47573852539062	174.00962829589844	235.6887969970703	249.17665100097656	262.1237487792969	242.53749084472656	306.467529296875	406.939697265625	470.9331970214844	374.9564514160156	243.82070922851562	0.0	58.2144660949707	167.57659912109375	0.0	0.0	61.809471130371094	150.7996368408203	0.0	0.0	122.63104248046875	0.0	0.0	4.841114521026611	142.11639404296875	0.0	0.0	53.451751708984375	158.6247100830078	228.04685974121094	7.626413822174072	55.373619079589844	132.38864135742188	126.65613555908203	53.6151237487793	123.41834259033203	171.89158630371094	109.78959655761719	71.92919158935547	300.21990966796875	337.53485107421875	159.0658721923828	47.20103073120117	2.318791627883911	163.50942993164062	310.2985534667969	39.89116287231445	0.0	255.2832794189453	214.33834838867188	18.13964080810547	0.0	287.2196960449219	140.0929412841797	54.233619689941406	91.79554748535156	231.65098571777344	0.0	51.28985595703125	10.07727336883545	214.76153564453125	229.1720733642578	102.78385925292969	116.41822052001953	309.8226013183594	251.60523986816406	0.0	196.13461303710938	262.5443420410156	94.15789794921875	0.0	159.691650390625	120.83080291748047	44.27336883544922	0.0	0.0	0.0	135.32101440429688	172.07374572753906	0.0	0.0	173.26461791992188	152.9960174560547	0.0	112.3779525756836	233.1887969970703	130.089599609375	0.0	160.1147918701172	227.88174438476562	69.84683990478516
15.551305770874023	780.2009887695312	1411.4959716796875	728.3107299804688	35.664581298828125	1521.4439697265625	1300.1226806640625	82.42449188232422	291.5669860839844	1314.5474853515625	401.3554382324219	599.059814453125	376.2911071777344	874.8274536132812	917.40234375	850.1776733398438	412.2972106933594	686.58154296875	496.96478271484375	362.1536865234375	590.5966796875	538.5751953125	286.9688415527344	130.28585815429688	475.9474792480469	545.8817138671875	575.3772583007812	296.09954833984375	299.473876953125	620.1441650390625	663.4396362304688	395.6940612792969	0.0	199.941650390625	474.76165771484375	252.0373077392578	0.0	350.4098815917969	339.57965087890625	194.13255310058594	20.21430015563965	214.4652099609375	11.58719539642334	56.45797348022461	52.00527572631836	53.68353271484375	99.92070007324219	73.21275329589844	103.88909912109375	140.5421905517578	197.23748779296875	178.58790588378906	122.46891021728516	25.217893600463867	0.0	20.530956268310547	119.65357208251953	80.43130493164062	30.948266983032227	0.0	100.50115966796875	254.70240783691406	157.18675231933594	65.04154968261719	0.0	0.0	0.0	18.064321517944336	0.0	0.0	0.0	6.6083245277404785	0.0	0.0	0.0	5.520376682281494	0.0	14.127313613891602	11.772394180297852	69.80029296875	0.0	3.04250168800354	12.238520622253418	41.25416946411133	0.0	0.0	0.0	49.1612663269043	0.0	0.0	0.0	22.36560821533203	41.618080139160156	92.24385833740234	0.0	28.994421005249023	0.0	0.0	0.0	69.95045471191406	0.0	0.0	43.834678649902344	41.168296813964844	0.0	0.0	0.0	0.0	0.0	0.0	0.0	0.0	56.771175384521484	107.85322570800781	168.1390838623047	153.63450622558594	58.38959503173828	172.7432861328125	210.0482635498047	183.91476440429688	110.86370086669922	228.67596435546875	227.2852783203125	72.87429809570312	165.4333038330078	328.793701171875	359.23883056640625	232.06524658203125	9.131115913391113	15.200204849243164	0.0	0.0	0.0	0.0	0.0	0.0	0.0	0.0	21.427417755126953	0.0	0.0	0.0	0.0	0.0	128.8367919921875	367.82177734375	949.8516845703125	937.8053588867188	138.45948791503906	431.90863037109375	546.5801391601562	413.44805908203125	276.058349609375	447.8856201171875	171.09837341308594	47.96726989746094	492.790283203125	465.364013671875	195.2220916748047	162.93312072753906	225.77899169921875	335.4035339355469	583.5414428710938	720.759765625	271.2771301269531	280.0794677734375	425.0175476074219	449.14801025390625	418.0359802246094	407.57806396484375	407.47479248046875	123.0093765258789	486.1500244140625	970.9998168945312	982.8241577148438	454.7112731933594	0.0	72.19503021240234	0.0	14.262167930603027	58.84905242919922	155.0742645263672	0.0	0.0	88.49512481689453	195.73721313476562	0.0	0.0	19.871585845947266	180.1710205078125	49.52150344848633	0.0	82.77899932861328	377.89312744140625	742.23046875	675.3148803710938	200.55404663085938	221.19325256347656	111.96466064453125	77.31887817382812	184.6194305419922	200.61932373046875	90.00749969482422	0.0	391.34283447265625	544.06640625	508.9843444824219	221.83657836914062	0.0	198.8708953857422	105.75566101074219	311.90887451171875	89.06465148925781	253.89500427246094	0.0	174.62083435058594	185.17529296875	177.14193725585938	68.03772735595703	97.51409149169922	140.41165161132812	151.3273162841797	244.63357543945312	0.0	292.2023620605469	386.2458801269531	171.1735382080078	0.0	254.63198852539062	173.43910217285156	61.402015686035156	111.78467559814453	100.36849975585938	349.40106201171875	412.6216735839844	213.56077575683594	0.0	390.8763427734375	351.55792236328125	81.48846435546875	0.0	0.0	399.8537292480469	316.2032470703125	0.0	288.3700256347656	451.869873046875	370.8785095214844	0.0	223.39112854003906	106.55491638183594	141.8205108642578	63.5489501953125	0.0	23.050390243530273	133.3961639404297
715.4385375976562	880.6722412109375	264.7939453125	607.3233642578125	912.219970703125	691.5676879882812	596.357666015625	1033.412353515625	576.354736328125	359.6584777832031	1083.143310546875	927.7650756835938	417.80078125	360.7630920410156	884.012451171875	585.439453125	560.3422241210938	524.1024169921875	520.182861328125	432.3672180175781	303.5885314941406	431.1768493652344	708.7567749023438	549.0689697265625	526.8369140625	750.224365234375	814.5798950195312	749.309326171875	209.63226318359375	496.0442810058594	355.5057678222656	236.82891845703125	64.8441162109375	164.51368713378906	0.0	53.399871826171875	364.9117431640625	350.6960144042969	131.80848693847656	137.98992919921875	3.6732637882232666	0.0	173.32130432128906	172.3738250732422	345.6206970214844	219.99000549316406	474.537353515625	377.1082763671875	206.14500427246094	282.0792236328125	314.76715087890625	102.78034973144531	4.863409042358398	0.0	18.986417770385742	2.870129346847534	193.36949157714844	320.092529296875	285.1528625488281	159.346923828125	221.82394409179688	235.75643920898438	0.0	10.824000358581543	0.0	7.120851039886475	0.0	13.278456687927246	0.0	0.0	0.0	48.360191345214844	6.27614164352417	37.419864654541016	0.0	36.49080276489258	0.0	0.0	1.4383207559585571	42.516822814941406	0.0	79.18180084228516	129.4727020263672	35.91175842285156	0.0	0.0	69.29711151123047	0.0	48.99241638183594	42.11415100097656	34.15495681762695	37.12796401977539	22.261472702026367	6.273988246917725	0.0	45.75057601928711	0.0	0.0	0.0	0.0	0.0	0.0	0.0	0.0	0.0	0.0	0.0	57.05964660644531	0.0	0.0	17.70512580871582	53.5134391784668	212.59494018554688	295.3680114746094	410.0659484863281	329.6230773925781	266.3534240722656	250.67539978027344	296.0325622558594	350.3476867675781	343.1136169433594	372.8185119628906	428.555908203125	321.72857666015625	95.15069580078125	170.98818969726562	222.33761596679688	159.12738037109375	0.0	0.0	0.0	0.0	0.0	0.0	0.0	0.0	0.0	0.0	0.0	0.0	0.0	0.0	0.0	0.0	402.2119445800781	807.3262939453125	760.9046020507812	179.4900360107422	727.4212036132812	1109.6619873046875	1045.9404296875	544.8603515625	426.6038818359375	210.03466796875	602.9903564453125	637.1780395507812	955.1505126953125	1093.4891357421875	1085.776611328125	960.2638549804688	429.6831970214844	564.3477172851562	631.8001098632812	342.9630126953125	601.6744995117188	698.4102783203125	651.5914306640625	620.9254760742188	627.1952514648438	856.2647094726562	741.8049926757812	606.7683715820312	540.2650756835938	721.564453125	668.8831176757812	561.6957397460938	86.39437866210938	0.0	122.7989730834961	54.366920471191406	161.00535583496094	0.0	116.59547424316406	89.22631072998047	165.11367797851562	45.819427490234375	87.6041488647461	0.0	0.0	67.64527893066406	173.69085693359375	0.0	780.2634887695312	890.2408447265625	796.23876953125	378.140625	386.58056640625	289.5428466796875	307.31591796875	272.2590026855469	433.01397705078125	834.6866455078125	903.0435180664062	708.4515991210938	866.7243041992188	880.6535034179688	545.8260498046875	121.3084945678711	51.29740905761719	0.0	56.046363830566406	0.0	171.8326416015625	83.20428466796875	475.0594177246094	247.93377685546875	107.29649353027344	0.0	71.8174819946289	43.0219841003418	113.25979614257812	364.6625061035156	336.510498046875	243.2600555419922	425.7637023925781	341.45538330078125	405.033203125	380.3601379394531	81.84620666503906	331.0426940917969	328.9454345703125	277.22119140625	243.57762145996094	346.3264465332031	226.02195739746094	248.83164978027344	0.0	52.09501266479492	69.13069152832031	0.0	0.0	16.87044906616211	0.0	76.47628784179688	189.38226318359375	398.2502746582031	105.66471862792969	130.57949829101562	9.129753112792969	2.887249708175659	159.7410430908203	122.64539337158203	259.9084167480469	219.32601928710938	415.7424621582031	416.0304260253906
11.588950157165527	984.6854248046875	1323.216064453125	65.6871566772461	17.125104904174805	1222.4580078125	1027.66455078125	367.604248046875	47.525665283203125	976.4918823242188	665.8131103515625	502.6543884277344	84.06764221191406	449.2173767089844	408.7767333984375	780.1039428710938	305.65472412109375	560.4215698242188	285.5715026855469	92.20533752441406	423.8968200683594	509.4947204589844	572.3954467773438	441.6775817871094	423.6299133300781	462.2598876953125	648.136962890625	540.4115600585938	221.2754364013672	483.47320556640625	861.8574829101562	586.3964233398438	0.0	198.9254608154297	259.21044921875	23.59649085998535	0.0	145.04446411132812	57.169124603271484	54.971988677978516	4.260254383087158	242.57032775878906	56.4653434753418	85.71673583984375	86.83198547363281	78.44052124023438	279.6554870605469	332.88623046875	98.80794525146484	64.83920288085938	0.0	0.0	101.37654876708984	61.63337326049805	70.5956802368164	22.92984962463379	211.0890655517578	196.15155029296875	244.0880889892578	138.1695098876953	154.7084197998047	278.8800354003906	329.76287841796875	167.77476501464844	0.0	0.0	21.05625343322754	18.397966384887695	0.0	0.0	41.5206413269043	0.0	0.0	0.0	0.0	0.0	0.0	0.0	23.746309280395508	119.82115173339844	0.0	0.0	3.6317310333251953	0.0	26.431337356567383	28.981348037719727	0.0	15.897136688232422	7.6409478187561035	0.0	62.30562973022461	68.96435546875	0.0	39.817527770996094	64.07447814941406	106.92970275878906	0.0	0.0	0.0	37.30888748168945	0.0	0.0	0.0	0.0	0.0	0.0	0.0	0.0	0.0	0.0	37.26683044433594	14.660940170288086	23.778596878051758	88.07273864746094	136.30638122558594	127.32050323486328	70.86383056640625	321.9288330078125	470.5661315917969	338.6353759765625	122.93423461914062	479.43304443359375	450.46649169921875	265.94091796875	143.74021911621094	404.67315673828125	478.6071472167969	350.1172790527344	0.0	0.0	0.0	41.48981857299805	0.0	0.0	0.0	0.0	0.0	0.0	0.0	0.0	0.0	0.0	0.0	0.0	117.50684356689453	244.46607971191406	307.0172119140625	133.6154022216797	168.6814727783203	317.158935546875	299.9764099121094	64.8363037109375	433.8037109375	907.8612060546875	1043.8167724609375	495.5588073730469	516.9512939453125	731.0723876953125	773.8367309570312	733.5584716796875	149.1858673095703	214.9933624267578	196.27867126464844	279.6153259277344	331.4205322265625	565.3545532226562	747.2877197265625	506.78668212890625	446.2380676269531	993.8775024414062	1156.55517578125	737.1692504882812	443.5732421875	990.9600830078125	1224.787109375	709.9546508789062	0.0	135.17239379882812	15.633369445800781	0.0	0.0	205.49769592285156	21.521442413330078	30.191736221313477	0.0	138.24563598632812	15.329319953918457	20.31682777404785	0.0	124.52156829833984	0.0	0.0	80.5348892211914	189.1018829345703	124.6017074584961	128.25137329101562	163.9477996826172	251.75485229492188	192.06285095214844	185.38197326660156	314.9623718261719	815.2890625	819.3590698242188	486.1911926269531	484.0390319824219	980.0672607421875	1160.68212890625	611.8077392578125	0.0	231.11837768554688	117.9873275756836	116.6291275024414	0.0	163.1011505126953	0.0	95.6603775024414	22.503021240234375	155.55880737304688	377.8586730957031	350.4551086425781	47.74806213378906	98.46029663085938	208.8213653564453	145.8904266357422	172.87136840820312	245.7842254638672	86.23473358154297	88.72077941894531	124.7657699584961	234.6434326171875	354.50213623046875	190.59425354003906	92.04204559326172	164.7532501220703	314.951904296875	336.3528747558594	0.0	77.3952407836914	329.1230163574219	0.0	0.0	82.95646667480469	242.9532928466797	137.23165893554688	0.0	58.28467559814453	112.36039733886719	85.3921127319336	0.0	23.652629852294922	120.34192657470703	119.02623748779297	86.03328704833984	112.38302612304688	58.51051712036133	105.65294647216797
111.1363525390625	1318.3785400390625	963.8683471679688	459.7828369140625	501.7784423828125	1146.147705078125	195.57937622070312	88.11415100097656	305.2980651855469	400.9371337890625	272.6044006347656	447.0001525878906	55.874916076660156	96.67376708984375	749.0481567382812	823.0015258789062	701.6055908203125	734.111572265625	418.16180419921875	39.675537109375	344.3470153808594	291.4613342285156	288.25408935546875	156.40771484375	216.16812133789062	253.69662475585938	346.91278076171875	270.23150634765625	2.4417874813079834	686.4617919921875	795.0914306640625	349.6504821777344	0.0	485.5718688964844	423.4642639160156	195.27059936523438	207.41831970214844	364.6168212890625	136.6823272705078	28.718002319335938	120.68801879882812	40.422298431396484	43.452392578125	31.212858200073242	185.1023406982422	150.56167602539062	91.7245864868164	96.14314270019531	188.73892211914062	208.37371826171875	241.38294982910156	122.54852294921875	108.59599304199219	28.57709312438965	24.39977264404297	57.373626708984375	112.54334259033203	151.6259002685547	137.9507293701172	0.0	33.7448844909668	92.31993865966797	72.47051239013672	37.93815994262695	0.0	0.0	0.0	38.53364944458008	0.0	0.0	0.0	34.87913131713867	0.0	60.44672393798828	0.0	15.181864738464355	0.0	0.0	47.71214294433594	66.78709411621094	0.5315099954605103	0.0	64.8957748413086	100.45230865478516	12.321453094482422	0.0	33.266605377197266	8.302958488464355	75.4616928100586	63.1789436340332	44.421878814697266	25.741422653198242	0.0	13.87954044342041	12.07846450805664	29.948017120361328	0.0	0.0	0.0	35.941558837890625	0.0	6.527339935302734	64.2627944946289	76.12391662597656	0.0	0.0	0.0	0.0	0.0	0.0	0.0	0.0	107.22635650634766	201.45352172851562	159.1162567138672	80.76443481445312	132.32997131347656	307.1986389160156	293.7168273925781	94.3367691040039	126.96589660644531	294.6172180175781	323.503662109375	104.19403839111328	127.33396911621094	336.645751953125	290.7117919921875	225.82766723632812	0.0	0.0	0.0	0.0	0.0	0.0	5.273674011230469	77.8516616821289	0.0	0.0	0.0	0.0	0.0	0.0	0.0	0.0	162.49964904785156	988.1998901367188	1148.553955078125	721.5916137695312	538.31005859375	726.3936767578125	465.2342834472656	63.144813537597656	475.0898742675781	554.7130126953125	290.03143310546875	53.03971481323242	425.52813720703125	824.6871948242188	617.1983032226562	92.56333923339844	452.04144287109375	569.3658447265625	682.0150146484375	458.78094482421875	479.87945556640625	520.7838745117188	432.2738952636719	171.936279296875	403.69134521484375	645.4822387695312	590.9562377929688	126.4446029663086	238.10928344726562	776.2153930664062	728.9424438476562	372.1615905761719	78.89342498779297	55.36777114868164	0.0	0.0	102.93889617919922	218.68629455566406	0.0	0.0	0.0	27.31094741821289	29.659177780151367	0.0	44.10150909423828	22.882049560546875	99.0234146118164	0.0	440.7737121582031	796.983642578125	950.6312255859375	540.4664306640625	321.7931823730469	273.3860778808594	87.0745620727539	44.90013885498047	378.7601318359375	492.79986572265625	455.89202880859375	18.086322784423828	226.64259338378906	339.2996826171875	242.9168701171875	160.30950927734375	159.10247802734375	112.0618896484375	246.63674926757812	266.07843017578125	228.94822692871094	99.39661407470703	141.7697296142578	136.24957275390625	117.50558471679688	167.7633514404297	105.71654510498047	21.929410934448242	0.0	186.73008728027344	364.32086181640625	16.543170928955078	415.4213562011719	389.58831787109375	0.0	0.0	7.085498809814453	240.9829559326172	207.9573974609375	104.80429077148438	0.0	228.56007385253906	362.63531494140625	279.4854736328125	17.442102432250977	343.7657470703125	437.7958984375	165.73355102539062	0.0	317.68975830078125	426.422607421875	245.03480529785156	117.30179595947266	481.5011291503906	410.9354248046875	99.08258056640625	117.95711517333984	46.245079040527344	0.0	100.34339904785156	169.1001434326172	95.7652359008789	47.3409309387207	132.60751342773438
110.13720703125	681.3171997070312	1018.656005859375	784.9784545898438	796.3851318359375	1209.2418212890625	843.0355224609375	986.758056640625	834.2919921875	523.1402587890625	1351.8302001953125	1441.5030517578125	72.92841339111328	530.7356567382812	1500.55419921875	984.4457397460938	702.8182983398438	845.9606323242188	852.2728881835938	558.7102661132812	736.6617431640625	516.1781616210938	693.9307861328125	470.3663024902344	29.579458236694336	658.79443359375	739.0009765625	404.7567443847656	325.0503234863281	713.4011840820312	584.123779296875	261.75262451171875	0.0	18.615394592285156	90.2545166015625	129.3417205810547	294.5267333984375	462.6754150390625	295.7227783203125	227.5727081298828	426.46673583984375	274.98101806640625	224.25927734375	254.9235076904297	89.80052185058594	0.0	295.7339172363281	181.68519592285156	125.35501861572266	239.2809295654297	256.38397216796875	190.45086669921875	167.91188049316406	141.27520751953125	56.02544021606445	0.0	11.17448616027832	112.32808685302734	86.0711669921875	9.838205337524414	106.54226684570312	156.4368896484375	0.41456055641174316	6.292283058166504	0.0	0.0	0.0	8.279753684997559	0.0	0.0	0.0	106.12940979003906	0.0	0.0	0.0	73.10176086425781	0.0	0.0	0.0	33.78541564941406	0.0	0.0	68.33667755126953	36.604190826416016	0.0	14.095168113708496	49.85047149658203	0.0	16.878435134887695	23.705053329467773	0.0	0.0	35.37675094604492	0.0	12.078310012817383	0.0	0.0	0.0	0.0	0.0	0.0	0.0	0.0	0.0	0.0	0.0	0.0	30.384143829345703	0.0	0.0	0.0	57.44123840332031	203.7659912109375	225.84205627441406	289.6104431152344	350.3045349121094	202.77784729003906	266.9440002441406	319.44329833984375	178.52609252929688	117.4115982055664	143.79364013671875	252.65956115722656	166.02395629882812	174.46536254882812	254.93504333496094	305.2953186035156	193.29925537109375	4.162839889526367	0.0	0.0	0.0	0.0	0.0	0.0	0.0	0.0	14.665762901306152	0.0	0.0	0.0	24.036476135253906	0.0	0.0	107.93028259277344	107.27080535888672	801.200927734375	645.3870239257812	611.3322143554688	1133.58154296875	1262.9908447265625	611.4893798828125	1026.065185546875	934.388916015625	252.8016357421875	268.03570556640625	191.50828552246094	114.40643310546875	394.70416259765625	282.3312683105469	501.8914794921875	609.1978759765625	727.231689453125	558.04833984375	607.5393676757812	744.3372802734375	877.2926635742188	485.6605529785156	482.9039001464844	579.5284423828125	502.45782470703125	308.777587890625	365.1087951660156	639.7349853515625	528.4708251953125	388.1412048339844	99.2951889038086	89.68346405029297	0.0	41.51720428466797	63.38804626464844	0.0	9.073143005371094	57.26420974731445	60.87094497680664	0.0	30.386850357055664	0.0	19.662643432617188	109.72196960449219	47.70488739013672	0.0	111.365234375	737.3477783203125	900.5513916015625	470.0403747558594	759.34228515625	815.4617309570312	562.6736450195312	43.07008743286133	549.8786010742188	156.09893798828125	195.08966064453125	89.76945495605469	13.056793212890625	244.17088317871094	276.9670715332031	152.98687744140625	0.0	64.81896209716797	90.07916259765625	104.37049865722656	94.0833511352539	53.1746940612793	424.2012939453125	422.32208251953125	202.38153076171875	79.61439514160156	373.2989807128906	163.17828369140625	0.0	210.7743682861328	301.5270080566406	32.71247482299805	552.332275390625	608.5256958007812	437.9642028808594	283.6412353515625	363.3424072265625	0.0	431.2785339355469	252.02902221679688	0.0	449.891357421875	459.18572998046875	123.69698333740234	372.1059265136719	454.2292785644531	246.19786071777344	0.0	0.0	0.0	0.0	164.18394470214844	0.0	367.4372253417969	190.0914306640625	192.21327209472656	343.67095947265625	335.19818115234375	192.37295532226562	236.5625457763672	196.16676330566406	0.0	279.61431884765625	229.84552001953125
17.996572494506836	668.9793090820312	819.1107177734375	591.6863403320312	336.0041809082031	879.8988647460938	882.6954345703125	521.64892578125	397.72125244140625	614.1767578125	1116.84912109375	576.9534912109375	153.81312561035156	71.53871154785156	721.8411865234375	241.13645935058594	419.58734130859375	529.8732299804688	504.16656494140625	210.99639892578125	387.3767395019531	693.4033203125	594.2422485351562	327.6248779296875	284.18695068359375	744.960693359375	588.2597045898438	175.3279571533203	31.391172409057617	539.9329833984375	467.25311279296875	233.95480346679688	0.0	57.19068908691406	86.25520324707031	57.91671371459961	10.756123542785645	119.79922485351562	87.73793029785156	34.76496887207031	146.86172485351562	107.42855834960938	290.45562744140625	94.25982666015625	262.1441650390625	216.37353515625	293.72723388671875	42.849449157714844	89.47366333007812	52.674068450927734	37.882511138916016	0.0	92.75089263916016	19.28095245361328	6.50431489944458	0.0	169.70736694335938	246.22972106933594	75.10089874267578	63.04753494262695	0.7892153263092041	126.11442565917969	43.54637145996094	9.916665077209473	0.0	0.0	0.0	65.41986846923828	0.0	0.0	16.1881160736084	69.96436309814453	21.641815185546875	0.0	38.07078170776367	73.79113006591797	0.0	0.0	98.92874908447266	47.757999420166016	9.05850601196289	2.1763241291046143	0.0	6.604994297027588	19.508819580078125	0.0	0.0	0.0	20.214326858520508	57.0906867980957	17.860795974731445	30.685392379760742	30.297086715698242	54.844242095947266	0.22131986916065216	13.993935585021973	0.0	0.0	0.0	0.0	0.0	0.0	0.0	13.84223747253418	0.0	0.0	0.0	28.745174407958984	0.0	0.0	0.0	56.879417419433594	46.18470001220703	118.41873168945312	181.53201293945312	64.53277587890625	165.17955017089844	317.7601318359375	385.5341491699219	154.64300537109375	188.7054443359375	300.8763427734375	300.3025817871094	149.18603515625	99.01490783691406	265.4275817871094	289.8431701660156	200.3120880126953	0.26758626103401184	0.0	0.0	0.0	0.0	0.0	0.0	0.0	0.0	0.0	0.0	0.0	0.0	0.0	0.0	25.477170944213867	133.84579467773438	272.5843505859375	160.04336547851562	108.36090850830078	163.68502807617188	412.1285705566406	255.96771240234375	98.17988586425781	560.0858764648438	782.3812866210938	648.9081420898438	378.9396057128906	755.7660522460938	1035.48583984375	639.1494750976562	159.17835998535156	200.47964477539062	276.2961120605469	223.28326416015625	165.02935791015625	414.4882507324219	608.9495239257812	683.647216796875	305.57061767578125	519.7642211914062	757.1708984375	657.0980224609375	296.9486999511719	428.31439208984375	654.45166015625	557.4979248046875	355.8836669921875	63.282936096191406	71.09178161621094	61.90196990966797	0.0	135.1800994873047	144.1277313232422	137.30508422851562	0.0	69.23014831542969	0.0	88.20879364013672	0.0	25.186487197875977	77.10123443603516	183.1182861328125	0.0	109.84435272216797	235.39413452148438	124.14044189453125	0.0	91.8866958618164	241.15069580078125	96.74679565429688	48.833980560302734	629.5059204101562	791.198974609375	608.8464965820312	247.9217071533203	348.843017578125	294.60504150390625	130.53697204589844	76.1032943725586	113.64170837402344	45.42133331298828	179.96177673339844	6.4090776443481445	148.60963439941406	67.17606353759766	211.2223358154297	57.592525482177734	62.89303970336914	200.21083068847656	213.22183227539062	76.73360443115234	0.0	399.4322204589844	329.3599853515625	105.96349334716797	269.8667297363281	339.8135070800781	205.5384521484375	168.6223602294922	158.42970275878906	287.7644348144531	230.20965576171875	181.53355407714844	0.0	250.84706115722656	202.7543182373047	19.402912139892578	0.0	191.9185791015625	197.5365447998047	53.70323944091797	0.0	10.550867080688477	69.40345764160156	137.4661407470703	0.0	39.980796813964844	67.8993148803711	125.86251068115234	0.0	0.0	181.28550720214844	201.45872497558594	195.88519287109375	121.56192779541016	299.1971130371094	196.7509765625
322.1669921875	96.76949310302734	1090.7630615234375	706.0128173828125	70.84696197509766	1058.8133544921875	1540.8018798828125	441.479248046875	395.8268127441406	1647.687255859375	1262.4642333984375	189.6267852783203	584.3134765625	1150.2366943359375	497.9572448730469	487.8612365722656	103.63603210449219	824.4721069335938	700.8023681640625	302.0158996582031	613.9977416992188	773.3323364257812	586.106201171875	148.08038330078125	640.6961669921875	451.9117736816406	471.2763977050781	579.9161376953125	415.55078125	758.53369140625	830.9598999023438	821.2232666015625	410.3266296386719	311.2053527832031	197.51034545898438	95.6783218383789	0.0	208.38710021972656	345.2013854980469	40.83782196044922	9.307195663452148	392.1413879394531	303.0200500488281	25.340322494506836	7.644039154052734	0.0	102.69670104980469	191.95962524414062	0.0	77.04345703125	5.6150054931640625	24.313642501831055	131.7154083251953	153.56307983398438	7.524258613586426	15.027703285217285	131.063720703125	16.02594757080078	0.0	0.0	234.71853637695312	465.78173828125	451.0855712890625	382.03948974609375	0.0	0.0	69.85301208496094	73.83677673339844	0.0	0.0	78.17753601074219	88.8559799194336	0.0	0.0	0.0	0.0	0.0	58.674861907958984	48.408851623535156	0.0	8.46784782409668	15.276337623596191	16.705427169799805	3.836867570877075	0.0	0.0	35.780784606933594	0.0	11.35542106628418	2.608381986618042	2.9175546169281006	0.0	18.8381290435791	79.88330841064453	69.14423370361328	92.28064727783203	0.0	0.0	0.0	0.0	0.0	0.0	0.0	31.92230224609375	0.0	0.0	0.0	0.0	0.0	0.0	0.0	0.0	157.3595733642578	280.9215087890625	221.95004272460938	159.28407287597656	151.90924072265625	217.6454315185547	234.75030517578125	191.54808044433594	94.8519058227539	371.5205078125	432.500244140625	427.2710266113281	324.791015625	556.3798828125	591.8001098632812	435.75360107421875	0.0	0.0	0.0	0.0	2.1148762702941895	0.0	0.0	41.08557891845703	0.0	0.0	0.0	41.531394958496094	0.0	0.0	0.0	0.0	1275.9521484375	1471.06103515625	818.0738525390625	129.23553466796875	81.83207702636719	342.6287536621094	435.30841064453125	280.70001220703125	215.2573699951172	647.2993774414062	657.828125	291.7636413574219	482.24200439453125	499.5644226074219	751.5309448242188	1010.5880126953125	589.78759765625	725.6581420898438	608.3688354492188	324.160888671875	268.0470886230469	382.7637634277344	318.3195495605469	349.84014892578125	402.7698669433594	547.2396240234375	810.9423828125	728.5677490234375	759.79296875	1064.994873046875	1165.9193115234375	934.6993408203125	11.79652214050293	0.0	52.60222244262695	0.0	45.437774658203125	35.63175582885742	0.0	0.0	136.03123474121094	173.23944091796875	9.37521743774414	74.25325775146484	176.26519775390625	214.8981475830078	0.0	0.0	559.572509765625	488.0420227050781	177.33175659179688	77.37445831298828	155.78076171875	341.0152587890625	305.21441650390625	154.3390350341797	260.57427978515625	421.82781982421875	172.15176391601562	51.111167907714844	761.4398803710938	1177.4146728515625	1362.21728515625	1301.15380859375	126.20016479492188	365.4026794433594	564.4910278320312	23.382253646850586	0.0	236.32867431640625	245.4940948486328	129.48854064941406	101.06368255615234	199.20130920410156	0.0	132.62025451660156	155.08740234375	0.0	0.0	0.0	22.966041564941406	554.0014038085938	359.0914611816406	81.93572235107422	400.04730224609375	550.3206787109375	158.64801025390625	40.717037200927734	234.11007690429688	195.335693359375	375.0080261230469	354.8765563964844	44.64876174926758	377.9346618652344	403.1053161621094	255.64910888671875	370.47174072265625	207.03231811523438	122.06217193603516	169.6868896484375	80.19507598876953	98.82591247558594	274.9632263183594	146.667236328125	0.0	328.0761413574219	328.94683837890625	92.45122528076172	0.0	51.31654357910156	0.0	0.0
31.644309997558594	916.8265991210938	1079.1851806640625	582.0328979492188	65.98234558105469	958.66064453125	1122.3531494140625	847.5592041015625	667.0455932617188	1118.317138671875	909.0153198242188	356.18927001953125	779.2386474609375	630.1663208007812	898.6183471679688	504.6720886230469	196.44639587402344	504.46923828125	847.2532958984375	742.1920166015625	536.939697265625	803.62060546875	751.548583984375	175.2218475341797	588.607666015625	603.2476806640625	477.6562805175781	294.0109558105469	246.78448486328125	740.0181274414062	614.0808715820312	297.1448059082031	58.498714447021484	212.725341796875	163.01214599609375	80.93184661865234	0.0	186.29957580566406	418.290283203125	345.290283203125	246.2528533935547	310.8463439941406	263.9676513671875	60.107826232910156	169.554443359375	36.405277252197266	49.667694091796875	48.84979248046875	81.33395385742188	29.89621925354004	86.67704010009766	213.6829071044922	120.71202850341797	89.64005279541016	240.52651977539062	99.66978454589844	142.52084350585938	84.80474853515625	0.0	48.133182525634766	90.42412567138672	253.31761169433594	116.52372741699219	39.69417953491211	0.0	0.0	0.0	0.0	0.0	0.0	4.593167304992676	73.33953094482422	0.0	0.0	38.181800842285156	69.52369689941406	0.0	0.0	81.899169921875	59.14503860473633	0.0	0.0	0.0	11.364533424377441	0.0	0.0	0.0	41.60084533691406	0.0	46.04202651977539	0.0	19.734594345092773	99.08004760742188	55.57583236694336	0.0	18.229928970336914	0.0	0.0	0.0	0.0	0.0	0.0	44.27263259887695	0.0	0.0	0.0	31.958860397338867	62.02760696411133	0.0	0.0	0.0	22.130170822143555	0.0	298.2712707519531	319.18841552734375	301.12811279296875	119.37052917480469	204.30470275878906	323.56695556640625	176.0849609375	135.2447967529297	308.59136962890625	270.8536376953125	167.8972625732422	216.2153778076172	421.953857421875	354.86077880859375	201.19078063964844	0.0	0.0	0.0	0.0	0.0	0.0	0.0	0.0	0.0	0.0	0.0	57.984832763671875	0.0	0.0	0.0	0.0	278.56488037109375	606.5021362304688	916.5601806640625	345.04730224609375	197.10311889648438	335.4226989746094	1037.3516845703125	909.7438354492188	403.9676208496094	803.066162109375	578.6326293945312	132.06407165527344	556.3414306640625	532.4564208984375	85.82705688476562	32.06487274169922	172.3909149169922	524.0651245117188	784.1544189453125	796.2791137695312	353.8183288574219	511.42547607421875	609.9671630859375	576.6286010742188	535.8179321289062	617.7037353515625	493.8150939941406	278.6474914550781	604.6238403320312	1027.354736328125	805.2196044921875	449.9159240722656	0.0	237.2353057861328	42.906524658203125	4.738347053527832	80.33904266357422	117.69438171386719	77.75918579101562	0.0	139.77655029296875	12.836051940917969	146.93240356445312	0.0	158.78366088867188	50.01343536376953	177.23843383789062	0.0	178.25794982910156	447.0828552246094	263.3497314453125	624.2255249023438	194.60568237304688	521.5625	843.30810546875	709.4736328125	493.02923583984375	450.8011169433594	157.06808471679688	6.411416530609131	453.86383056640625	550.470947265625	426.416748046875	194.23741149902344	0.0	125.11614227294922	171.78359985351562	235.62327575683594	0.0	188.31930541992188	76.06666564941406	196.93850708007812	67.91876220703125	209.12191772460938	198.28384399414062	63.981014251708984	107.39308166503906	181.5959930419922	282.19708251953125	0.0	107.07645416259766	275.8277893066406	437.88458251953125	225.47494506835938	368.5447998046875	396.0504150390625	228.0930938720703	0.0	213.38096618652344	135.255615234375	318.5084228515625	137.05316162109375	0.0	395.5001525878906	262.6751708984375	14.867500305175781	0.0	134.59613037109375	141.1099853515625	19.563053131103516	0.0	8.589923858642578	440.1349182128906	482.32598876953125	0.0	253.53675842285156	413.0455627441406	328.2439270019531	127.98038482666016	9.40936279296875	57.971431732177734	113.78936004638672
950.272705078125	1243.584716796875	600.163818359375	263.6267395019531	1452.9827880859375	1083.734619140625	447.4803771972656	696.5349731445312	1081.9400634765625	662.1424560546875	1118.3643798828125	813.6475830078125	493.8069763183594	687.1744384765625	582.6582641601562	306.2581787109375	744.1990356445312	678.1146240234375	377.6180419921875	452.7213439941406	453.0089111328125	691.8427734375	798.174072265625	730.3530883789062	732.8262329101562	1005.4945068359375	828.0678100585938	509.54656982421875	337.0934143066406	28.181188583374023	89.1789779663086	573.252197265625	77.11669921875	150.45907592773438	30.909976959228516	4.992302894592285	504.21533203125	379.84307861328125	7.006734371185303	47.874122619628906	112.73980712890625	133.27560424804688	415.1704406738281	147.0660400390625	465.9706115722656	478.5566711425781	355.6738586425781	61.37824249267578	178.70358276367188	178.39349365234375	145.3770751953125	0.0	59.47711944580078	40.43803024291992	135.1046905517578	217.60821533203125	302.7921142578125	285.6602783203125	251.59104919433594	159.02430725097656	216.8490753173828	112.87176513671875	66.69019317626953	109.26599884033203	0.0	0.0	0.0	0.0	0.0	0.0	0.0	0.0	23.856428146362305	0.0	0.0	0.0	22.390352249145508	0.0	0.0	0.0	0.0	65.46937561035156	79.29780578613281	0.0	0.0	0.0	16.237375259399414	52.46967315673828	40.509883880615234	0.0	37.020835876464844	61.85209274291992	42.481204986572266	27.397430419921875	52.565059661865234	24.901052474975586	0.0	0.0	0.0	0.0	0.0	0.0	0.0	0.0	0.0	0.0	0.0	0.0	16.72735595703125	17.833580017089844	47.99857711791992	0.0	173.45196533203125	270.9126892089844	350.9142150878906	228.507568359375	247.693603515625	395.3990173339844	277.2073669433594	316.8411865234375	448.4925537109375	461.19268798828125	343.5980529785156	321.4273376464844	133.46994018554688	131.7928466796875	117.99260711669922	253.58743286132812	0.0	0.0	0.0	0.0	0.0	0.0	0.0	0.0	0.0	0.0	0.0	0.0	0.0	0.0	0.0	0.0	308.13238525390625	744.2579345703125	542.6676635742188	111.06442260742188	888.0042724609375	1092.2200927734375	749.1896362304688	291.3859558105469	340.0352783203125	396.2325439453125	1117.6396484375	1076.8448486328125	1243.7197265625	1283.013916015625	1169.7337646484375	571.5282592773438	511.571533203125	626.9395751953125	630.953125	367.8580627441406	440.698486328125	873.223876953125	832.5213623046875	740.2551879882812	900.1326904296875	1013.1796264648438	791.5292358398438	824.1163940429688	650.1784057617188	775.2349853515625	646.435791015625	583.3294067382812	75.81169128417969	0.0	0.0	37.209312438964844	206.95965576171875	0.0	55.57475662231445	33.60164260864258	283.4701232910156	0.0	0.0	104.76948547363281	28.01823616027832	0.0	0.0	60.247989654541016	711.4994506835938	713.6087646484375	437.48590087890625	29.41802215576172	541.1045532226562	467.4276428222656	414.6687316894531	579.410400390625	632.6029052734375	976.29736328125	859.3182373046875	671.7057495117188	1083.22998046875	969.4628295898438	296.7552490234375	178.16737365722656	117.26912689208984	46.6075439453125	0.0	52.47373580932617	212.6947021484375	121.73567962646484	356.1877136230469	150.91868591308594	27.348417282104492	34.3603515625	37.662696838378906	449.25714111328125	281.26800537109375	259.085693359375	131.00621032714844	358.53192138671875	560.3573608398438	382.8125305175781	381.0075378417969	421.6179504394531	96.98004913330078	445.0112609863281	536.444091796875	465.7986145019531	419.006103515625	446.19891357421875	53.34008026123047	161.7593231201172	0.0	0.0	55.967254638671875	261.3957824707031	0.0	84.22698974609375	12.632911682128906	43.71883773803711	390.25311279296875	320.98565673828125	0.0	0.0	116.28294372558594	35.26835250854492	311.5410461425781	269.9491882324219	356.3447265625	440.28228759765625	423.1391906738281	149.84046936035156
680.6869506835938	847.0911254882812	728.2086791992188	344.4716796875	1211.4193115234375	778.5973510742188	240.835693359375	235.04933166503906	1149.7197265625	230.9332275390625	214.32537841796875	602.0142822265625	276.6941833496094	272.9189147949219	355.80657958984375	1014.2366943359375	715.888671875	737.9782104492188	565.669921875	589.8316650390625	480.2884216308594	250.46934509277344	149.50570678710938	477.6166076660156	368.7826843261719	473.51416015625	665.3098754882812	945.3070068359375	467.2210998535156	683.9102783203125	770.5595703125	740.0001831054688	0.0	0.0	0.0	0.0	497.59344482421875	500.06915283203125	451.3725280761719	142.9582977294922	278.1062316894531	212.27906799316406	218.70103454589844	67.35850524902344	84.30392456054688	95.86748504638672	242.4111328125	381.77142333984375	211.30198669433594	319.58905029296875	292.3214111328125	175.40098571777344	225.39295959472656	273.7569885253906	291.1499938964844	261.25286865234375	37.481903076171875	0.0	104.84998321533203	167.85951232910156	353.80340576171875	430.27447509765625	399.5348815917969	223.00543212890625	0.0	0.0	0.0	0.0	16.528715133666992	0.0	29.339794158935547	0.0	0.0	0.0	0.0	0.0	80.92770385742188	19.592634201049805	0.0	7.786369800567627	0.0	76.03389739990234	89.5933609008789	42.04789733886719	0.0	79.36167907714844	32.81589126586914	107.42764282226562	21.761722564697266	0.0	0.0	33.51258850097656	78.31952667236328	80.76639556884766	109.0794906616211	86.42452239990234	0.0	0.0	0.0	0.0	0.0	6.234420299530029	0.0	0.0	0.0	75.6493148803711	0.0	0.0	0.0	0.0	0.0	0.0	278.3689880371094	442.613037109375	498.96954345703125	403.40069580078125	227.50648498535156	189.099609375	112.8192367553711	185.06692504882812	479.5472106933594	513.0990600585938	444.8785705566406	408.47247314453125	378.5557556152344	489.7079162597656	432.3777770996094	345.0288391113281	0.0	0.0	0.0	0.0	0.0	0.0	0.0	0.0	0.0	0.0	0.0	0.0	0.0	0.0	0.0	0.0	0.0	284.6400146484375	279.0647888183594	27.256338119506836	1257.2296142578125	1350.6181640625	1326.0550537109375	1214.1077880859375	575.2904663085938	489.97747802734375	536.8978271484375	550.2969360351562	845.0765380859375	885.0359497070312	1012.2924194335938	1141.978759765625	739.932861328125	1024.9609375	1044.0714111328125	872.5418090820312	578.6889038085938	832.1280517578125	825.6602783203125	761.9618530273438	714.2975463867188	748.2180786132812	754.171875	755.3375244140625	977.6708984375	1046.9820556640625	940.2953491210938	771.0287475585938	112.17623901367188	85.94868469238281	49.40058517456055	93.53935241699219	21.90380096435547	0.0	0.0	82.07827758789062	145.516845703125	76.28175354003906	113.46134948730469	81.81826782226562	7.204270839691162	0.0	0.0	0.0	580.5447387695312	828.6463012695312	758.4551391601562	458.5998840332031	984.0413208007812	1129.117919921875	1111.243896484375	780.0128784179688	136.51950073242188	10.4686279296875	124.68392181396484	140.67379760742188	1121.9683837890625	1287.82763671875	1278.2978515625	913.7102661132812	6.196389675140381	0.0	0.0	0.0	129.7464599609375	348.7254638671875	327.95208740234375	520.4290161132812	0.0	46.86698913574219	0.0	540.3488159179688	164.11952209472656	19.925498962402344	0.0	62.680503845214844	581.7057495117188	457.594970703125	299.9917297363281	268.3731994628906	120.42212677001953	0.0	0.0	279.5411376953125	363.8003234863281	364.4038391113281	404.9385681152344	478.6896667480469	322.05511474609375	302.2196350097656	259.1500549316406	21.818986892700195	0.0	0.0	0.0	3.709625005722046	489.693603515625	469.7589111328125	310.8826904296875	89.68775177001953	489.6800231933594	473.288330078125	362.7390441894531	68.6224365234375	0.0	0.0	0.0	207.6085205078125
129.22354125976562	1204.0443115234375	864.0879516601562	738.7687377929688	513.6160888671875	1076.76708984375	1104.984619140625	1261.60791015625	321.8326721191406	786.51708984375	1263.160400390625	653.6589965820312	411.9833679199219	1147.936279296875	527.8857421875	705.3095703125	630.0719604492188	709.6416625976562	633.1038208007812	678.892578125	356.6595764160156	754.6404418945312	853.1542358398438	553.9388427734375	563.9739379882812	539.5650634765625	403.693359375	310.8506164550781	467.7874755859375	785.3368530273438	916.1160278320312	399.1955871582031	0.0	376.3785400390625	243.07144165039062	204.52822875976562	190.77743530273438	317.210693359375	307.0478210449219	393.5312194824219	104.42777252197266	208.37977600097656	301.93145751953125	152.7761688232422	57.291297912597656	197.8594207763672	6.531179428100586	109.04849243164062	161.33641052246094	218.94100952148438	289.5479431152344	246.8421630859375	85.08404541015625	172.7777557373047	50.25836181640625	74.94552612304688	123.89414978027344	96.58769226074219	1.7792227268218994	0.0	115.2621841430664	60.17673110961914	70.84197235107422	52.79906463623047	0.0	0.0	0.0	0.0	0.0	0.0	0.0	79.19570922851562	0.0	10.066717147827148	0.0	32.971126556396484	0.0	0.0	11.850140571594238	29.703201293945312	10.450575828552246	0.0	86.23158264160156	114.13363647460938	7.88386869430542	9.664698600769043	0.0	62.2799072265625	58.115726470947266	49.09284973144531	19.56755828857422	48.0424919128418	3.8609120845794678	0.0	65.83428192138672	29.87269401550293	0.0	0.0	0.0	0.0	0.0	0.0	0.0	21.863248825073242	0.0	0.0	0.0	56.32489013671875	0.0	0.0	0.0	0.0	150.56105041503906	219.0159454345703	321.8218078613281	212.5104217529297	120.5767593383789	331.28472900390625	273.17559814453125	277.7751770019531	175.28262329101562	156.90045166015625	377.189697265625	235.13893127441406	279.7278137207031	540.6385498046875	461.29931640625	282.23748779296875	0.0	0.0	0.0	0.0	0.0	0.0	0.0	0.0	0.0	0.0	0.0	0.0	0.0	0.0	0.0	0.0	70.09745788574219	1049.1781005859375	1266.9962158203125	772.8324584960938	551.6281127929688	773.0033569335938	404.03106689453125	693.8685302734375	601.1810913085938	621.3175659179688	678.2074584960938	613.2957153320312	270.4925231933594	855.8499755859375	714.283447265625	65.34518432617188	375.7087097167969	595.006103515625	1050.37109375	875.2263793945312	530.4075317382812	718.3193359375	754.5150756835938	506.4288330078125	431.31488037109375	718.5382690429688	741.4710083007812	463.2349853515625	696.4851684570312	1063.6954345703125	1075.58349609375	515.2967529296875	83.51776123046875	4.312979221343994	0.0	0.0	122.45182800292969	168.36094665527344	0.0	0.0	76.53284454345703	55.07928466796875	35.055908203125	0.0	161.02980041503906	129.8108673095703	50.45961380004883	0.0	430.19940185546875	795.4586791992188	1036.0218505859375	631.7938232421875	348.19671630859375	267.3614196777344	491.9434814453125	418.9863586425781	305.279296875	439.98175048828125	364.8959655761719	44.717857360839844	317.1725769042969	534.8944702148438	272.7008972167969	300.3648376464844	81.90525817871094	6.9271931648254395	370.6885681152344	536.2849731445312	132.41964721679688	0.0	277.8216247558594	286.8072509765625	87.31501770019531	331.0704345703125	177.82815551757812	134.4226531982422	0.0	114.6979751586914	365.446044921875	65.80421447753906	409.11749267578125	389.540771484375	311.064697265625	459.846923828125	0.0	481.16064453125	366.00457763671875	0.0	250.5653839111328	372.3883361816406	226.55044555664062	351.0428466796875	195.7710723876953	316.7031555175781	381.6023864746094	257.89385986328125	0.0	191.06378173828125	175.08013916015625	165.7981414794922	96.11997985839844	316.7928466796875	183.20997619628906	392.96246337890625	79.79810333251953	130.20199584960938	376.88446044921875	379.22308349609375	0.0	169.27413940429688	49.15385055541992	120.37390899658203
26.395261764526367	480.7394104003906	1073.982666015625	673.3895874023438	0.0	1553.379150390625	1373.061767578125	41.609676361083984	357.19769287109375	1420.8013916015625	625.4292602539062	166.5349578857422	350.53863525390625	607.9517211914062	174.96044921875	323.21112060546875	260.08380126953125	675.3521118164062	524.5128784179688	262.09283447265625	663.82373046875	742.0562744140625	398.2887268066406	91.78362274169922	500.99468994140625	337.8790283203125	281.6952819824219	252.37364196777344	201.43190002441406	288.0453186035156	488.0936279296875	532.7991333007812	96.07891845703125	48.761409759521484	267.115234375	90.8402328491211	0.0	378.00347900390625	353.7486572265625	12.817838668823242	66.1587142944336	277.1620788574219	110.44320678710938	31.10226821899414	152.64759826660156	61.723331451416016	0.0	0.0	84.29546356201172	166.8018798828125	83.9441146850586	55.485897064208984	125.15087127685547	103.88910675048828	0.0	0.0	134.79872131347656	15.006673812866211	0.691687822341919	0.0	105.12654113769531	261.6084289550781	320.4019775390625	277.3156433105469	0.0	0.0	48.36890411376953	65.75464630126953	0.0	0.0	97.26641845703125	66.73943328857422	0.0	0.0	0.0	0.8208757638931274	0.0	28.663894653320312	11.71827220916748	0.0	0.0	0.0	7.349214553833008	29.512386322021484	0.0	0.0	21.582611083984375	0.0	15.57266902923584	0.0	0.0	0.0	34.00990676879883	99.32615661621094	120.68534851074219	59.869224548339844	0.0	0.0	0.0	0.0	0.0	0.0	38.24853515625	38.71148681640625	0.0	0.0	44.246742248535156	5.841372489929199	0.0	0.0	0.0	0.0	110.43006134033203	167.2981719970703	157.7526092529297	138.541259765625	111.91448211669922	217.5777130126953	207.51710510253906	130.8278045654297	113.74826049804688	319.25726318359375	286.04302978515625	97.16332244873047	143.89599609375	321.5211486816406	487.0787353515625	458.2606201171875	0.0	0.0	0.0	0.0	0.0	0.0	0.0	49.2746467590332	0.0	0.0	0.0	65.6459732055664	0.0	0.0	0.0	0.0	436.1719665527344	599.5646362304688	510.3177185058594	258.9453430175781	124.2409439086914	525.1912841796875	537.0322875976562	220.32261657714844	462.5221862792969	541.8290405273438	397.74749755859375	99.08295440673828	595.9320068359375	678.285888671875	373.9417419433594	4.687260150909424	366.18145751953125	600.5589599609375	504.08837890625	408.8977966308594	361.2955017089844	388.9272155761719	362.34234619140625	373.32391357421875	459.364990234375	600.02734375	521.8079833984375	195.2400665283203	461.7955322265625	800.838134765625	919.8329467773438	810.5755615234375	0.0	83.91437530517578	0.0	0.0	36.537811279296875	103.04047393798828	0.0	0.0	57.711788177490234	204.61575317382812	0.0	16.377458572387695	0.0	87.84687805175781	35.235565185546875	94.14916229248047	371.900634765625	500.516357421875	410.5282897949219	147.3185577392578	237.29457092285156	380.8228759765625	210.0931854248047	78.01289367675781	328.9363708496094	298.453125	97.1042709350586	83.74808502197266	429.3824768066406	742.8902587890625	816.3975830078125	533.972412109375	0.0	410.69268798828125	387.4837951660156	11.37522029876709	27.932146072387695	223.4608612060547	165.5691680908203	96.02863311767578	173.13343811035156	185.79600524902344	74.68929290771484	161.95510864257812	170.53492736816406	108.9920654296875	0.5357157588005066	0.0	166.17225646972656	461.8951721191406	352.9581604003906	0.0	292.7057800292969	335.5199890136719	0.0	0.0	82.16651153564453	132.1165771484375	239.50970458984375	137.07351684570312	0.0	201.62646484375	327.5018310546875	321.5115966796875	0.0	9.70550537109375	200.67361450195312	155.6383514404297	0.0	310.9498596191406	358.25421142578125	116.49939727783203	0.0	346.4698486328125	309.5261535644531	47.50625228881836	171.0274200439453	59.29111862182617	0.0	6.672842025756836
64.08792114257812	548.4296264648438	802.4146118164062	509.07373046875	338.4375305175781	1069.6512451171875	748.2196044921875	648.2093505859375	516.685791015625	572.8685913085938	922.1272583007812	884.78125	76.70545959472656	199.7684326171875	1008.6484375	486.0395202636719	477.8170471191406	673.5428466796875	594.5347900390625	396.1234436035156	558.9424438476562	403.8984069824219	461.6730651855469	260.88702392578125	52.65987777709961	423.1283874511719	442.81536865234375	256.1189270019531	61.959293365478516	444.0584411621094	318.4674072265625	130.44711303710938	0.0	0.0	0.0	51.78046798706055	184.27040100097656	367.6447448730469	158.75624084472656	164.75994873046875	283.4714660644531	231.37640380859375	172.3360137939453	151.5754852294922	23.13680648803711	0.0	183.39208984375	68.24060821533203	109.78873443603516	188.58480834960938	238.11875915527344	71.6789321899414	130.4520263671875	107.4858169555664	97.5373764038086	21.852556228637695	12.817390441894531	102.35535430908203	74.73426055908203	26.502132415771484	42.9439811706543	129.07521057128906	0.0	15.706474304199219	0.0	0.0	0.0	22.399738311767578	0.0	0.0	0.0	87.5445785522461	0.0	0.0	2.1872057914733887	56.70747756958008	0.0	0.0	23.967422485351562	27.516529083251953	0.0	0.0	99.57672119140625	30.490032196044922	0.0	4.351438999176025	31.656949996948242	4.375880241394043	0.0	26.90798568725586	0.0	1.35751473903656	15.540291786193848	0.0	0.0	12.91597843170166	0.0	0.0	0.0	0.0	0.0	0.0	8.968208312988281	10.534131050109863	0.0	0.0	2.0309581756591797	9.544966697692871	0.0	0.0	0.0	39.29792785644531	159.8732452392578	214.163818359375	323.81610107421875	285.6970520019531	93.88187408447266	157.96954345703125	217.42715454101562	108.61217498779297	59.23905563354492	128.09010314941406	168.93661499023438	109.02547454833984	43.094444274902344	74.66630554199219	150.31222534179688	99.33782958984375	8.994282722473145	0.0	0.0	0.0	0.0	0.0	0.0	0.0	0.0	0.0	0.0	0.0	0.0	16.84902572631836	0.0	0.0	72.33662414550781	6.324502468109131	170.34356689453125	138.93309020996094	324.9921875	887.0604858398438	920.7305908203125	468.97393798828125	612.9579467773438	674.445556640625	200.87486267089844	157.73019409179688	78.10082244873047	112.06620025634766	213.5965576171875	116.428466796875	349.357421875	406.3323669433594	436.06787109375	288.0787048339844	382.5512390136719	616.0426635742188	715.5090942382812	365.0746154785156	276.48309326171875	399.35870361328125	337.9988098144531	219.93548583984375	122.27574157714844	240.75218200683594	188.02381896972656	217.32286071777344	79.61844635009766	76.44364166259766	36.45456314086914	27.854990005493164	24.920236587524414	47.411006927490234	21.720474243164062	0.0	69.52596282958984	0.0	9.526531219482422	0.0	13.576896667480469	47.7474250793457	70.15767669677734	0.0	92.82788848876953	505.92620849609375	587.6941528320312	389.9596862792969	438.76824951171875	672.8818969726562	566.49658203125	145.79261779785156	270.9479064941406	136.84548950195312	134.7158660888672	53.60863494873047	28.389774322509766	125.48202514648438	114.84490203857422	71.34908294677734	0.0	49.8738899230957	18.502981185913086	0.0	89.75283813476562	67.12667846679688	361.216552734375	234.35272216796875	69.25084686279297	43.534854888916016	244.8307342529297	78.86481475830078	0.0	167.1002197265625	161.32594299316406	35.293243408203125	386.17901611328125	438.9234924316406	345.58203125	226.69956970214844	198.3142852783203	0.0	182.14234924316406	91.13648223876953	0.0	254.95668029785156	312.9824523925781	61.65724182128906	115.46585845947266	250.0271759033203	161.84730529785156	0.0	0.0	0.0	0.0	97.7063217163086	0.0	291.095458984375	148.35284423828125	154.5395965576172	236.58375549316406	267.8658752441406	165.41217041015625	192.4317626953125	105.89718627929688	0.0	196.26828002929688	146.2820587158203
196.5283203125	901.4566040039062	727.6217651367188	500.2274475097656	781.4824829101562	1118.13720703125	429.2908630371094	228.49034118652344	573.1552734375	349.9311218261719	183.7637939453125	769.0429077148438	209.1588592529297	520.0238037109375	851.153076171875	1063.027587890625	702.1160278320312	694.1490478515625	789.990234375	743.6166381835938	540.4559326171875	387.8965759277344	618.2461547851562	539.3388671875	303.0659484863281	565.8018188476562	871.8988037109375	542.7305908203125	637.1243286132812	1001.728759765625	929.1867065429688	279.706298828125	0.0	0.0	105.21481323242188	218.43775939941406	232.97442626953125	282.93658447265625	369.4681396484375	428.0639343261719	338.4461669921875	238.0824432373047	8.104501724243164	149.7449951171875	0.0	164.78634643554688	428.6303405761719	303.54681396484375	185.93096923828125	350.5009460449219	370.7832946777344	336.88427734375	184.00218200683594	62.5474967956543	48.22357177734375	16.177675247192383	34.082008361816406	168.93765258789062	262.19964599609375	179.3218231201172	420.6050109863281	410.0750732421875	253.36639404296875	112.96955871582031	0.0	0.0	0.0	0.0	0.0	0.0	0.0	0.0	0.0	0.0	0.0	0.0	0.0	0.0	15.149947166442871	139.2723846435547	0.0	0.0	100.56504821777344	77.99982452392578	9.393152236938477	45.58926773071289	21.51443862915039	41.27287292480469	31.97340202331543	0.0	93.80508422851562	41.47334671020508	76.16372680664062	62.69812774658203	74.66973876953125	102.4811782836914	0.0	0.0	0.0	0.0	0.0	0.0	0.0	0.0	0.0	0.0	0.0	0.0	0.0	0.0	0.0	24.015348434448242	220.21932983398438	358.1673583984375	434.3331298828125	369.82275390625	307.09796142578125	437.50225830078125	458.4239807128906	447.6473693847656	331.60650634765625	388.0030822753906	344.98358154296875	270.8223876953125	546.6456298828125	538.8602905273438	419.08709716796875	303.2633056640625	0.0	0.0	0.0	0.0	0.0	0.0	0.0	0.0	0.0	0.0	0.0	0.0	0.0	0.0	0.0	0.0	73.69071960449219	234.39846801757812	799.02001953125	948.386962890625	754.9239501953125	1105.0960693359375	1418.64208984375	1397.397216796875	1124.4697265625	1080.4991455078125	736.518310546875	362.7716064453125	299.89227294921875	664.2269287109375	1074.9207763671875	845.0503540039062	465.1443176269531	575.7483520507812	813.625244140625	773.31591796875	811.8978881835938	1130.7427978515625	1200.971923828125	832.909912109375	622.6632080078125	1051.452392578125	1093.8997802734375	624.9061279296875	826.8617553710938	941.0	836.2506713867188	543.6346435546875	92.65286254882812	65.07308959960938	0.0	0.0	92.94586181640625	64.40308380126953	60.841522216796875	23.328166961669922	67.12347412109375	63.41918182373047	12.4959077835083	0.0	111.33482360839844	19.389591217041016	0.0	0.0	323.3751525878906	1000.5302124023438	1337.6541748046875	1237.108642578125	743.9276733398438	668.2310791015625	460.9373779296875	233.8310089111328	715.0536499023438	811.072265625	708.3594360351562	396.1529235839844	1038.2137451171875	1137.430419921875	923.6621704101562	540.502197265625	0.0	0.0	0.0	45.88712692260742	162.08924865722656	6.788393497467041	222.181640625	405.17376708984375	220.29290771484375	195.21524047851562	514.2421875	270.2888488769531	0.0	0.0	109.2289047241211	110.64598846435547	493.2630920410156	562.9439086914062	295.8891296386719	229.6251678466797	119.00749969482422	0.0	355.2504577636719	444.388427734375	128.68089294433594	317.0962829589844	633.7932739257812	439.9065246582031	358.83721923828125	397.402099609375	125.0271224975586	10.11950397491455	0.0	0.0	0.0	0.0	127.46501159667969	370.44891357421875	332.7950439453125	402.0252685546875	245.90863037109375	196.84117126464844	0.0	125.00223541259766	73.24056243896484	71.86347198486328	338.3375244140625	304.1074523925781
684.2114868164062	1387.1827392578125	830.1500244140625	517.7134399414062	1278.8701171875	1507.381103515625	133.47576904296875	416.9080810546875	1087.609375	810.2377319335938	235.05764770507812	835.699462890625	466.46710205078125	309.1420593261719	217.29415893554688	1341.3385009765625	760.3829956054688	690.6700439453125	454.11962890625	322.7815246582031	568.2355346679688	272.14556884765625	393.9255676269531	471.5487365722656	436.1596984863281	288.1083068847656	539.5194702148438	762.6142578125	264.5520324707031	345.70159912109375	853.78662109375	919.6926879882812	123.06805419921875	416.2235107421875	169.03964233398438	61.545162200927734	322.2950134277344	392.42388916015625	89.73939514160156	21.72661781311035	146.6038818359375	70.79794311523438	140.228515625	103.21780395507812	154.74868774414062	0.0	0.0	251.93736267089844	171.48533630371094	217.4324951171875	238.875732421875	28.323970794677734	76.29843139648438	0.0	134.69729614257812	84.34101104736328	58.113285064697266	49.456295013427734	78.76021575927734	85.74616241455078	150.77313232421875	290.4689025878906	362.1646728515625	198.18089294433594	0.0	0.0	0.0	4.860371112823486	0.0	0.0	0.0	29.345321655273438	0.0	22.273929595947266	0.0	0.0	18.458513259887695	53.902957916259766	0.0	0.0	0.0	0.0	44.05706024169922	23.343381881713867	0.0	0.0	57.55693054199219	57.87134552001953	56.2674446105957	0.0	10.58007526397705	34.836402893066406	97.86174011230469	89.09188842773438	67.33463287353516	60.604026794433594	0.0	0.0	0.0	0.0	0.0	1.6490280628204346	0.0	0.0	0.0	22.569499969482422	0.0	0.0	0.0	0.0	0.0	0.0	130.45706176757812	249.73263549804688	257.9631042480469	254.40284729003906	240.1973114013672	220.53396606445312	207.76882934570312	280.00335693359375	260.7292175292969	290.0509948730469	178.782470703125	138.5379180908203	172.6920928955078	432.7449951171875	478.88714599609375	388.4619445800781	1.4938902854919434	0.0	0.0	0.0	0.0	0.0	0.0	0.0	0.0	0.0	0.0	0.0	0.0	0.0	0.0	0.0	305.5420837402344	1068.639892578125	1088.367431640625	385.5218505859375	503.89404296875	717.7377319335938	561.4384765625	465.1128234863281	405.0572509765625	214.75450134277344	552.15185546875	497.5529479980469	708.0060424804688	608.2503051757812	115.39429473876953	294.3605651855469	386.05401611328125	766.6461791992188	915.8570556640625	590.1424560546875	392.6179504394531	555.2945556640625	655.0734252929688	474.7121276855469	552.7036743164062	541.4776000976562	392.9708251953125	362.7213134765625	563.567138671875	949.0812377929688	1123.048583984375	779.3338623046875	80.11954498291016	0.0	27.903892517089844	118.93236541748047	193.8542022705078	0.0	0.0	122.79423522949219	199.43325805664062	63.02996063232422	0.0	158.06326293945312	51.44365692138672	74.5723648071289	44.748531341552734	93.52751159667969	461.6051330566406	825.9959106445312	763.357666015625	310.85333251953125	305.5146789550781	243.74378967285156	344.10284423828125	241.50596618652344	232.33909606933594	152.97128295898438	228.4730224609375	185.5349578857422	606.9157104492188	701.0929565429688	750.082763671875	684.356689453125	163.6602783203125	103.56775665283203	387.392578125	248.67054748535156	263.4420471191406	17.705493927001953	328.1304016113281	274.9610595703125	255.3878936767578	0.0	112.59825897216797	360.8999938964844	178.84927368164062	138.10128784179688	0.0	211.28652954101562	468.9283752441406	308.5203857421875	72.16670227050781	211.45693969726562	120.88262176513672	111.46276092529297	117.03520965576172	363.99346923828125	94.9238052368164	196.83969116210938	294.1125793457031	409.7757263183594	19.021623611450195	249.6842498779297	415.0157470703125	278.04547119140625	0.0	352.5879211425781	252.81239318847656	138.45298767089844	199.8959503173828	484.1963195800781	233.15492248535156	0.0	55.07251739501953	224.3043212890625	189.44485473632812	23.22095489501953	144.15635681152344	0.0	0.0	149.59152221679688
10.647870063781738	806.9160766601562	982.5110473632812	525.3775024414062	104.15412139892578	1082.0582275390625	874.1984252929688	87.58358764648438	133.96034240722656	388.9810791015625	435.98699951171875	458.0887756347656	111.41273498535156	394.28594970703125	1070.60693359375	586.2303466796875	554.0501098632812	681.8511962890625	866.2594604492188	813.865478515625	437.72430419921875	411.2161865234375	343.3788757324219	313.0355529785156	81.72645568847656	464.1031799316406	434.4888610839844	292.884765625	501.2041931152344	921.7428588867188	692.217041015625	251.76551818847656	0.0	0.0	212.02288818359375	322.4870300292969	25.614702224731445	380.3759460449219	477.0085754394531	482.8246154785156	170.80946350097656	158.63717651367188	48.585662841796875	54.162288665771484	62.44622802734375	42.10866165161133	205.81552124023438	104.48564910888672	179.96047973632812	292.3296203613281	316.2193603515625	351.8654479980469	136.312255859375	35.25949478149414	0.0	38.123268127441406	99.37114715576172	61.94773483276367	115.90426635742188	29.357940673828125	31.265913009643555	136.2725067138672	113.33902740478516	41.15443801879883	0.0	0.0	19.774517059326172	0.0	0.0	0.0	0.0	0.0	0.0	0.0	6.7165446281433105	11.133000373840332	0.0	0.0	72.55436706542969	119.29347229003906	3.163940191268921	0.0	75.613525390625	67.19499969482422	12.593954086303711	0.0	0.0	33.24967956542969	0.0	40.10895538330078	0.0	24.565288543701172	0.0	27.742387771606445	29.627578735351562	23.652969360351562	0.0	0.0	0.0	0.0	0.0	0.0	15.176800727844238	82.75790405273438	0.0	0.0	20.42034149169922	12.980483055114746	0.0	0.0	0.0	8.235224723815918	123.73054504394531	287.6141662597656	375.6856994628906	357.82818603515625	51.10702896118164	348.02496337890625	373.8547668457031	197.54457092285156	136.0913543701172	176.98692321777344	283.88970947265625	115.9908218383789	321.4377136230469	382.02191162109375	284.7742919921875	175.64376831054688	0.0	0.0	0.0	0.0	0.0	0.0	0.0	0.0	0.0	0.0	0.0	0.0	0.0	0.0	0.0	0.0	65.38208770751953	341.15185546875	927.7548828125	1166.7525634765625	423.6954345703125	905.0161743164062	1439.9815673828125	1375.09130859375	557.3291625976562	749.30419921875	429.3406066894531	17.728954315185547	349.81683349609375	451.6510009765625	284.1340637207031	218.44766235351562	355.4114074707031	537.8328857421875	811.2730102539062	797.5428466796875	428.92535400390625	781.7339477539062	795.9784545898438	702.1728515625	322.6221923828125	453.29486083984375	502.41680908203125	206.6541748046875	641.0943603515625	760.4485473632812	455.2389221191406	375.71240234375	0.0	108.53072357177734	0.0	0.0	0.0	182.76065063476562	27.875961303710938	0.0	0.0	89.39418029785156	127.4710693359375	0.0	166.80084228515625	43.71931457519531	30.260583877563477	0.0	211.5348358154297	913.9418334960938	1240.15771484375	1166.8353271484375	326.92474365234375	621.3624877929688	499.9049377441406	139.0377655029297	407.2695007324219	424.2315368652344	314.1880798339844	2.0837433338165283	78.00105285644531	340.16229248046875	393.1693420410156	175.14675903320312	0.0	44.754356384277344	8.692672729492188	78.71734619140625	93.76500701904297	197.2142333984375	253.7052459716797	403.2939758300781	60.79793930053711	313.2840576171875	374.6741943359375	36.808380126953125	0.0	310.0561218261719	447.96551513671875	23.543197631835938	301.2215881347656	533.6471557617188	485.6387023925781	196.54379272460938	58.09868621826172	0.0	165.39149475097656	103.42219543457031	0.0	366.6833190917969	486.0677490234375	223.86614990234375	412.4708251953125	529.0075073242188	260.1358337402344	0.0	0.0	0.0	0.0	44.55231475830078	0.0	253.37567138671875	479.5167541503906	458.83831787109375	170.95436096191406	161.67308044433594	109.49021911621094	170.42039489746094	58.2396240234375	35.904170989990234	144.26490783691406	113.53765869140625
607.5532836914062	760.865966796875	673.5803833007812	909.01416015625	282.9966125488281	694.4507446289062	1116.968994140625	964.7149047851562	415.1124267578125	933.7977294921875	622.208251953125	814.7932739257812	432.83111572265625	536.5344848632812	872.9119262695312	1218.5389404296875	381.4684143066406	495.6791687011719	731.2708740234375	360.1533508300781	687.5357055664062	900.930908203125	932.775634765625	446.158935546875	436.34271240234375	181.94198608398438	671.9772338867188	456.55291748046875	335.9598083496094	679.2479858398438	950.5060424804688	607.0694580078125	366.7738037109375	346.3887023925781	116.74327087402344	120.20204162597656	105.26499938964844	10.274959564208984	150.9415740966797	60.200904846191406	356.94451904296875	495.8832702636719	274.8813171386719	143.8050079345703	113.99967956542969	61.64402770996094	132.64517211914062	203.76573181152344	199.20489501953125	209.99363708496094	117.96881103515625	17.856111526489258	277.0566711425781	353.7449035644531	254.48008728027344	56.033512115478516	233.47312927246094	208.22239685058594	51.040531158447266	0.0	214.66265869140625	392.8526306152344	291.646728515625	110.727294921875	0.0	0.0	0.0	56.503055572509766	0.0	0.0	0.0	71.73344421386719	0.0	0.0	0.0	113.27192687988281	0.0	5.242199897766113	0.0	96.7932357788086	0.0	0.0	54.836734771728516	10.380677223205566	19.53999137878418	0.0	137.27989196777344	0.0	0.0	0.0	75.29751586914062	0.0	66.87792205810547	82.67178344726562	21.708179473876953	66.57975769042969	0.0	0.0	0.0	0.0	0.0	0.0	0.0	0.0	0.0	0.0	0.0	0.0	0.0	0.0	0.0	0.0	156.74197387695312	170.5516815185547	192.7435302734375	157.30661010742188	364.0033264160156	479.65191650390625	423.357421875	356.1068115234375	189.23715209960938	181.11978149414062	216.08399963378906	157.35391235351562	422.35260009765625	527.0623168945312	534.9634399414062	309.08502197265625	0.0	0.0	0.0	0.0	0.0	0.0	0.0	0.0	0.0	0.0	0.0	0.0	0.0	0.0	0.0	0.0	1031.4998779296875	1199.071533203125	883.2606811523438	228.95352172851562	462.1943359375	134.06649780273438	532.6019287109375	262.9411926269531	989.4857788085938	1353.2421875	1312.62158203125	388.6666259765625	350.1158142089844	390.6636657714844	208.389404296875	299.5189208984375	434.4804992675781	797.14599609375	698.0637817382812	238.4728240966797	676.7471313476562	814.8069458007812	734.2994995117188	440.4767150878906	515.2750854492188	677.1301879882812	761.0966796875	379.2232360839844	673.480712890625	936.7484741210938	955.3851318359375	440.14215087890625	71.00370788574219	17.51728057861328	141.30426025390625	0.0	145.0261688232422	100.37158203125	139.1298828125	48.70081329345703	99.52837371826172	42.251712799072266	63.45409393310547	109.0775146484375	166.96005249023438	93.40754699707031	5.141512870788574	50.20261001586914	852.0833129882812	943.8703002929688	477.52349853515625	84.98768615722656	384.0393371582031	853.450927734375	712.8104858398438	278.8233337402344	915.4303588867188	1121.18408203125	542.7440795898438	162.31336975097656	547.9471435546875	696.0202026367188	740.1619873046875	495.0451354980469	66.49776458740234	214.185791015625	547.7340698242188	171.14776611328125	0.0	8.353449821472168	238.33937072753906	23.151229858398438	185.8787078857422	210.69485473632812	581.6630859375	407.14208984375	0.0	0.0	326.79632568359375	149.52401733398438	30.906269073486328	339.135009765625	320.2083435058594	279.0449523925781	374.580078125	558.4755249023438	257.0956115722656	280.0599670410156	89.1763687133789	36.87246322631836	396.6512451171875	289.6640930175781	140.67047119140625	456.53497314453125	490.9793701171875	62.85410690307617	184.50401306152344	204.4850616455078	70.90459442138672	151.6831817626953	170.8992462158203	9.353830337524414	94.37508392333984	161.4775390625	203.494140625	417.7396545410156	181.0710906982422	150.38404846191406	198.98033142089844	243.40811157226562	27.471303939819336	150.9725341796875
468.0465087890625	1162.9415283203125	554.540771484375	488.1102600097656	931.533935546875	1271.1842041015625	560.8869018554688	1016.9555053710938	644.2352294921875	419.8003845214844	1016.0978393554688	1310.8914794921875	61.607547760009766	73.70904541015625	675.6967163085938	906.015380859375	682.221435546875	616.1129760742188	577.2728881835938	296.40716552734375	487.3519592285156	519.763916015625	877.5780029296875	445.3907470703125	297.3139343261719	628.9972534179688	883.29248046875	463.1864318847656	144.69601440429688	433.99346923828125	642.3179321289062	449.9928894042969	0.9707975387573242	192.0802764892578	93.03968048095703	39.218326568603516	305.0648498535156	420.1577453613281	68.3268051147461	94.3031005859375	98.69132995605469	4.192343711853027	226.9090576171875	193.9136505126953	250.10421752929688	270.2937927246094	215.7157440185547	196.7135467529297	143.67147827148438	234.44871520996094	208.64476013183594	65.59842681884766	52.827911376953125	77.89976501464844	28.70220375061035	0.5117059946060181	200.13636779785156	322.6537170410156	257.61053466796875	4.195037841796875	62.52589416503906	128.48826599121094	55.52915573120117	0.0	0.0	0.0	0.0	16.178791046142578	0.0	0.0	0.0	55.29463577270508	0.0	17.78240394592285	0.0	109.7270736694336	0.0	0.0	0.0	86.73265838623047	0.0	29.826305389404297	83.86824798583984	22.68583869934082	0.0	0.0	20.000675201416016	0.0	78.78984832763672	29.52362823486328	65.81336975097656	1.2340480089187622	49.02109909057617	52.716636657714844	30.441396713256836	0.0	0.0	0.0	0.0	0.0	0.0	0.0	0.0	0.0	0.0	0.0	0.0	0.0	12.24561595916748	0.0	0.0	21.461666107177734	144.80421447753906	139.69039916992188	361.5708312988281	209.88980102539062	249.92808532714844	385.6834716796875	375.67877197265625	195.37664794921875	264.72515869140625	402.93682861328125	433.0181884765625	262.1933898925781	142.23831176757812	262.46966552734375	361.5676574707031	251.73048400878906	0.0	0.0	0.0	0.0	0.0	0.0	0.0	0.0	0.0	0.0	0.0	0.0	0.0	0.0	0.0	0.0	169.3992156982422	892.3964233398438	845.6882934570312	219.35081481933594	459.47900390625	1041.62890625	870.9346313476562	155.45611572265625	654.850830078125	623.906494140625	655.1192626953125	435.9719543457031	812.19970703125	1321.7554931640625	1179.3243408203125	464.7798767089844	370.76373291015625	549.1104125976562	578.7935180664062	290.17047119140625	562.8419799804688	721.1035766601562	683.8676147460938	254.9415740966797	643.3450927734375	1063.76123046875	917.7705078125	300.93414306640625	422.966064453125	818.7339477539062	813.3358764648438	486.76434326171875	59.79376983642578	0.0	110.06416320800781	0.0	265.229736328125	115.6810531616211	141.09226989746094	27.73215103149414	145.86045837402344	114.19375610351562	127.291259765625	36.31568908691406	1.2997758388519287	0.0	186.67417907714844	0.0	574.9703979492188	774.8258056640625	536.7969970703125	96.12332916259766	330.4333801269531	343.7510986328125	119.32217407226562	63.90889358520508	718.803955078125	996.0829467773438	799.91357421875	215.26246643066406	533.3319702148438	693.3887939453125	429.44085693359375	70.45613098144531	122.71771240234375	63.957069396972656	118.42037200927734	28.97372055053711	138.58973693847656	45.14702224731445	522.7576904296875	236.4564666748047	132.75367736816406	84.11359405517578	181.3523712158203	59.44833755493164	54.44514846801758	191.02183532714844	394.275146484375	148.516845703125	491.4705505371094	427.28741455078125	252.67892456054688	373.27783203125	59.8873405456543	428.8409423828125	384.0575866699219	363.0007019042969	38.34135818481445	374.1441650390625	285.22332763671875	195.3238067626953	0.0	61.916786193847656	215.4805450439453	244.00079345703125	0.0	115.60887145996094	0.0	135.45997619628906	113.24475860595703	364.6966247558594	177.5688934326172	148.92822265625	98.25384521484375	0.0	34.386714935302734	178.65786743164062	298.72900390625	284.5462341308594	73.07561492919922	199.06578063964844
200.49998474121094	1131.3416748046875	1028.5955810546875	536.5447998046875	1375.2069091796875	1245.97216796875	258.7249755859375	761.2533569335938	1241.3453369140625	337.2606506347656	201.39578247070312	1448.210205078125	928.5557861328125	247.24215698242188	1251.7177734375	1448.318603515625	740.3629150390625	830.5023803710938	644.309814453125	479.0923156738281	638.933837890625	224.5269317626953	455.3167419433594	706.0457153320312	242.554931640625	317.50189208984375	823.8157958984375	741.9931640625	519.4872436523438	851.94384765625	956.7130126953125	416.0664367675781	0.0	322.34112548828125	342.158935546875	56.275596618652344	424.3854064941406	538.0655517578125	389.2772216796875	111.05085754394531	296.3097839355469	82.70118713378906	0.0	267.1373291015625	38.0225944519043	0.0	392.3733215332031	338.2468566894531	140.98394775390625	220.068603515625	258.64581298828125	170.549072265625	70.2252197265625	0.0	105.17423248291016	86.4194564819336	0.0	8.194780349731445	97.2137451171875	53.01338577270508	310.0439147949219	268.6579284667969	220.11843872070312	47.0018310546875	0.0	0.0	0.0	0.0	0.0	0.0	0.0	0.0	0.0	0.0	0.0	0.0	66.85496520996094	0.0	0.0	33.61199951171875	0.0	0.0	85.79033660888672	74.94609069824219	0.0	29.551496505737305	18.14659881591797	32.51445007324219	0.0	0.0	0.0	14.33302116394043	86.05004119873047	15.174605369567871	0.0	78.57520294189453	0.0	0.0	0.0	0.0	0.0	0.0	3.7108192443847656	0.0	0.0	8.466609954833984	0.0	0.0	0.0	0.0	0.0	0.0	188.04251098632812	271.50213623046875	333.21685791015625	338.8774108886719	135.5379638671875	188.0745391845703	221.55029296875	228.0011444091797	260.233154296875	193.4307403564453	195.13458251953125	238.11634826660156	444.7008361816406	502.6544494628906	290.8444519042969	293.67010498046875	8.2108736038208	0.0	0.0	0.0	0.0	0.0	8.982194900512695	0.0	0.0	2.7587666511535645	36.42103576660156	0.0	0.0	0.0	0.0	0.0	70.29789733886719	669.2413330078125	1203.9779052734375	862.4410400390625	641.9343872070312	1218.1824951171875	1245.4495849609375	684.1903686523438	492.26055908203125	278.1405944824219	167.95907592773438	193.88998413085938	308.44110107421875	2.854128837585449	765.6204223632812	870.9928588867188	442.1109313964844	704.0120239257812	811.3096313476562	715.0238647460938	369.3954772949219	670.2741088867188	724.1781005859375	507.3059387207031	341.6112976074219	424.1897888183594	492.0692138671875	419.3403625488281	993.983642578125	1084.7684326171875	725.2566528320312	565.927734375	66.12902069091797	0.0	0.0	88.65733337402344	73.34700012207031	0.0	0.0	149.0504150390625	142.94325256347656	10.461139678955078	74.18953704833984	34.17285919189453	173.30320739746094	55.24596405029297	0.0	0.0	421.9496154785156	1005.4376220703125	967.0767822265625	528.1275634765625	527.5321044921875	563.615966796875	360.78460693359375	94.82225799560547	197.7532196044922	80.15841674804688	150.93690490722656	279.2238464355469	550.8316040039062	870.2234497070312	947.94384765625	502.39459228515625	73.9156723022461	138.3998260498047	104.62619018554688	288.48638916015625	138.41522216796875	128.04930114746094	208.6268768310547	535.2557373046875	106.17828369140625	0.0	166.2074432373047	294.18109130859375	18.426355361938477	0.0	133.52261352539062	69.86164855957031	531.3245239257812	508.05908203125	28.15511131286621	265.2901306152344	316.955810546875	0.0	409.6705017089844	476.62939453125	170.30242919921875	388.0957946777344	548.5890502929688	419.7877197265625	387.9051513671875	438.1301574707031	267.5577392578125	0.0	0.0	62.83583068847656	160.96238708496094	0.0	403.6563720703125	568.6088256835938	437.87921142578125	19.29155158996582	406.1061096191406	311.6497497558594	0.0	193.89125061035156	0.0	0.0	207.07826232910156	324.0547180175781
23.175668716430664	631.3466186523438	741.0103149414062	464.81365966796875	46.758975982666016	777.5975341796875	884.1669311523438	927.4794311523438	30.978744506835938	244.79559326171875	1076.525390625	590.625244140625	66.80948638916016	36.885196685791016	748.7877807617188	229.67884826660156	353.446533203125	457.6297302246094	473.9212951660156	225.73828125	262.0599060058594	731.099609375	699.7586669921875	351.016357421875	123.0574951171875	432.67523193359375	281.8337097167969	147.85617065429688	0.0	493.010498046875	335.2425231933594	150.21884155273438	0.0	24.362773895263672	83.82681274414062	67.40992736816406	0.0	127.62784576416016	109.21449279785156	77.33242797851562	127.28702545166016	197.65640258789062	292.40557861328125	87.30349731445312	121.7148208618164	143.08033752441406	187.51234436035156	55.474185943603516	159.89697265625	135.42910766601562	94.30607604980469	0.0	46.00946807861328	124.38726806640625	174.3632354736328	13.719561576843262	152.52699279785156	195.76380920410156	184.53329467773438	16.691783905029297	8.009848594665527	77.32737731933594	8.378355979919434	10.785508155822754	0.0	0.0	0.0	18.85938262939453	0.0	0.0	0.0	99.32747650146484	0.0	0.0	7.720044136047363	82.08194732666016	0.0	0.0	92.63362884521484	82.73389434814453	0.7104488611221313	0.0	26.04946517944336	39.04841995239258	11.780351638793945	57.507015228271484	8.000885963439941	23.643857955932617	0.0	41.7473258972168	54.36630630493164	0.0	0.0	15.307028770446777	0.9940237998962402	8.265616416931152	0.0	0.0	0.0	0.0	0.0	0.0	0.0	11.907815933227539	0.0	0.0	0.0	25.795042037963867	0.18603646755218506	0.0	15.68697738647461	21.69255256652832	71.0640640258789	156.8046417236328	205.94570922851562	129.3367462158203	58.375667572021484	376.9226989746094	296.8746337890625	215.00408935546875	78.118408203125	149.25439453125	193.301513671875	82.8090591430664	27.971498489379883	162.71383666992188	202.82058715820312	89.46245574951172	0.0	0.0	0.0	0.0	0.0	0.0	0.0	0.0	0.0	0.0	0.0	8.821842193603516	0.0	0.0	0.0	47.69357681274414	137.32223510742188	444.3445739746094	473.33099365234375	142.74935913085938	245.64588928222656	638.3442993164062	471.075439453125	69.62188720703125	425.9945983886719	953.968017578125	840.7163696289062	312.50030517578125	249.60516357421875	480.6441345214844	353.3339538574219	75.52383422851562	252.64833068847656	293.3481750488281	288.5999755859375	185.483642578125	339.60272216796875	766.9638061523438	640.9934692382812	270.0935974121094	298.91156005859375	510.732177734375	537.5934448242188	304.34796142578125	170.49192810058594	337.51470947265625	267.51513671875	211.3414306640625	0.0	39.6571044921875	30.127811431884766	0.0	0.0	109.67314147949219	39.076576232910156	0.0	0.0	26.13856315612793	98.73626708984375	0.0	39.85567092895508	39.32032012939453	99.95500946044922	0.0	216.4615936279297	488.2215270996094	360.642333984375	58.897972106933594	198.82974243164062	257.4969482421875	319.1466369628906	152.5968475341797	352.76336669921875	681.9752197265625	631.7238159179688	82.01797485351562	52.649070739746094	109.60224151611328	104.0810546875	47.80405044555664	0.0	21.841360092163086	83.23438262939453	39.6071891784668	0.0	28.20475196838379	292.7385559082031	105.87094116210938	8.550492286682129	286.6402893066406	388.5850830078125	90.33277893066406	0.0	163.89080810546875	255.08506774902344	91.29055786132812	198.37599182128906	352.46978759765625	355.677001953125	255.75332641601562	25.840816497802734	271.94659423828125	310.34613037109375	105.79764556884766	0.0	91.56953430175781	76.05728912353516	35.70976638793945	0.0	243.62986755371094	222.95347595214844	18.95026206970215	0.0	0.0	0.0	112.72470092773438	0.0	59.55523681640625	67.34828186035156	175.15802001953125	103.74118041992188	64.77667236328125	189.62403869628906	181.55673217773438	142.24598693847656	163.1527557373047	184.6379852294922	122.44359588623047
185.09332275390625	219.34254455566406	751.09228515625	721.3921508789062	84.46139526367188	514.5291748046875	1094.004150390625	617.7670288085938	193.9028778076172	400.0810546875	355.2892761230469	424.142822265625	245.4756317138672	248.551513671875	776.058349609375	725.5318603515625	93.39720153808594	655.596435546875	703.8853149414062	250.0747528076172	326.5218811035156	737.259521484375	577.4719848632812	223.15277099609375	82.68109130859375	284.36553955078125	397.0589294433594	180.75491333007812	382.707275390625	689.3988647460938	699.844482421875	323.634765625	174.1298065185547	176.049560546875	157.7685546875	138.1222686767578	0.0	99.7541275024414	199.97393798828125	50.53559112548828	211.07586669921875	251.41551208496094	134.04165649414062	64.74056243896484	0.0	1.0721724033355713	121.65796661376953	59.57279968261719	34.09617614746094	99.4593276977539	95.576904296875	35.264244079589844	208.19471740722656	193.04595947265625	125.15940856933594	0.0	33.41676712036133	56.36994552612305	44.71261215209961	49.611934661865234	97.21063995361328	152.20635986328125	103.09886932373047	82.72933959960938	0.0	0.0	0.0	64.82368469238281	0.0	0.0	1.6738520860671997	94.437744140625	0.0	0.0	17.99671173095703	66.98839569091797	0.0	0.0	0.0	81.82353210449219	23.015743255615234	0.0	13.54598331451416	38.144744873046875	0.0	36.24494934082031	61.8692512512207	46.284423828125	0.0	12.062068939208984	70.47123718261719	0.0	5.150315761566162	5.853519439697266	46.738792419433594	14.99870777130127	0.0	0.0	0.0	0.0	0.0	0.0	0.0	39.051937103271484	0.0	0.0	10.708914756774902	0.0	0.0	0.0	0.0	14.418904304504395	157.8232421875	327.57916259765625	216.7520294189453	67.35157775878906	219.36431884765625	281.5578308105469	366.83551025390625	147.99380493164062	20.610694885253906	167.27296447753906	151.1245880126953	97.28700256347656	346.4237976074219	392.54827880859375	340.8066711425781	204.07984924316406	0.0	0.0	0.0	0.0	0.0	0.0	0.0	0.0	0.0	0.0	0.0	0.0	0.0	0.0	0.0	0.0	710.9226684570312	966.6895141601562	764.8611450195312	204.46096801757812	113.3692626953125	511.7185974121094	551.5990600585938	208.22994995117188	531.6171264648438	1062.229248046875	786.89794921875	135.46856689453125	112.29022216796875	254.6152801513672	193.20535278320312	84.60628509521484	320.2696838378906	676.13525390625	543.6577758789062	233.16734313964844	360.9670104980469	575.5929565429688	639.495361328125	296.4937438964844	292.3189392089844	563.2699584960938	495.0605773925781	260.2139892578125	606.092529296875	775.3426513671875	619.8533325195312	294.4253234863281	38.73093795776367	66.5167236328125	18.034894943237305	0.0	61.39292907714844	0.0	124.97696685791016	0.0	47.55476760864258	0.0	107.81283569335938	0.0	138.7063751220703	59.370113372802734	71.55670928955078	0.0	428.8441162109375	520.2823486328125	327.63165283203125	108.26251220703125	509.2498474121094	662.528076171875	437.41510009765625	75.32568359375	443.3821716308594	558.8955078125	263.15350341796875	94.02496337890625	208.19764709472656	305.64691162109375	347.2035217285156	217.33230590820312	82.86454010009766	172.0082550048828	415.99481201171875	108.26551055908203	0.0	96.5733642578125	85.07601928710938	46.612693786621094	16.085247039794922	236.46116638183594	393.442626953125	106.75732421875	0.0	0.0	245.88592529296875	70.76881408691406	54.572166442871094	290.55426025390625	339.1143798828125	80.00817108154297	196.62254333496094	315.5531005859375	220.05589294433594	140.15771484375	0.0	147.1221923828125	277.91839599609375	210.800048828125	192.5693817138672	387.8327331542969	333.8108215332031	89.16312408447266	121.16056060791016	113.15839385986328	148.8714599609375	186.4210968017578	0.0	0.0	149.16220092773438	189.25331115722656	229.7001953125	299.67626953125	48.4912109375	123.43732452392578	27.617431640625	92.2049331665039	48.01993942260742	114.62249755859375
32.15631866455078	484.83642578125	528.1235961914062	572.1920166015625	79.98230743408203	972.7482299804688	808.4130859375	314.7190246582031	354.7832946777344	729.550048828125	560.2996215820312	210.4447021484375	143.17933654785156	967.0630493164062	986.8380126953125	73.99480438232422	401.2175598144531	527.5424194335938	678.0620727539062	789.6967163085938	559.2944946289062	476.0675354003906	308.6111755371094	181.819580078125	242.38233947753906	473.0609436035156	309.0796813964844	202.4803009033203	646.1429443359375	896.6570434570312	465.7403564453125	71.54186248779297	0.5147593021392822	0.0	21.533994674682617	236.02467346191406	0.0	218.32643127441406	390.6618347167969	484.5370178222656	227.16807556152344	123.32835388183594	82.95765686035156	23.960054397583008	0.0	226.08529663085938	160.4039306640625	8.930657386779785	87.70689392089844	165.38870239257812	327.8620300292969	337.78033447265625	127.52951049804688	52.27405548095703	23.26631736755371	2.0014216899871826	205.49639892578125	85.49128723144531	21.532819747924805	89.75909423828125	227.35958862304688	244.06668090820312	60.047264099121094	0.0	0.0	0.0	2.3849728107452393	0.0	0.0	0.0	0.0	0.0	0.0	0.0	13.503265380859375	0.0	0.0	21.839763641357422	110.7276611328125	16.423261642456055	5.549212455749512	0.0	28.020051956176758	62.21201705932617	32.56732177734375	0.0	0.0	31.81791114807129	0.0	53.40069580078125	0.0	27.017440795898438	12.830010414123535	41.0129280090332	54.24859619140625	12.829339981079102	0.0	0.0	0.0	0.0	0.0	0.0	0.0	59.76060485839844	0.0	0.0	0.0	34.89099884033203	0.0	0.0	11.32143783569336	11.761911392211914	84.91626739501953	202.5089569091797	342.2938232421875	373.6784973144531	102.17979431152344	308.3546447753906	332.1584777832031	164.60316467285156	193.00965881347656	187.73077392578125	247.36920166015625	146.71800231933594	456.1396484375	391.0870361328125	249.04534912109375	84.40365600585938	30.59803009033203	8.113455772399902	0.0	0.0	0.0	0.0	0.0	0.0	0.0	0.0	0.0	53.358280181884766	0.0	0.0	0.0	22.559053421020508	78.27165985107422	31.83997917175293	300.48443603515625	870.9885864257812	86.98265075683594	392.6563720703125	1131.787109375	1340.6834716796875	996.8783569335938	980.0693969726562	208.63710021972656	4.099210262298584	334.30670166015625	251.05894470214844	358.140625	96.51445770263672	118.49427795410156	311.5389709472656	636.4769287109375	797.94775390625	521.6903076171875	653.5369262695312	637.0348510742188	662.5283203125	414.61962890625	583.193603515625	391.3474426269531	199.17953491210938	826.4356689453125	795.41259765625	405.9791564941406	290.4870300292969	26.593570709228516	93.66353607177734	28.91324234008789	0.0	47.45154571533203	167.75607299804688	0.0	0.0	7.4223313331604	134.54635620117188	7.516968727111816	0.0	119.83256530761719	21.629669189453125	0.0	0.0	49.4622802734375	388.44384765625	1008.2391357421875	1175.791259765625	208.05267333984375	446.4684753417969	543.09521484375	386.48602294921875	649.9798583984375	585.1251220703125	156.93348693847656	65.06242370605469	575.1465454101562	670.4208984375	362.9389953613281	60.65461730957031	0.0	21.45805549621582	0.0	0.0	138.7191619873047	81.58321380615234	119.65908813476562	326.3174133300781	163.97293090820312	421.2662048339844	219.92889404296875	0.0	0.0	332.91680908203125	155.9038543701172	56.555118560791016	307.8158264160156	420.7802429199219	389.94989013671875	318.0161437988281	280.1760559082031	211.223876953125	0.0	0.0	99.71067810058594	377.76177978515625	322.5050354003906	24.90731430053711	348.0578308105469	369.02154541015625	0.0	0.0	0.0	0.0	0.0	0.0	0.0	156.92262268066406	538.8290405273438	446.927978515625	151.49270629882812	41.811038970947266	260.28082275390625	188.7512969970703	98.8565902709961	118.96558380126953	146.71632385253906	84.05473327636719
820.678466796875	789.9579467773438	698.924072265625	745.362060546875	551.8836059570312	214.9093475341797	839.4212036132812	1042.7784423828125	307.15570068359375	473.21826171875	591.8707275390625	447.27642822265625	367.6518859863281	484.86834716796875	624.6293334960938	951.1044311523438	789.8245239257812	736.622314453125	688.4197387695312	639.188720703125	466.3291015625	662.6791381835938	954.6758422851562	625.8930053710938	234.86065673828125	231.59881591796875	707.534423828125	707.5084838867188	770.8273315429688	851.450439453125	1062.6162109375	826.485107421875	258.22613525390625	337.09942626953125	126.75870513916016	159.6851043701172	361.94036865234375	169.27505493164062	260.2347106933594	263.6588134765625	306.6427307128906	410.62469482421875	282.8735046386719	77.28951263427734	0.0	0.0	199.50384521484375	363.1686096191406	276.235595703125	386.06011962890625	322.63604736328125	252.40921020507812	191.6436004638672	330.9323425292969	303.1798095703125	94.11312103271484	238.37789916992188	245.2518310546875	105.33598327636719	71.39469146728516	317.9288330078125	438.05242919921875	440.3330383300781	190.3318328857422	0.0	0.0	0.0	0.0	0.0	0.0	0.0	41.32587432861328	0.0	0.0	0.0	0.0	0.0	0.0	0.0	112.0030517578125	3.968353033065796	39.868019104003906	151.29295349121094	132.82962036132812	61.076087951660156	80.39087677001953	21.593364715576172	40.6676025390625	28.80805015563965	0.0	62.77909469604492	45.51678466796875	54.56787872314453	59.39084243774414	68.66199493408203	114.1439437866211	0.0	0.0	0.0	0.0	0.0	0.0	0.0	19.876537322998047	0.0	0.0	0.0	0.0	0.0	0.0	0.0	0.0	279.3389587402344	248.22230529785156	258.1573791503906	288.69659423828125	305.95367431640625	419.62567138671875	524.7313842773438	458.3887634277344	83.60920715332031	267.3414001464844	364.10162353515625	308.5541076660156	494.37078857421875	602.10302734375	583.5864868164062	362.477783203125	0.0	0.0	0.0	0.0	0.0	0.0	0.0	0.0	0.0	0.0	0.0	0.0	0.0	0.0	0.0	0.0	912.5264282226562	1392.374755859375	1276.6663818359375	718.4253540039062	1261.7449951171875	996.8074951171875	547.255126953125	693.5433349609375	778.4744873046875	1383.7724609375	1306.114013671875	669.059814453125	80.08805084228516	98.68965911865234	670.8719482421875	832.4020385742188	681.346435546875	891.7720336914062	941.789794921875	715.7806396484375	946.3365478515625	1201.7750244140625	1081.8828125	841.4444580078125	351.9049377441406	678.5182495117188	952.4719848632812	814.0418090820312	876.8643188476562	962.1156616210938	1053.5150146484375	806.1703491210938	15.431978225708008	0.0	0.0	17.376605987548828	59.188079833984375	95.91385650634766	0.0	58.30598831176758	36.8550910949707	31.33197784423828	63.44689178466797	97.41446685791016	169.71585083007812	119.97044372558594	0.0	0.0	1029.27978515625	1092.2491455078125	1019.5137329101562	537.4188232421875	474.83172607421875	798.17041015625	846.9439086914062	556.3811645507812	710.8869018554688	1082.819580078125	877.3575439453125	276.91619873046875	750.3806762695312	1078.4462890625	1195.55419921875	796.9302368164062	0.0	0.0	412.5948486328125	478.9936218261719	93.13655090332031	54.419883728027344	243.4149169921875	329.89984130859375	86.78739166259766	209.96197509765625	433.75860595703125	477.096435546875	0.0	0.0	198.5583953857422	270.16558837890625	391.8653259277344	192.0521240234375	546.0065307617188	571.7843017578125	143.0272979736328	251.26312255859375	292.38323974609375	174.99855041503906	94.10308074951172	100.82970428466797	388.00543212890625	423.10821533203125	309.85601806640625	324.99041748046875	373.1039123535156	32.515037536621094	0.0	100.72553253173828	114.57308197021484	56.65050506591797	280.30120849609375	275.04779052734375	154.85238647460938	296.3838195800781	201.74441528320312	260.85943603515625	218.9545440673828	101.98680877685547	139.54364013671875	235.9596405029297	137.6984100341797	132.21519470214844
184.01841735839844	375.44366455078125	681.4205322265625	384.4587707519531	73.03449249267578	948.4821166992188	978.1707153320312	421.56439208984375	412.12860107421875	803.6652221679688	351.292236328125	897.5948486328125	246.08949279785156	166.02554321289062	1089.037841796875	1410.23095703125	231.40626525878906	496.8752136230469	408.6928405761719	332.6374206542969	663.6287841796875	874.7545166015625	789.3986206054688	402.43438720703125	328.2723083496094	95.24850463867188	786.7859497070312	643.6898803710938	315.57098388671875	842.321533203125	905.6983642578125	644.8253784179688	210.4551544189453	144.72450256347656	107.30525970458984	27.555564880371094	0.0	135.6912384033203	137.35653686523438	53.61653137207031	406.7033386230469	512.5787353515625	295.48309326171875	93.29220581054688	139.0724334716797	0.0	202.8186798095703	339.4345703125	258.4521484375	267.56884765625	69.25920104980469	0.0	243.5839385986328	376.73175048828125	290.363525390625	99.11878967285156	184.71849060058594	108.307861328125	19.9737606048584	0.0	115.90493774414062	287.87359619140625	202.49176025390625	84.22832489013672	0.0	0.0	0.0	0.0	0.0	0.0	80.41707611083984	0.0	0.0	0.0	0.0	103.22284698486328	0.0	0.0	0.0	66.20948791503906	0.0	103.36817932128906	7.428151607513428	18.49761199951172	0.0	49.435359954833984	99.35474395751953	0.0	0.0	0.0	30.56886863708496	0.0	25.756784439086914	10.297941207885742	0.0	47.602291107177734	0.0	0.0	0.0	0.0	0.0	0.0	0.0	0.0	0.0	0.0	0.0	0.0	0.0	0.0	0.0	0.0	161.2872314453125	230.14474487304688	246.1055908203125	194.18045043945312	383.8843688964844	467.7395935058594	466.4464416503906	383.9432373046875	91.11274719238281	177.89227294921875	274.3453674316406	219.23348999023438	240.39431762695312	402.18017578125	348.56207275390625	281.0731201171875	0.0	0.0	0.0	0.0	0.0	0.0	0.0	0.0	0.0	0.0	0.0	0.0	0.0	0.0	0.0	0.0	922.76416015625	1153.97216796875	538.1784057617188	43.31877899169922	275.62628173828125	353.7896728515625	647.6629638671875	296.2598571777344	1003.7445678710938	1431.5540771484375	1389.9468994140625	550.787353515625	416.12152099609375	299.3847961425781	291.9571533203125	483.97845458984375	446.8451232910156	697.9319458007812	630.3182373046875	339.7947692871094	701.59375	860.5145263671875	794.0183715820312	592.3450317382812	418.9487609863281	677.4134521484375	760.3875122070312	480.96490478515625	402.5139465332031	869.3297729492188	782.093505859375	487.0749816894531	0.0	26.94356918334961	108.8839340209961	0.0	115.89056396484375	0.0	17.4764461517334	49.92815399169922	53.69864273071289	27.510225296020508	0.0	95.02796936035156	69.6424331665039	73.74330139160156	0.0	0.0	738.334716796875	826.207763671875	471.3216552734375	15.530176162719727	491.9261474609375	964.2744750976562	919.8619384765625	491.7900390625	854.312744140625	954.8729858398438	474.45172119140625	88.21176147460938	94.24829864501953	367.37847900390625	616.9547729492188	505.8048400878906	0.0	427.3200988769531	346.8271179199219	26.247522354125977	0.0	261.3807373046875	224.15048217773438	16.928068161010742	162.1395263671875	153.8737030029297	464.62164306640625	470.7384338378906	0.0	0.0	233.0262908935547	155.21121215820312	52.29520797729492	322.58538818359375	323.2401428222656	79.88687896728516	296.1898498535156	464.6097717285156	211.84812927246094	328.951904296875	0.0	76.68518829345703	554.1408081054688	339.6521301269531	260.8285827636719	553.1953125	639.3471069335938	76.16699981689453	56.27447509765625	50.528472900390625	99.71153259277344	121.12445831298828	56.09191131591797	83.85189819335938	74.53699493408203	88.00120544433594	316.8425598144531	442.4828186035156	210.9300079345703	82.58596801757812	254.606201171875	117.39554595947266	63.14518737792969	220.33457946777344
7.011041641235352	62.692874908447266	1317.34521484375	1048.688232421875	4.704657077789307	504.9533386230469	1436.669921875	901.0140380859375	0.28558051586151123	1208.5272216796875	1491.807373046875	246.25242614746094	55.06553268432617	1398.101806640625	1247.2552490234375	0.0	0.0	630.4183959960938	644.4400024414062	342.3512878417969	158.04159545898438	660.4395751953125	596.1239624023438	266.55035400390625	484.7201843261719	632.2296752929688	410.7828674316406	150.4072723388672	606.7737426757812	618.7108764648438	352.418212890625	76.15179443359375	0.0	0.0	139.47552490234375	111.02801513671875	0.0	0.0	276.11102294921875	106.22014617919922	0.0	199.4678192138672	313.3937683105469	41.85086441040039	0.0	287.2651672363281	233.9319610595703	12.54287052154541	50.40352249145508	85.95252227783203	51.451202392578125	0.0	64.26720428466797	119.54035186767578	12.128417015075684	6.145707607269287	116.74849700927734	106.1345443725586	0.0	0.0	172.26475524902344	46.089263916015625	12.056754112243652	0.0	0.0	0.0	0.0	33.17373275756836	0.0	0.0	20.04652214050293	69.578369140625	0.0	0.0	51.82876205444336	40.288841247558594	0.0	10.768840789794922	50.07295608520508	29.0417537689209	0.0	0.0	0.0	19.3468074798584	0.0	11.731446266174316	0.0	0.0	21.27842903137207	0.0	0.0	1.5732518434524536	39.39595413208008	0.0	0.0	1.2742246389389038	0.0	0.0	0.0	18.848628997802734	0.0	0.0	0.0	43.85653305053711	0.0	0.0	29.95107078552246	59.155006408691406	0.0	0.0	62.78793716430664	17.904876708984375	0.0	50.011322021484375	156.08779907226562	142.1500701904297	8.760356903076172	119.88729858398438	188.17637634277344	158.43771362304688	17.857282638549805	204.3750762939453	170.70106506347656	136.97994995117188	126.71221923828125	299.3226013183594	203.48158264160156	110.291748046875	1.8027279376983643	27.000585556030273	0.0	0.0	0.0	0.0	0.0	0.0	0.0	0.0	0.0	40.8602294921875	0.0	0.0	0.0	43.501991271972656	38.38585662841797	133.20530700683594	134.9776153564453	100.48370361328125	97.70175170898438	213.03346252441406	342.5577697753906	198.26559448242188	160.10472106933594	377.18798828125	412.61065673828125	170.38571166992188	190.7642059326172	403.5602111816406	365.5034484863281	79.96210479736328	49.472904205322266	245.96922302246094	314.7285461425781	251.57398986816406	138.48158264160156	352.653564453125	323.61676025390625	353.88250732421875	282.9357604980469	375.2857971191406	329.24041748046875	367.4349670410156	568.48974609375	602.0665283203125	449.2336120605469	314.713134765625	0.0	27.828035354614258	149.05239868164062	0.0	0.0	79.39462280273438	140.17527770996094	0.0	0.0	138.24789428710938	13.869712829589844	0.0	31.020851135253906	174.37843322753906	0.0	0.0	1.3753520250320435	81.13475036621094	97.858642578125	2.732363700866699	51.95260238647461	227.86221313476562	220.33079528808594	119.02295684814453	174.0152130126953	240.9208221435547	171.52386474609375	68.66648864746094	316.21795654296875	399.5260009765625	160.40695190429688	59.06843948364258	2.6347572803497314	33.302059173583984	323.697265625	0.0	0.0	264.8042297363281	331.28643798828125	27.190305709838867	0.0	304.5740661621094	220.11953735351562	62.801483154296875	125.17523193359375	265.0914611816406	0.0	69.45343017578125	63.666133880615234	348.0724792480469	433.66937255859375	231.2704315185547	174.31324768066406	348.2565002441406	309.5054016113281	0.0	241.38031005859375	262.7283630371094	125.6989517211914	0.0	231.48875427246094	180.327880859375	0.0	0.0	0.0	0.0	93.80712127685547	190.62644958496094	0.0	0.0	202.11151123046875	181.5605010986328	0.0	141.28233337402344	280.7352294921875	168.92486572265625	0.0	212.87892150878906	286.5248718261719	104.65716552734375
143.04420471191406	549.585693359375	448.7225646972656	546.02294921875	517.2899169921875	758.6961059570312	384.6552429199219	673.8912353515625	309.4865417480469	69.73208618164062	641.160400390625	1202.8050537109375	34.275169372558594	13.441481590270996	1241.5146484375	1209.198974609375	665.1932373046875	778.1328125	698.2949829101562	392.3419494628906	528.968994140625	430.7458190917969	418.0201416015625	283.537841796875	38.62159729003906	311.7823486328125	617.4139404296875	389.0016174316406	1.8440037965774536	575.3006591796875	580.5098876953125	318.1317138671875	0.0	0.0	0.0	55.19039535522461	405.31005859375	492.0831298828125	178.56466674804688	164.1234893798828	359.91326904296875	295.5047912597656	90.33050537109375	158.98973083496094	0.0	0.0	202.88397216796875	183.4764862060547	161.92945861816406	219.93252563476562	214.6878662109375	70.54914855957031	334.7959899902344	370.174560546875	286.7718811035156	69.80524444580078	6.733275890350342	135.8000030517578	132.8163604736328	19.544239044189453	44.09746170043945	103.4550552368164	36.046142578125	1.7497704029083252	0.0	0.0	0.0	9.542901992797852	0.0	8.35400390625	0.0	80.18526458740234	0.0	0.0	0.0	106.77149963378906	0.0	0.0	0.0	58.34175491333008	2.6250436305999756	35.648502349853516	61.21286392211914	27.15875244140625	0.0	21.99251365661621	106.76753234863281	35.79499816894531	19.69143295288086	0.0	44.39183807373047	0.0	6.0884013175964355	0.0	0.0	17.757177352905273	0.0	0.0	0.0	0.0	0.0	0.0	0.0	0.0	32.47007751464844	27.35135269165039	0.0	0.0	9.837902069091797	0.0	0.0	48.424747467041016	336.439453125	414.9603576660156	427.1314392089844	293.166259765625	137.5450897216797	179.63211059570312	166.3180694580078	135.13681030273438	119.28192901611328	147.84986877441406	194.75135803222656	152.81944274902344	35.7868766784668	121.13756561279297	260.03546142578125	165.41275024414062	0.0	0.0	0.0	0.0	0.0	0.0	0.0	0.0	0.0	13.873368263244629	49.09154510498047	0.0	0.0	9.186052322387695	0.0	0.0	87.28813934326172	0.0	0.0	33.11407470703125	1101.953857421875	1485.5169677734375	1306.375244140625	464.0162658691406	859.022705078125	784.8750610351562	388.7969055175781	156.7116241455078	17.25448226928711	107.78260803222656	202.57083129882812	205.88027954101562	666.0419921875	795.9863891601562	719.5886840820312	314.2220764160156	638.093994140625	771.9976806640625	807.2958984375	319.13702392578125	378.2352600097656	477.7424011230469	447.2476806640625	160.5745849609375	72.75740814208984	441.18206787109375	451.6299743652344	303.2375793457031	105.15966033935547	125.46369934082031	87.73751831054688	48.4705810546875	0.0	0.0	55.9703483581543	61.732765197753906	36.63998794555664	0.0	52.338462829589844	0.0	6.500657081604004	38.550567626953125	106.93587493896484	0.0	197.9131622314453	479.2093505859375	470.96514892578125	266.15740966796875	960.0548706054688	1161.741455078125	947.0973510742188	369.3134460449219	156.43804931640625	119.73355865478516	140.7003173828125	66.25740051269531	5.027671813964844	108.9962387084961	179.56805419921875	111.68017578125	0.0	0.0	0.0	36.632606506347656	143.7353057861328	151.1370391845703	516.0926513671875	326.6938781738281	102.08817291259766	45.77953338623047	374.9074401855469	205.15966796875	0.0	14.807173728942871	215.67640686035156	48.81441116333008	439.7637634277344	466.99700927734375	292.799072265625	249.5719451904297	105.52252197265625	26.9169864654541	250.51260375976562	217.02349853515625	17.395418167114258	310.30126953125	383.68634033203125	223.89999389648438	72.7516098022461	286.8711242675781	284.9824523925781	11.786467552185059	0.0	0.0	0.0	98.84983825683594	166.1513214111328	288.8504333496094	162.0082244873047	195.4122772216797	465.6520690917969	466.79510498046875	75.21027374267578	170.6145477294922	44.89092254638672	0.0	154.27232360839844	206.5460662841797
592.8007202148438	704.78271484375	728.8723754882812	293.4691467285156	492.712890625	637.6455688476562	1115.2008056640625	235.66427612304688	88.52074432373047	892.63623046875	739.09423828125	578.469482421875	158.00514221191406	301.4429931640625	361.9055480957031	1077.5914306640625	578.4451293945312	559.9671020507812	265.25604248046875	149.4942626953125	486.1105651855469	658.3922119140625	623.1889038085938	340.7636413574219	411.7331848144531	355.699951171875	404.4618225097656	273.960693359375	258.8954772949219	571.3085327148438	924.7417602539062	590.0093994140625	365.8418273925781	239.70059204101562	174.5917205810547	40.591400146484375	282.7358703613281	81.55455017089844	110.23687744140625	41.17681121826172	204.87538146972656	378.8854064941406	192.68247985839844	105.66578674316406	127.51589965820312	223.91241455078125	40.16338348388672	134.6945037841797	259.20172119140625	290.1891784667969	83.37545013427734	0.3396759033203125	123.52528381347656	179.31057739257812	77.32288360595703	0.0	301.8055725097656	312.5784606933594	208.40887451171875	86.2913589477539	60.27724838256836	181.06365966796875	227.8511505126953	61.23557662963867	0.0	0.0	30.108989715576172	19.273046493530273	0.0	0.0	67.3572769165039	28.97576141357422	0.0	8.975464820861816	0.0	36.11647415161133	0.0	0.0	0.0	94.9478988647461	0.0	107.90172576904297	55.41181945800781	24.827796936035156	91.98744201660156	45.20966339111328	30.915874481201172	17.638538360595703	23.454988479614258	6.963385581970215	96.1998291015625	6.45139741897583	7.3450798988342285	0.0	38.425716400146484	3.523611068725586	0.0	0.0	0.0	0.0	0.0	0.0	0.0	24.835561752319336	0.0	0.0	0.0	0.0	0.0	0.0	0.0	0.0	117.61067199707031	220.9677276611328	242.63076782226562	51.73963165283203	216.61886596679688	461.49444580078125	446.7470703125	324.5906066894531	47.56352615356445	187.2107391357422	258.6556091308594	231.73963928222656	180.1254119873047	503.70025634765625	532.1881713867188	299.18609619140625	0.0	0.0	0.0	20.414405822753906	0.0	0.0	0.0	0.0	0.0	0.0	0.0	0.0	0.0	0.0	0.0	0.0	964.3766479492188	1235.4195556640625	621.3640747070312	41.93694305419922	933.7503051757812	695.8915405273438	140.4688262939453	47.20751190185547	676.2097778320312	1312.740478515625	1263.7025146484375	382.0316162109375	506.046142578125	740.226318359375	714.0110473632812	197.2858428955078	562.296630859375	695.9877319335938	402.0950927734375	205.03431701660156	559.0375366210938	838.0924072265625	791.87353515625	499.398681640625	346.13934326171875	616.8845825195312	636.1807250976562	502.6561279296875	396.6491394042969	877.1593017578125	929.0889282226562	442.59716796875	0.0	0.0	27.147239685058594	0.0	49.775115966796875	67.26488494873047	89.2834243774414	0.0	0.0	0.0	41.15235900878906	37.28793716430664	61.90242385864258	118.57429504394531	65.60538482666016	72.65037536621094	777.1749267578125	833.0145263671875	466.25653076171875	19.480331420898438	153.51080322265625	292.0718688964844	248.028076171875	111.28446960449219	633.064208984375	873.4261474609375	691.2200317382812	313.78509521484375	117.48693084716797	243.6812744140625	261.59832763671875	265.6626892089844	129.4297332763672	425.1803283691406	312.3953552246094	43.25838851928711	37.67639923095703	345.71466064453125	267.7667541503906	93.37769317626953	30.773971557617188	176.1530303955078	422.9209899902344	252.5341339111328	0.0	0.0	507.8045654296875	385.00848388671875	188.48959350585938	255.950927734375	255.01466369628906	0.0	204.72935485839844	365.54693603515625	258.88043212890625	172.82765197753906	96.93588256835938	15.65404987335205	296.0195617675781	328.9025573730469	70.32078552246094	404.222412109375	497.1108703613281	191.7061309814453	28.684505462646484	128.15818786621094	203.4063262939453	141.32568359375	252.38858032226562	82.87576293945312	121.978759765625	111.2320327758789	31.21493911743164	219.7806854248047	81.4124526977539	114.26493072509766	199.58181762695312	289.2012634277344	160.24925231933594	133.6063232421875
141.80735778808594	1128.848876953125	803.2459106445312	738.2125854492188	297.323486328125	829.9803466796875	1234.059326171875	1102.633544921875	61.66392517089844	863.4359130859375	1169.395751953125	578.8638916015625	191.5994873046875	1051.7320556640625	720.1974487304688	813.2667846679688	680.0040893554688	613.4970092773438	658.3447875976562	433.92633056640625	190.46124267578125	615.0955810546875	808.9808959960938	379.0415344238281	560.3391723632812	600.783935546875	637.505859375	324.6341552734375	434.3954162597656	658.6602783203125	799.26513671875	398.7149353027344	2.6724488735198975	258.53436279296875	27.428863525390625	155.72885131835938	169.36996459960938	283.1206970214844	313.97796630859375	308.8735046386719	136.82313537597656	134.80096435546875	256.4919738769531	79.24617004394531	25.153854370117188	167.41799926757812	80.03533935546875	74.26383209228516	182.95645141601562	220.9022216796875	282.22235107421875	122.06232452392578	127.04029846191406	116.46137237548828	76.97858428955078	0.7818533182144165	134.64756774902344	138.0850067138672	17.97273063659668	0.0	135.28268432617188	98.61612701416016	107.39553833007812	26.67104148864746	0.0	0.0	0.0	0.0	0.0	0.0	0.0	107.43411254882812	0.0	0.0	0.0	27.344131469726562	0.0	0.0	8.208431243896484	93.32862854003906	22.227487564086914	0.0	113.41972351074219	38.828269958496094	0.0	76.51459503173828	0.0	29.724918365478516	8.420792579650879	57.77162551879883	9.770135879516602	9.717536926269531	14.875213623046875	18.218891143798828	30.054012298583984	5.343901634216309	0.0	0.0	0.0	0.0	0.0	0.0	0.0	55.76765060424805	0.0	0.0	0.0	68.27911376953125	0.0	0.0	26.65244483947754	0.0	93.49848937988281	329.1064453125	294.505126953125	259.2825622558594	101.34342193603516	342.94830322265625	287.2837829589844	203.2930450439453	250.31658935546875	232.8968963623047	284.8691711425781	174.83033752441406	115.16761779785156	448.76312255859375	381.3983459472656	283.29583740234375	0.0	0.0	0.0	0.0	0.0	0.0	0.0	0.0	0.0	0.0	0.0	0.0	0.0	0.0	0.0	0.0	239.84893798828125	1004.826904296875	1038.62646484375	505.63494873046875	728.3152465820312	690.9218139648438	462.052978515625	495.25872802734375	547.8236694335938	569.8671264648438	488.3641662597656	293.94549560546875	477.3014831542969	684.8141479492188	579.8001708984375	74.86942291259766	482.95098876953125	790.6519775390625	851.6726684570312	522.2462768554688	449.55621337890625	796.4651489257812	724.89111328125	374.3892517089844	441.5840759277344	578.2113647460938	654.6270141601562	361.4580993652344	514.7565307617188	1066.8826904296875	991.5663452148438	407.83990478515625	28.764005661010742	114.93451690673828	9.233402252197266	0.0	31.154014587402344	162.60348510742188	0.0	0.0	0.0	73.76876068115234	103.75692749023438	0.0	0.0	138.88758850097656	80.33964538574219	0.0	406.6427307128906	729.0756225585938	764.4901123046875	365.8648986816406	353.71868896484375	406.17401123046875	388.1244201660156	231.1618194580078	196.8349609375	378.2122497558594	265.026123046875	31.329967498779297	389.168701171875	519.4922485351562	179.5994873046875	123.7807846069336	77.83746337890625	0.0	420.28692626953125	324.7456970214844	185.95355224609375	53.356353759765625	429.97393798828125	296.23150634765625	0.0	372.4706115722656	321.4095764160156	61.69987487792969	86.40716552734375	30.013240814208984	252.9009246826172	108.54310607910156	339.6957092285156	297.276611328125	402.4469299316406	430.1485290527344	0.0	446.7948913574219	345.12481689453125	28.664939880371094	241.12388610839844	257.2147521972656	201.23570251464844	260.9813537597656	52.75550079345703	240.1867218017578	334.9248352050781	126.80133819580078	0.0	139.10520935058594	99.055908203125	119.62532043457031	139.05616760253906	172.19740295410156	275.60479736328125	319.49249267578125	87.54688262939453	163.36485290527344	218.66824340820312	316.8392028808594	0.0	86.30905151367188	83.54075622558594	133.72889709472656
293.3045349121094	1163.0020751953125	725.960693359375	765.794677734375	505.3418884277344	870.8267822265625	1063.1361083984375	1106.4647216796875	406.907958984375	1139.5029296875	836.9661254882812	574.8165893554688	653.5328979492188	988.1416625976562	880.4896850585938	1175.4010009765625	658.849365234375	501.5551452636719	658.0145263671875	424.98046875	534.5733642578125	612.8543090820312	800.1590576171875	404.2403259277344	711.2899780273438	589.54150390625	610.571533203125	355.86151123046875	269.9275207519531	598.783447265625	956.65625	583.060546875	135.76646423339844	317.48980712890625	18.87740135192871	145.37142944335938	194.0654754638672	212.7597198486328	207.06922912597656	186.19569396972656	66.86038208007812	333.1934814453125	213.31353759765625	72.77767181396484	140.77920532226562	235.51678466796875	170.6705780029297	198.69432067871094	188.09286499023438	175.78408813476562	151.1967010498047	35.81132507324219	79.5143814086914	96.46454620361328	64.89744567871094	0.0	156.55035400390625	188.79103088378906	60.561729431152344	29.512863159179688	140.6875	367.1745300292969	326.2169189453125	90.2063980102539	0.0	0.0	0.0	3.929422378540039	0.0	0.0	0.0	71.99933624267578	0.0	11.518317222595215	0.0	50.47320556640625	0.0	0.0	0.0	123.34721374511719	3.2150418758392334	0.0	103.94686889648438	3.2383499145507812	4.728701114654541	43.42173385620117	0.0	0.0	0.0	0.0	48.78550338745117	0.0	57.20546340942383	115.27454376220703	24.436473846435547	29.387990951538086	0.0	0.0	0.0	0.0	0.0	0.0	0.0	16.108556747436523	0.0	0.0	0.0	0.0	0.0	0.0	0.0	9.36577320098877	78.14226531982422	282.2681884765625	280.0196228027344	151.30615234375	250.6868896484375	239.51510620117188	426.38006591796875	290.48773193359375	213.3865966796875	385.9657287597656	307.7271423339844	210.2788848876953	239.6376953125	559.2610473632812	534.829833984375	331.46661376953125	0.0	0.0	0.0	0.0	0.0	0.0	0.0	0.0	0.0	0.0	0.0	0.0	0.0	0.0	0.0	0.0	421.45184326171875	947.87109375	748.8785400390625	259.43756103515625	756.2196044921875	724.8187866210938	337.175537109375	448.4343566894531	236.1724853515625	954.208984375	957.831787109375	215.15760803222656	782.4710693359375	660.8050537109375	315.5965576171875	318.673828125	478.3619689941406	735.4594116210938	710.0875244140625	377.9075622558594	424.89794921875	779.6521606445312	806.1705322265625	449.79266357421875	597.8294677734375	654.031005859375	665.8966064453125	476.7552185058594	677.7991943359375	1122.89697265625	1127.680419921875	508.9387512207031	37.30470657348633	102.2311782836914	17.38164520263672	0.0	135.8812255859375	167.455810546875	78.17359161376953	0.0	88.63063049316406	69.45647430419922	118.42455291748047	0.0	126.76690673828125	196.0750274658203	41.097129821777344	4.533409118652344	514.0113525390625	663.6534423828125	538.40234375	252.26681518554688	365.44586181640625	342.9664001464844	377.3237609863281	171.59092712402344	419.1931457519531	651.3001098632812	482.1069641113281	125.50879669189453	616.3541259765625	741.6149291992188	741.1755981445312	415.5674133300781	92.49370574951172	2.7921650409698486	365.9239501953125	175.13754272460938	123.88755798339844	156.5988311767578	386.83447265625	145.4786376953125	74.03192138671875	207.6621551513672	471.5285339355469	280.77325439453125	187.6038055419922	39.01053237915039	441.20587158203125	222.50294494628906	251.86744689941406	212.55751037597656	411.3228454589844	363.1454772949219	247.66831970214844	463.3519287109375	299.2445068359375	209.9690704345703	297.2046813964844	164.733642578125	320.2242736816406	378.51983642578125	0.0	350.99420166015625	464.0072326660156	76.0060806274414	0.0	186.68202209472656	56.15814208984375	109.47380065917969	87.12629699707031	134.80284118652344	121.9447250366211	210.7801513671875	0.0	251.88137817382812	157.65220642089844	159.46116638183594	142.62274169921875	113.83040618896484	68.6881332397461	130.33163452148438
124.80704498291016	699.2318115234375	847.5375366210938	896.3175659179688	98.91297149658203	641.6622924804688	944.521728515625	1097.7574462890625	575.83447265625	615.0415649414062	540.7762451171875	842.3449096679688	504.5244445800781	344.64361572265625	1247.7379150390625	1013.672607421875	324.5282897949219	477.1869201660156	720.7586669921875	539.76171875	545.649658203125	840.7713623046875	1038.0946044921875	447.1734619140625	296.1686096191406	517.9774780273438	723.3267822265625	397.2940673828125	596.5302734375	995.15966796875	942.4940185546875	342.4742736816406	41.571006774902344	265.34478759765625	195.2136688232422	238.92398071289062	0.0	26.57642936706543	290.7153625488281	343.029541015625	413.1854553222656	391.668212890625	222.71922302246094	140.54864501953125	16.816194534301758	0.0	282.5331115722656	133.57986450195312	205.4602813720703	262.3381652832031	273.861083984375	149.37353515625	247.9678497314453	328.64959716796875	287.23760986328125	38.62046432495117	142.93536376953125	144.10336303710938	8.526667594909668	22.33027458190918	351.1787414550781	341.7728576660156	165.36460876464844	52.163875579833984	0.0	0.0	0.0	35.24399185180664	0.0	0.0	0.0	143.60089111328125	0.0	0.0	0.0	100.97150421142578	0.0	0.0	20.611865997314453	80.13404083251953	3.6223037242889404	0.0	73.24504852294922	90.54737091064453	11.661720275878906	54.43904495239258	54.65842819213867	41.03575897216797	0.0	0.0	44.62649154663086	0.0	81.62428283691406	44.00127029418945	56.51936340332031	51.79497528076172	0.0	0.0	0.0	0.0	0.0	0.0	0.0	0.0	0.0	0.0	0.0	8.68844985961914	0.0	0.0	0.0	50.479698181152344	57.65825271606445	228.44105529785156	271.0687561035156	180.72825622558594	329.7193908691406	444.6239929199219	444.6304931640625	347.0605163574219	220.98440551757812	226.69332885742188	219.3282012939453	185.22222900390625	547.7325439453125	552.49365234375	415.19378662109375	232.33615112304688	0.0	0.0	0.0	0.0	0.0	0.0	0.0	0.0	0.0	0.0	0.0	0.0	0.0	0.0	0.0	0.0	456.1255798339844	1121.08642578125	1180.4566650390625	742.2056884765625	195.64634704589844	408.4158935546875	621.8703002929688	556.9790649414062	994.9602661132812	1413.1728515625	1269.3465576171875	343.775390625	257.0362854003906	110.03819274902344	460.57867431640625	411.05810546875	257.4910583496094	789.6187744140625	959.0144653320312	688.5006713867188	670.1741943359375	986.3137817382812	930.6290283203125	506.6064453125	424.346923828125	731.3373413085938	731.1390991210938	347.18267822265625	1008.9639282226562	1020.9694213867188	661.1527709960938	392.0669250488281	5.796854496002197	69.2601547241211	17.849992752075195	0.0	139.55117797851562	142.85154724121094	80.83721160888672	0.0	34.94566345214844	21.948179244995117	118.15740966796875	0.0	156.45394897460938	111.10192108154297	0.0	0.0	354.5284423828125	964.4847412109375	982.569580078125	565.2315063476562	558.6513671875	912.96923828125	831.78369140625	320.53204345703125	853.51806640625	991.128662109375	381.0383605957031	67.83280944824219	624.7172241210938	796.9166870117188	661.3528442382812	219.49049377441406	0.0	98.87479400634766	450.67901611328125	467.3519287109375	0.0	0.0	192.76014709472656	198.9256591796875	226.2894744873047	176.8767852783203	548.1450805664062	186.00184631347656	0.0	0.0	237.84605407714844	3.1733343601226807	136.7831573486328	183.0458526611328	382.9241943359375	303.8511962890625	187.73167419433594	239.9342498779297	183.08624267578125	195.376953125	42.97549819946289	319.7005310058594	422.7730712890625	258.5170593261719	349.8720397949219	512.87451171875	270.6933288574219	0.0	0.0	93.6679916381836	144.87460327148438	197.98899841308594	0.0	260.33441162109375	132.5457000732422	298.867919921875	384.2976379394531	381.1270751953125	144.3702392578125	212.4060516357422	177.35745239257812	96.22135925292969	225.2706298828125	171.98098754882812
143.444091796875	736.2382202148438	776.3909912109375	743.1689453125	133.5872039794922	487.4643249511719	1182.70703125	1045.7530517578125	273.8155822753906	811.1392822265625	1067.75341796875	310.8896484375	318.5400085449219	426.0830078125	541.6082153320312	824.8786010742188	464.1163024902344	549.9374389648438	719.0549926757812	607.0155639648438	473.0767517089844	922.1465454101562	948.7648315429688	573.889404296875	473.44989013671875	518.75341796875	456.9906005859375	393.66241455078125	552.988037109375	1014.4188232421875	1036.5345458984375	516.8121337890625	113.37449645996094	349.1697998046875	85.89411163330078	87.0816421508789	202.45486450195312	190.87118530273438	346.1728820800781	340.20245361328125	126.923583984375	354.4260559082031	358.5723876953125	218.08592224121094	341.4541320800781	309.8471984863281	0.0	109.29658508300781	270.558349609375	333.51226806640625	301.9463806152344	81.11824035644531	41.77348709106445	216.5275421142578	203.39761352539062	104.37052154541016	225.31759643554688	255.78564453125	18.980731964111328	20.611614227294922	0.0	215.43829345703125	257.63458251953125	109.27360534667969	0.0	0.0	0.0	20.558744430541992	0.0	0.0	0.0	98.70122528076172	0.0	0.0	0.0	32.99884033203125	0.0	0.0	0.0	67.46593475341797	23.244766235351562	0.0	133.533203125	51.82893371582031	0.0	34.50033187866211	0.0	84.35099792480469	44.077964782714844	44.18571853637695	59.878623962402344	50.477508544921875	0.0	84.49482727050781	56.757869720458984	3.8892884254455566	0.0	0.0	0.0	0.0	0.0	0.0	0.0	1.214188575744629	0.0	0.0	0.0	27.367685317993164	0.0	0.0	0.0	0.0	43.11463165283203	251.657470703125	264.3625183105469	261.8587951660156	326.8016052246094	401.0714416503906	383.7839660644531	294.220947265625	183.88372802734375	320.6671447753906	426.6203308105469	234.58026123046875	536.7725830078125	608.703369140625	473.17596435546875	332.7104187011719	0.0	0.0	0.0	0.0	0.0	0.0	0.0	0.0	0.0	0.0	0.0	0.0	0.0	0.0	0.0	0.0	745.68310546875	1330.6680908203125	1228.889404296875	385.83746337890625	726.7994995117188	837.3140258789062	661.5861206054688	831.45458984375	814.0313110351562	1241.823974609375	1017.5396118164062	769.3475341796875	1140.2266845703125	1302.6148681640625	621.29296875	141.18795776367188	456.2997131347656	874.2286987304688	1044.2122802734375	711.28466796875	613.841064453125	729.5615234375	795.2178955078125	585.0328369140625	670.3662719726562	936.1249389648438	923.845947265625	549.400146484375	884.8232421875	1129.9249267578125	1095.960205078125	596.6619873046875	0.0	40.22273635864258	0.0	46.824649810791016	76.91168975830078	154.46046447753906	0.0	0.0	0.0	37.42597579956055	42.561927795410156	0.0	110.75163269042969	98.83281707763672	13.1378812789917	0.0	635.0745239257812	1050.2276611328125	885.1351318359375	363.13671875	167.334716796875	505.76531982421875	803.7472534179688	534.552978515625	954.004638671875	952.732666015625	545.432861328125	26.56466293334961	362.31744384765625	307.39752197265625	529.552490234375	462.3897705078125	93.6020736694336	203.53932189941406	504.853271484375	402.2132873535156	0.0	158.51593017578125	363.2044677734375	263.9338073730469	183.4490203857422	254.34262084960938	97.16707611083984	206.15489196777344	41.21262741088867	188.8084716796875	287.4599609375	28.770923614501953	138.6636962890625	199.3946075439453	441.2598571777344	395.70367431640625	328.6847229003906	420.8021240234375	491.6960754394531	0.0	101.73580932617188	26.93326187133789	443.3514099121094	400.54840087890625	279.1883850097656	402.7869567871094	482.8118591308594	266.14532470703125	0.0	26.62397003173828	88.20525360107422	126.54402923583984	187.2861328125	227.9729461669922	173.1869659423828	202.05027770996094	0.0	250.69216918945312	393.5345458984375	369.75238037109375	187.15748596191406	221.7067108154297	0.0	108.81119537353516
44.80363845825195	545.4364013671875	356.87451171875	1143.1700439453125	559.3665771484375	1128.4954833984375	565.1068115234375	1282.302001953125	851.8775634765625	1111.653564453125	1030.8460693359375	1237.97216796875	413.0174865722656	272.17681884765625	1159.201416015625	394.2522888183594	431.8305969238281	285.327392578125	618.793212890625	470.08697509765625	644.515380859375	729.7255249023438	840.9208984375	454.1832580566406	580.676025390625	621.5200805664062	556.88037109375	272.47784423828125	330.96746826171875	667.139404296875	453.3125915527344	192.06112670898438	2.417217493057251	53.994747161865234	18.51828956604004	168.59317016601562	0.0	37.211585998535156	8.794161796569824	208.7785186767578	401.1552429199219	269.2275390625	362.9407958984375	246.0360870361328	423.3029479980469	123.37474060058594	299.9566955566406	107.13648223876953	52.41801834106445	0.0	92.80253601074219	50.569435119628906	50.85527801513672	78.92887115478516	84.87500762939453	0.0	262.9698791503906	323.8606872558594	218.23345947265625	33.72608947753906	129.080810546875	178.15040588378906	12.541833877563477	8.839763641357422	0.0	0.0	0.0	13.154722213745117	0.0	2.214928150177002	0.0	25.609256744384766	0.0	0.0	0.0	24.65549659729004	0.0	0.0	55.65500259399414	74.98036193847656	0.0	0.0	9.460660934448242	0.0	0.0	0.0	24.65694808959961	3.9199838638305664	0.0	25.243446350097656	17.51302146911621	20.32734489440918	52.032997131347656	16.63091278076172	11.646827697753906	29.389328002929688	0.0	0.0	0.0	0.0	0.0	0.0	0.0	0.0	0.0	0.0	0.0	21.039350509643555	0.0	16.855321884155273	30.070396423339844	52.62434387207031	80.95780181884766	65.90862274169922	94.52501678466797	111.40245056152344	376.82977294921875	385.9467468261719	370.91162109375	244.8627166748047	246.62701416015625	287.8760070800781	204.65701293945312	164.494873046875	174.8046875	278.63629150390625	318.199951171875	164.56016540527344	49.89276885986328	9.11854362487793	50.51724624633789	0.0	21.881593704223633	0.0	0.0	0.0	0.0	0.0	0.0	0.0	0.0	0.0	0.0	53.30711364746094	87.22561645507812	73.59303283691406	103.79013061523438	139.97267150878906	125.83770751953125	70.70632934570312	95.84972381591797	164.4296112060547	1130.759765625	1252.17822265625	944.6205444335938	508.6780090332031	1154.098876953125	908.244140625	410.8094482421875	225.48072814941406	59.87674331665039	21.386775970458984	254.43690490722656	183.5482177734375	702.7990112304688	750.45751953125	803.8753662109375	325.9302673339844	672.487060546875	812.7813720703125	744.2918090820312	358.9073486328125	613.1767578125	716.367431640625	520.1909790039062	337.6646728515625	70.93940734863281	43.850738525390625	38.273685455322266	69.7203369140625	141.89158630371094	95.87205505371094	40.17564392089844	90.61463165283203	29.98261833190918	0.0	0.0	0.0	30.352609634399414	19.388931274414062	28.37432861328125	0.0	12.765885353088379	0.6905147433280945	94.84344482421875	78.63092803955078	35.16425323486328	122.81734466552734	253.1273651123047	157.52383422851562	886.6451416015625	860.70654296875	773.4326171875	262.304931640625	236.84561157226562	282.83843994140625	251.24888610839844	82.4210433959961	60.27231216430664	89.28274536132812	83.06214141845703	282.4358215332031	123.35548400878906	0.0	206.04856872558594	220.07069396972656	176.17333984375	176.031982421875	429.8739013671875	76.30509948730469	156.1156005859375	416.3155822753906	358.7044677734375	71.20089721679688	362.182861328125	341.9751892089844	283.28729248046875	316.2559509277344	457.5979919433594	380.379150390625	256.5230407714844	152.5977020263672	114.26422882080078	250.8125457763672	276.7499084472656	0.0	186.9814910888672	283.4781494140625	119.23857879638672	0.0	0.0	68.50577545166016	0.0	142.81166076660156	0.0	29.952083587646484	0.0	199.65147399902344	67.59954833984375	26.25609588623047	299.98602294921875	260.08087158203125	357.14471435546875	182.38771057128906	319.85443115234375	208.37225341796875
